qid,category,question,option_a,option_b,option_c,option_d,correct_answer,explanation
1,Introduction,"In SPL, what does the pipe character (|) between commands do?",Runs the two commands in parallel and then merges their results into a single set,Separates optional arguments from required arguments in the syntax,Passes the results of the command on its left to the command on its right,Marks the start of a subsearch inside square brackets,C,"The pipe sends the output of one command to the next, forming a search pipeline."
2,Introduction,How do you write a subsearch in SPL?,Enclosed in parentheses ( ),Enclosed in square brackets [ ],Enclosed in curly braces { },Preceded by a double pipe ||,B,"Subsearches are enclosed in square brackets, for example: index=web [search index=auth | fields user]."
3,Introduction,Which command creates a new field or overwrites an existing field using an expression?,rename,fields,table,eval,D,The eval command calculates an expression and stores the result in a field.
4,Introduction,"In SPL command syntax, how are required arguments indicated?","Enclosed in quotation marks "" """,Enclosed in square brackets [ ],Enclosed in angle brackets < >,Enclosed in curly braces { } in the syntax,C,'Required arguments are shown in angle brackets < >.'
5,Introduction,"In SPL command syntax, how are optional arguments indicated?",Enclosed in square brackets [ ],Preceded by a question mark ?,Enclosed in parentheses ( ),Enclosed in angle brackets < >,A,'Optional arguments are enclosed in square brackets [ ].'
6,Introduction,"Given the syntax bin [<bins-options>...] <field> [AS <newfield>], what is the minimum you must specify to use the bin command?",bin <field>,bin AS <newfield>,bin <field> AS <newfield>,bin <bins-options>,A,"'The required argument is <field>. To use this command, at a minimum you must specify bin <field>.'"
7,Introduction,"In the syntax replace (<wc-string> WITH <wc-string>)... [IN <field-list>], what does the <wc-string> argument indicate about the value you provide?",It accepts a wildcard character in the string,It must be enclosed in double quotation marks,It must match an existing field name exactly,It accepts only numeric values,A,'<wc-string> is an abbreviation for <wildcard-string> and indicates that the argument accepts a wildcard character in the string that you provide.'
8,Introduction,Where does the ellipsis (...) appear in SPL syntax relative to the part of the argument that can be repeated?,At the very beginning of the command syntax,Immediately before the repeatable part of the syntax,Immediately after the repeatable part of the syntax,Inside the angle brackets of the repeatable argument,C,'The ellipsis always appear immediately after the part of the syntax that you can repeat.'
9,Introduction,What is the purpose of parentheses ( ) in SPL command syntax?,To mark a keyword that must be uppercase,To show that an argument accepts wildcards,To group arguments that must be used together,To indicate that an argument is required,C,"'Parenthesis ( ) are used to group arguments,' as shown by the grouped argument (<wc-string> WITH <wc-string>)... in the replace command."
10,Introduction,"How can keywords such as AS, BY, OVER, and WHERE be typed when you write a search?",In either uppercase or lowercase,Only in the exact case shown in the syntax documentation,Only in uppercase,Only in lowercase,A,"'You can specify these keywords in uppercase or lowercase in your search,' though documentation uses uppercase for readability."
11,Introduction,"In the chart command syntax, why must the <eval-expression> be enclosed in parentheses in your search?",Because quotation marks mean the parentheses are required,Because parentheses mark a keyword that must be uppercase,Because parentheses show the argument accepts wildcards,Because parentheses indicate the argument is optional,A,"The parentheses around <eval-expression> appear in quotation marks, and 'If an element is in quotation marks, you must include that element in your search.'"
12,Introduction,Which of the following values can represent a true boolean value in SPL?,Only the strings 'yes' or 'Y',Only the string 'true' or 'T',"'t', 'T', 'TRUE', 'yes', or 1",Only the number one (1),C,"The data types table states, 'for true you can also use \'t\', \'T\', \'TRUE\', \'yes\', or the number one ( 1 ).'"
13,Introduction,What is the key difference between a <by-clause> and a <split-by-clause> in SPL syntax?,A by-clause is always optional while a split-by-clause is always required,A by-clause accepts wildcard characters while a split-by-clause does not,"A by-clause displays each unique item in a separate column, while a split-by-clause displays each unique item in a separate row","A by-clause displays each unique item in a separate row, while a split-by-clause displays each unique item in a separate column",D,"A by-clause 'displays each unique item in a separate row,' while 'the split-by-clause displays each unique item in a separate column.'"
14,Introduction,"In a basic search, how does Splunk treat case for field names and field values?",Both field names and values are case-insensitive in searches,Both field names and field values are case-sensitive always,Field names are case-insensitive; values are case-sensitive,Field names are case-sensitive; basic search values are not,D,"Field names are case-sensitive (status is not Status), while field values in a basic search term such as status=Error are matched case-insensitively."
15,Introduction,"Which command displays results as a table containing only the fields you specify, in the order you specify them?",table,chart,stats,rename,A,"The table command returns a table of the named fields, in the order given."
16,Introduction,"If you run the head command without a number, how many results does it return by default?",1,5,100,10,D,head returns the first 10 results by default.
17,Introduction,"Which command returns the last N results of a search (default 10), in reverse order?",head,tail,reverse,sort,B,"tail returns the last N results, with the most recent first."
18,Introduction,What does the top command return by default for a field?,"The 10 most recent events for that field, ordered by _time","The 10 most common values, with count and percent columns","The first 10 events by time, with a count of each field value","The 10 largest numeric values of the field, sorted descending",B,top returns the most common field values (10 by default) along with count and percent.
19,Quick Reference,Which command finds the least common values of a field?,least,bottom,tail,rare,D,rare is the opposite of top; it returns the least common values of a field.
20,Quick Reference,Which stats function counts the number of distinct values of a field?,count,dc,mode,range,B,dc(field) (distinct_count) returns the number of unique values of a field.
21,Quick Reference,"Which command runs a search once for each result of the main search, substituting field values into the search?",map,join,append,transpose,A,"map runs a subsearch for each input result, substituting field values as $field$ tokens."
22,Quick Reference,What does the abstract command do?,Produces a summary of each search result,Produces a summary of each search index,Removes duplicate search results,Highlights terms within each search result,A,"The table lists abstract as producing 'a summary of each search result,' related to highlight."
23,Quick Reference,What does the accum command do?,Sets up data for calculating the moving average,Computes the difference in field value between nearby results,Adds summary statistics to all search results,Keeps a running total of the specified numeric field,D,Accum as keeping 'a running total of the specified numeric field.'
24,Quick Reference,"Which command computes a single event containing the sum of all numeric fields for the events that preceded it, rather than computing a total for each individual result?",eventstats,accum,addtotals,addcoltotals,D,"Addcoltotals 'computes an event that contains sum of all numeric fields for previous events,' unlike addtotals, which computes a sum for each result."
25,Quick Reference,How does the appendcols command combine subsearch results with the current results?,"It appends subsearch fields to the current results, first-to-first, second-to-second",It applies a subpipeline to the current result set and appends the outcome to the results,It appends the subsearch results as additional rows at the end of the current results,It joins the subsearch results with the current results using itself as the key,A,"Appendcols 'appends the fields of the subsearch results to current results, first results to first result, second to second, etc.'"
26,Quick Reference,What does the bin (bucket) command do?,Keeps a running total of continuous numerical values,Converts categorical values into numeric ranges for charting,Puts continuous numerical values into discrete sets,Groups similar events into clusters,C,Bin (bucket) as putting 'continuous numerical values into discrete sets.'
27,Quick Reference,What does the cluster command do?,Clusters similar events together,Removes outlying numerical values,Performs k-means clustering on selected fields,Computes an unexpectedness score for an event,A,The table describes cluster as clustering 'similar events together.'
28,Quick Reference,What does the cofilter command do?,Calculates the correlation between different fields,Builds a contingency table for two fields,Identifies correlations between fields,Finds how often field1 and field2 values occur together,D,"Cofilter 'finds how many times field1 and field2 values occurred together,'."
29,Quick Reference,Which command is closely related to dedup?,uniq,cluster,delete,bucketdir,A,The table lists uniq as the related command for dedup.
30,Quick Reference,What does the extract (kv) command do?,Extracts field-value pairs from search results,Extracts values from search results using a form template,Extracts XML key-value pairs,Extracts field-values from table-formatted events,A,"Extract (kv) 'extracts field-value pairs from search results,'."
31,Quick Reference,What does the fieldformat command do?,Calculates an expression and puts the value into a field,"Renames a specified field, and allows wildcards to specify multiple fields at once","Expresses how to render a field at output time, without changing its value",Replaces values of specified fields with a specified new value,C,Fieldformat 'expresses how to render a field at output time without changing the underlying value.'
32,Quick Reference,What does the foreach command do?,Runs a templatized streaming subsearch for each field in a wildcard list,Takes the results of a subsearch and formats them into a single result row,Performs a search over each search result as a looping operator,Runs multiple streaming searches at the same time,A,Foreach 'runs a templatized streaming subsearch for each field in a wildcarded field list.'
33,Quick Reference,What does the join command do?,Joins results with itself,Combines the results of a subsearch with the results of a main search,Appends the fields of the subsearch results to current results,Explicitly invokes field value lookups,B,Join is described as combining 'the results of a subsearch with the results of a main search.'
34,Quick Reference,What does the kvform command do?,Extracts field-values from table-formatted events,Allows you to specify example values to automatically extract fields,Extracts field-value pairs from search results,"Extracts values from search results, using a form template",D,"Kvform 'extracts values from search results, using a form template.'"
35,Quick Reference,What does the makemv command do?,Combines events with a single differing field value into a multivalue field,Changes a specified multivalued field into a single-value field at search time,Changes a specified field into a multivalued field during a search,Expands the values of a multivalue field into separate events again,C,Makemv is described as changing 'a specified field into a multivalued field during a search.'
36,Quick Reference,Where does the mcollect command insert the metric data it creates?,Into a metric index on the search head,Into a summary index,Into a tsidx file for later use by tstats,Into a metric index on the indexers,A,Mcollect 'converts search results into metric data and inserts the data into a metric index on the search head.'
37,Quick Reference,What does the mvcombine command do?,Expands the values of a multivalue field into separate events for each value,Changes a specified multivalued field into a single-value field at search time,Combines events that differ in one field into a single multivalue result,Changes a specified field into a multivalued field during a search,C,Mvcombine 'combines events in search results that have a single differing field value into one result with a multivalue field of the differing field.'
38,Quick Reference,What is the msearch command?,An alias for the mstats command,A deprecated version of mpreview,A command that writes results into a metric index,An alias for the mpreview command,D,Msearch is 'Alias for the mpreview command.'
39,Quick Reference,What does the overlap command do?,Uses a duration field to find the number of concurrent events,Returns the number of events in an index,Puts search results into a summary index,Finds time-overlapping or missing events in a summary index,D,Overlap 'finds events in a summary index that overlap in time or have missed events.'
40,Quick Reference,What does the predict command do?,Enables you to determine trend by removing the seasonal pattern,Sets RANGE field to the name of the ranges that match,Computes moving averages of fields,Uses time series algorithms to predict future field values,D,Predict 'enables you to use time series algorithms to predict future values of fields.'
41,Quick Reference,What does the rex command do?,Allows you to specify example values to automatically extract similar fields,Removes results that do not match the specified regular expression,Specifies a Perl regular expression named groups to extract fields while you search,Extracts XML key-value pairs,C,Rex lets you 'specify a Perl regular expression named groups to extract fields while you search.'
42,Quick Reference,What does the sichart command do?,Summary indexing version of the timechart command,Summary indexing version of the chart command,Summary indexing version of the stats command,Summary indexing version of the rare command,B,Sichart is described as the 'Summary indexing version of the chart command.'
43,Quick Reference,What does the stats command do?,Adds summary statistics to all of the search results,Adds summary statistics to all search results in a streaming manner,Computes the sum of all numeric fields for each result,"Provides statistics, grouped optionally by fields",D,"Stats 'provides statistics, grouped optionally by fields.'"
44,Quick Reference,Which command adds summary statistics to all search results in a streaming manner?,stats,sistats,streamstats,eventstats,C,Streamstats 'adds summary statistics to all search results in a streaming manner.'
45,Quick Reference,What does the timewrap command do?,Creates a time series chart and corresponding table of statistics,Computes moving averages of fields,Wraps timechart output so each span becomes its own series,Reformats rows of search results as columns,C,"Timewrap 'displays, or wraps, the output of the timechart command so that every timewrap-span range of time is a different series.'"
46,Quick Reference,Which command appends the results of a subsearch to the end of the main results as additional rows?,appendcols,join,append,lookup,C,append adds subsearch results as extra rows; appendcols adds them as extra columns.
47,Quick Reference,"Which command lists the sources, sourcetypes, or hosts in an index, along with first-seen and last-seen times?",typeahead,metadata,dbinspect,eventcount,B,"metadata returns information about hosts, sources, or sourcetypes in an index, including firstTime, lastTime, and totalCount."
48,Quick Reference,What does the dbinspect command return?,Bucket information for the specified indexes,Event counts by sourcetype for each specified index,Field statistics for the specified data model,Saved search definitions and their schedules,A,"dbinspect returns information about the buckets in an index (state, size, event count, time range)."
49,Quick Reference,Which command deletes specific events or search results so they are no longer searchable?,remove,drop,delete,purge,C,The delete command masks events from all future searches; it requires the can_delete role.
50,Quick Reference,Which summary indexing command is the counterpart of stats?,sitop,sichart,sistats,sirare,C,sistats computes what is needed to later run a stats search against the summary index.
51,Quick Reference,Which summary indexing command is the counterpart of rare?,sitop,sichart,sistats,sirare,D,sirare computes what is needed to later run a rare search against the summary index.
52,Quick Reference,Which command concatenates string values and saves the result to a specified field?,iplocation,rangemap,strcat,addtotals,C,"Under 'Add fields', strcat 'concatenates string values and saves the result to a specified field.'"
53,Quick Reference,Which command provides a straightforward means for extracting fields from structured data formats such as XML and JSON?,xmlkv,erex,kvform,spath,D,"Spath 'provides a straightforward means for extracting fields from structured data formats, XML and JSON.'"
54,Quick Reference,Which command changes a specified multivalue field into a single-value field at search time?,mvcombine,nomv,mvexpand,makemv,B,Nomv 'changes a specified multivalue field into a single-value field at search time.'
55,Quick Reference,Which command performs k-means clustering on selected fields?,kmeans,outlier,cluster,anomalousvalue,A,"Kmeans 'performs k-means clustering on selected fields,'."
56,Quick Reference,Which alias can be used for the analyzefields command?,af,anof,anfields,afld,A,"The table lists the command as 'analyzefields, af.'"
57,Quick Reference,What does the geom command require to be installed?,A data model that defines geographic field types,An external lookup with external_type=geo,A KV Store lookup that holds the geo fields,A CSV lookup file that has geo columns,B,Geom 'requires an external lookup with external_type=geo to be installed.'
58,Quick Reference,Where does the meventcollect command insert converted metric data points?,Into a summary index,Into a metric index on the indexer tier,Into a metric index on the search head,Into a tsidx file,B,Meventcollect 'converts events into metric data points and inserts the data points into a metric index on indexer tier.'
59,Quick Reference,Which command enables you to determine a trend by removing the seasonal pattern in your data?,autoregress,trendline,x11,predict,C,X11 'enables you to determine the trend in your data by removing the seasonal pattern.'
60,Quick Reference,Which command transforms results into a format suitable for display by the Gauge chart types?,untable,gauge,transpose,xyseries,B,Gauge 'transforms results into a format suitable for display by the Gauge chart types.'
61,Quick Reference,Which of the following is an alias for the bin command?,chart,makecontinuous,discretize,timechart,C,discretize (like bucket) is an alias for bin.
62,Quick Reference,What does the tstats command do?,Adds summary statistics to all search results in a streaming manner,Calculates statistics for measurement and dimension fields in metric indexes,Performs statistical queries on indexed fields in tsidx files,Writes results into tsidx files for later use by other commands,C,The Reports category describes tstats as performing 'statistical queries on indexed fields in tsidx files.'
63,Quick Reference,Which command sends search results by email?,sendalert,require,sendemail,sendlog,C,sendemail emails search results to specified recipients.
64,Quick Reference,What does the selfjoin command do?,Appends the subsearch results' fields to current results in order,Appends subsearch results to current results,Joins the results of a search with itself,Combines the main search's results with those of a subsearch,C,Selfjoin is described in the Appending category as 'Joins results with itself.'
65,Quick Reference,What does the fields command do?,Removes the specified fields from all search results,Removes results that do not match a specified regular expression,Removes subsequent results that match a specified criteria,Removes any search that is an exact duplicate of a previous result,A,"Under Filtering, fields is described as 'Removes fields from search results.'"
66,Quick Reference,What does the uniq command do?,Removes fields from search results,Removes subsequent results that match a specified criteria,Removes results that do not match a specified regular expression,Removes any search that is an exact duplicate with a previous result,D,Uniq 'removes any search that is an exact duplicate with a previous result.'
67,Quick Reference,Which command is useful for fixing X- and Y-axis display issues with charts by turning rows into columns?,transpose,untable,xyseries,fieldformat,A,"Transpose is 'useful for fixing X- and Y-axis display issues with charts, or for turning sets of data into a series to produce a chart.'"
68,Quick Reference,Which command is implicit at the start of every search pipeline that does not begin with another generating command?,gentimes,search,loadjob,makeresults,B,Search 'is implicit at the start of every search pipeline that does not begin with another generating command.'
69,Quick Reference,Which command generates suggested eventtypes?,typer,cluster,transaction,typelearner,D,"Typelearner 'generates suggested eventtypes,'."
70,Quick Reference,What do the sort and reverse commands have in common?,They combine one set of results with another,They remove fields or events from the results,They add new fields to the results,They both change the order of the current results,D,Both commands reorder the results that are already in the pipeline.
71,Quick Reference,"Which of the following commands is NOT used to read data into a search from a file, lookup, or previous job?",inputlookup,inputcsv,outputcsv,loadjob,C,"The Reading category lists inputcsv, inputlookup, and loadjob; outputcsv is listed under the Writing category instead."
72,Quick Reference,Which alternate name (alias) can be used for the collect command?,outputlookup,sendemail,stash,mcollect,C,"The Writing category lists the command as 'collect, stash.'"
73,Quick Reference,"Which command forces the commands after it to run on the search head, rather than on the indexers?",map,redistribute,sendalert,localop,D,localop runs the subsequent commands locally on the search head.
74,Quick Reference,Which command takes the results of a subsearch and formats them into a single result?,return,join,multisearch,format,D,"Format 'takes the results of a subsearch and formats them into a single result,'."
75,Quick Reference,What does the multisearch command do?,Runs a templated streaming subsearch for each field in a wildcarded field list,Runs multiple streaming subsearches at the same time,Combines the results of a subsearch with the results of a main search,Specifies the values to return from a subsearch to the outer search,B,"Multisearch 'runs multiple streaming subsearches at the same time,'."
76,Quick Reference,Which command generates a list of time ranges in which search results were found?,localize,trendline,timechart,timewrap,A,localize returns time ranges (regions) that contain events from the search.
77,Quick Reference,Which of the following is one of the broad types of SPL search commands?,Recursive,Deprecated,Transforming,Cached,C,"The six broad types are distributable streaming, centralized streaming, transforming, generating, orchestrating, and dataset processing."
78,Quick Reference,What distinguishes a centralized streaming command from a distributable streaming command?,"A centralized streaming command only works on the search head, while a distributable streaming command can run on the indexer or the search head","A centralized streaming command generates results, while a distributable streaming command only filters them","A centralized streaming command requires the entire dataset before it can run, while a distributable streaming command does not","A centralized streaming command can run on the indexer or the search head, while a distributable streaming command only works on the search head",A,"A centralized streaming command 'only works on the search head,' unlike a distributable streaming command, which 'runs on the indexer or the search head.'"
79,Quick Reference,Where is a distributable streaming command processed if it comes after a non-streaming command in the search?,On whichever peer received the search first,It is skipped entirely,On the indexer,On the search head,D,'Any distributable streaming command that comes after a non-streaming command in the search is processed on the search head.'
80,Quick Reference,When does addtotals become a transforming command rather than a distributable streaming command?,When run as the first command in the search,When the field-list argument is omitted,"When used to calculate row totals, not column totals","When used to calculate column totals, not row totals",D,Addtotals is 'Distributable streaming. A transforming command when used to calculate column totals (not row totals).'
81,Quick Reference,When is the bin command a streaming command?,When local=true is specified,When no arguments are specified,When specified with the span argument,When used after a transforming command,C,Bin is 'Streaming if specified with the span argument. Otherwise a dataset processing command.'
82,Quick Reference,What determines whether bucketdir is distributable streaming or centralized streaming?,The sortby argument,Whether keepevents=true is specified,Command's local setting in commands.conf,The span argument,C,"Bucketdir is 'Distributable streaming by default, but centralized streaming if the local setting specified for the command in the commands.conf file is set to true.'"
83,Quick Reference,What makes dedup a dataset processing command?,Omitting the field-list argument,Specifying local=true,Running it as the first command in the search,"Using sortby, or specifying keepevents=true",D,'Using the sortby argument or specifying keepevents=true makes the dedup command a dataset processing command.'
84,Quick Reference,When is fillnull a distributable streaming command rather than a dataset processing command?,When local=true is specified in the command,When a field-list is specified,When no field-list is specified,When the sortby argument is used,B,Fillnull is 'Distributable streaming when a field-list is specified. A dataset processing command when no field-list is specified.'
85,Quick Reference,When does join become a centralized streaming command?,When used as the first command in the search,When no field-list is specified,When there is a defined set of fields to join to,When local=true is specified,C,"Join is 'Centralized streaming, if there is a defined set of fields to join to. A dataset processing command when no field-list is specified.'"
86,Quick Reference,Under what condition is lookup a distributable streaming command?,"When local=false, which is the default",When no OUTPUT clause is specified,When run after a transforming command,When specified with local=true,A,"Lookup is 'Distributable streaming when specified with local=false, which is the default. An orchestrating command when local=true.'"
87,Quick Reference,What type of command is search when it is used later in the search pipeline rather than as the first command?,A generating (event-producing) command,A dataset processing command,An orchestrating (search-control) command,A distributable streaming command,D,Search is 'Distributable streaming if used further down the search pipeline. A generating command when it is the first command in the search.'
88,Quick Reference,What type is the datamodel command?,Distributable streaming,Dataset processing,Report-generating,Event-generating,C,The generating commands table lists datamodel as 'Report-generating.'
89,Quick Reference,When is inputlookup event-generating (centralized)?,When local=true is specified,Only when used with the OUTPUT clause,"When append=false, which is the default",When append=true is specified,C,"Inputlookup is 'Event-generating (centralized) when append=false, which is the default.'"
90,Quick Reference,What type does tstats become when prestats=true is specified?,Report-generating,Dataset processing,Event-generating,Orchestrating,C,"Tstats is 'Report-generating (distributable), except when prestats=true. When prestats=true, the tstats command is event-generating.'"
91,Quick Reference,Which of the following commands is a transforming command?,where,stats,sort,eval,B,"Stats appears in the transforming commands list; eval, sort, and where are not listed there."
92,Quick Reference,What is the defining characteristic of an orchestrating command?,"It controls how a search is processed, without affecting results",It orders results into a data table for statistical purposes,It requires the entire dataset before the command can run,It operates on each event as the event is returned by a search,A,Orchestrating commands 'control some aspect of how a search is processed. They do not directly affect the final result set of the search.'
93,Quick Reference,"How does the Splunk platform store data, in contrast to a conventional relational database?","In a distributed, non-relational store with an implicit time dimension",In a distributed relational database that uses a dynamic schema,In a flat file system that is indexed only by timestamp,"In a centralized relational database with explicit, predefined column definitions",A,"The Splunk platform 'stores data in a distributed, non-relational, semi-structured database with an implicit time dimension.'"
94,Quick Reference,What Splunk concept corresponds to a SQL 'row'?,result/event,index,table/view,field,A,The concept table maps SQL 'row' to Splunk 'result/event.'
95,Quick Reference,What Splunk concept corresponds to a SQL 'column'?,index,field,result/event,app,B,The concept table maps SQL 'column' to Splunk 'field.'
96,Quick Reference,What Splunk concept corresponds to a SQL 'database/schema'?,field,index/app,table/view,search results,B,The concept table maps SQL 'database/schema' to Splunk 'index/app.'
97,Quick Reference,"Why is there no need to manually add, update, drop, or think about indexing columns in Splunk?",Because all values and fields are indexed by Splunk software,Because indexes are rebuilt automatically every night,Because Splunk does not support columns,Because fields are always assigned a fixed datatype,A,"'All values and fields are indexed by Splunk software, so there is no need to manually add, update, drop, or even think about indexing columns.'"
98,Quick Reference,"When SQL examples are translated to SPL, which SQL concept does the 'source' field stand in for?",table,column,index,database,A,"'the ""source"" field is used as a proxy for ""table""' in the SPL examples."
99,Quick Reference,When must the AND or OR operators be specified in an SPL search?,In lowercase,In uppercase,Only inside a subsearch,They are never used in SPL,B,"'when you use the AND or OR operators, they must be specified in uppercase.'"
100,Quick Reference,"When designing SPL searches, what should you avoid doing even though some SPL commands loosely correspond to SQL commands?",Directly translating from SQL to SPL by thinking in SQL,Using uppercase command names in every SPL search you write,Piping every search command's results into a summary index,Using the FIELDS command before any other command in SPL,A,"'your SPL searches might not produce the desired results if you ""think in SQL."" For this reason, avoid directly translating from SQL to SPL when you design your searches.'"
101,Quick Reference,What is the SPL equivalent of the SQL query 'SELECT * FROM mytable'?,source=mytable | FIELDS *,source=mytable,SELECT * source=mytable,mytable | SEARCH *,B,Example maps 'SELECT * FROM mytable' directly to 'source=mytable.'
102,Quick Reference,What is the SPL equivalent of 'SELECT * FROM mytable WHERE mycolumn=5'?,source=mytable mycolumn=5,source=mytable WHERE mycolumn=5,source=mytable | WHERE mycolumn=5,mycolumn=5 | source=mytable,A,The WHERE example maps to 'source=mytable mycolumn=5.'
103,Quick Reference,"Which SPL command corresponds to selecting a specific list of columns in SQL, such as 'SELECT mycolumn1, mycolumn2 FROM mytable'?",TABLE,FIELDS,RETURN,WHERE,B,"The SELECT example maps to 'source=mytable | FIELDS mycolumn1, mycolumn2.'"
104,Quick Reference,What is the SPL equivalent of SQL's AS (alias)?,RENAME,STRCAT,EVAL,FIELDFORMAT,A,The AS (alias) example uses 'source=mytable | RENAME mycolumn as column_alias | FIELDS column_alias.'
105,Quick Reference,How is SQL's 'WHERE mycolumn BETWEEN 1 AND 5' expressed in SPL?,mycolumn=1..5,"mycolumn IN (1,5)",mycolumn>=1 mycolumn<=5,mycolumn BETWEEN 1 AND 5,C,The BETWEEN example maps to 'source=mytable mycolumn>=1 mycolumn<=5.'
106,Quick Reference,Which set of commands use a by-clause to group information?,"stats, eventstats, streamstats, and sistats","eval, stats, chart, and where","chart, rare, stats, timechart, and top","chart, rare, sort, stats, and timechart",D,"'Several commands use a by-clause to group information, including chart, rare, sort, stats, and timechart.'"
107,Quick Reference,Which command is used after STATS to filter results by the aggregated value (mirroring SQL's HAVING clause)?,SEARCH,FILTER,REGEX,WHERE,A,"The HAVING example uses 'STATS avg(mycolumn) BY mycolumn | SEARCH avg(mycolumn)=value | FIELDS mycolumn, avg(mycolumn).'"
108,Quick Reference,"How is SQL's 'WHERE mycolumn LIKE ""%some text%""' expressed in SPL?","mycolumn=""%some text%""","mycolumn LIKE ""some text""","mycolumn~=""some text""","mycolumn=""*some text*""",D,"The LIKE example maps to 'source=mytable mycolumn=""*some text*""', using asterisks as wildcards."
109,Quick Reference,"How do you sort in descending order in SPL, corresponding to SQL's ORDER BY ... DESC?",Place a trailing minus sign after the field name,Use the DESC keyword after SORT,Use a negative sign (-) before the field name in SORT,Use the REVERSE command instead of SORT,C,"'In SPL you use a negative sign ( - ) in front of a field name to sort in descending order,' as in '| SORT -mycolumn.'"
110,Quick Reference,Which SPL command corresponds to SQL's SELECT DISTINCT?,UNIQ,DISTINCT,TABLE,DEDUP,D,"The SELECT DISTINCT example maps to 'source=mytable | DEDUP mycolumn1, mycolumn2 | FIELDS mycolumn1, mycolumn2.'"
111,Quick Reference,Which set of SPL commands together implement SQL's 'SELECT TOP(5) ... ORDER BY'?,"STATS, SORT, and HEAD","FIELDS, SORT, and HEAD","TABLE, SORT, and TAIL","FIELDS, DEDUP, and HEAD",B,The SELECT TOP example pipes '| FIELDS mycolum1 mycolum2 | SORT mycolum1 mycolum2 | HEAD 5.'
112,Quick Reference,"Besides using the stats command with values(*), what two other methods can you use to join tables (datasets) in SPL?",The transaction command and the format command,The append command and the union command,The collect command and the return command,The lookup command and a subsearch,D,'There are two other methods to join tables: Use the lookup command...' and 'Use a subsearch.'
113,Quick Reference,What is the SPL equivalent of SQL's TRUNCATE TABLE?,source=mytable | CLEAR,source=mytable | REMOVE,source=mytable | ERASE,source=mytable | DELETE,D,The TRUNCATE TABLE example maps to 'source=mytable | DELETE.'
114,Evaluation Functions,Which three SPL commands can you use evaluation functions with?,"stats, eval, and rex","eval, stats, and where","eval, lookup, and fieldformat","eval, fieldformat, and where",D,"You can use evaluation functions with the eval, fieldformat, and where commands, and as part of eval expressions with other commands."
115,Evaluation Functions,What must a literal string argument to an evaluation function be enclosed in?,Single quotation marks,Double quotation marks,Curly braces,Square brackets,B,Literal strings must be enclosed in double quotation marks.
116,Evaluation Functions,What can functions that accept numbers take as arguments?,"Only numeric fields, never literals",Numeric strings enclosed in quotes only,Literal numbers or any numeric field,"Only literal numbers, never fields",C,All functions that accept numbers can accept literal numbers or any numeric field.
117,Evaluation Functions,"In an eval expression such as name.""server"", what does the dot notation accomplish?","Compares the name field to the literal string ""server""","Extracts the substring ""server"" from the name field","Appends ""server"" to the end of the name field's value","Multiplies the name field by the string ""server""",C,"Using dot notation like name.""server"" to append the literal string server to the end of the name field's value."
118,Evaluation Functions,"In the expression eval isLocal=if(cidrmatch(""123.132.32.0/25"",ip), ""local"", ""not local""), what role does cidrmatch play?",It is nested inside the case function as the condition,It is used as the second argument to the coalesce function,It replaces the where command entirely,It is used as the first argument to the if function,D,The cidrmatch function is used as the first argument in the if function in this example.
119,Evaluation Functions,"In the expression eval error=case(status == 200, ""OK"", status == 404, ""Not found"", true(), ""Other""), what purpose does the true() function serve?",It validates that status is a numeric field,"Provides the default, catch-all result for case()",It tests whether the search itself succeeded,It converts the status field to a Boolean,B,This example shows how to use the true() function to provide a default to the case function.
120,Evaluation Functions,Which eval function returns the first non-null value from its arguments?,nullif,validate,coalesce,isnull,C,"coalesce(X,...) returns the first value that is not null."
121,Evaluation Functions,What does the bit_or(<values>) function do?,Takes two integers and shifts one to the right by the other,Takes two or more non-negative integers and sequentially performs bitwise AND on them,Takes a single non-negative integer and inverts every bit,Takes two or more non-negative integers and sequentially performs bitwise OR on them,D,The category table describes bit_or as taking two or more non-negative integers and sequentially performing bitwise OR on them.
122,Evaluation Functions,"What does bit_not(<value>, <bitmask>) take as its optional second argument?",A shift offset,A bitmask,A delimiter,A CIDR subnet,B,The table entry states bit_not also takes an optional second argument that acts as a bitmask.
123,Evaluation Functions,What does the coalesce(<values>) function do?,Takes two values and returns TRUE if they match,Takes a list of values and returns their average,Takes one or more values and returns the first value that is not NULL,Takes one or more values and returns the last value that is not NULL,C,The table entry describes coalesce as taking one or more values and returning the first value that is not NULL.
124,Evaluation Functions,"What does in(<field>,<list>) return?",TRUE only if all values in the list match the field,The count of matching values in the list,The index position of a value within the list,TRUE if a value in the list matches your value,D,The table entry states in() returns TRUE if one of the values in the list matches a value that you specify.
125,Evaluation Functions,Which Splunk users have access to the lookup() function?,Splunk Cloud Platform users only,"All Splunk users, including free license",Only users with the admin role,Splunk Enterprise users only,D,"The note on this page states ""The lookup() function is available only to Splunk Enterprise users."""
126,Evaluation Functions,What does the false() function do?,Returns zero,Returns an empty string,Returns NULL,Returns FALSE,D,The table entry for false() states it returns FALSE.
127,Evaluation Functions,"What does validate(<condition>, <value>,...) default to if all conditions evaluate to TRUE?",NULL,An error,FALSE,The last value argument,A,The table entry states this function defaults to NULL if all conditions evaluate to TRUE.
128,Evaluation Functions,Which eval function is the opposite of validate()?,if,coalesce,match,case,D,The table entry states validate() is the opposite of the case function.
129,Evaluation Functions,"What does ipmask(<mask>,<ip>) do?",Generates a CIDR subnet from an IP address,Validates whether an IP address is well-formed,Masks an IP address using a bitwise AND operation,Converts an IPv4 address to IPv6,C,The table entry describes ipmask as generating a new masked IP address by applying a mask to an IP address using a bitwise AND operation.
130,Evaluation Functions,What does toarray(<value>) do?,Converts a value to a multivalue field,Converts a value to an array value,Converts a JSON array to a multivalue field,Converts an array to a single string,B,The table entry states toarray() converts a value to an array value.
131,Evaluation Functions,What does sha256(<str>) compute?,The md5 hash for the given string value,A base64 encoding of the string value,The sha256 hash for the string value,A CRC32 checksum for the string value,C,The table entry states sha256() computes the sha256 hash for the string value.
132,Evaluation Functions,"When now() is used with an ad-hoc search, what does it return?",The time the search finished running,The time the search was scheduled to run,The current system time regardless of the search,The time the search was started,D,The table entry states now() returns the time that the search was started when run as an ad-hoc search.
133,Evaluation Functions,"What does relative_time(<time>,<specifier>) do?",Adjusts the time by a relative time specifier,Returns the difference between two times,Converts UNIX time to a human-readable format,Converts a human-readable time to UNIX time,A,The table entry states relative_time() adjusts the time by a relative time specifier.
134,Evaluation Functions,"What does strptime(<str>,<format>) do?",Takes a UNIX time and renders it into a human readable format,Takes a human readable time and renders it into UNIX time,Returns the current UNIX time,Adjusts a UNIX time by a specifier,B,The table entry states strptime() takes a human readable time and renders it into UNIX time.
135,Evaluation Functions,What does the time() function return?,A constant time set at search start for all events,"The time eval computed it, which varies per event",The time the search was scheduled to run,The time the search results tab loaded,B,"The table entry states time() is the time that the eval function was computed, and the time will differ for each event based on when it was processed."
136,Evaluation Functions,What does isarray(<value>) return?,TRUE if the field value is a multivalue,TRUE if the field value is an array,TRUE if the field value is a string,TRUE if the field value is an object,B,The table entry states isarray() returns TRUE if the field value is an array.
137,Evaluation Functions,What does typeof(<value>) return?,The field's value converted to a string,TRUE if the field type matches a specified type,The numeric code for the field's data type,A string that names the field's type,D,"The table entry states typeof() returns a string that indicates the field type, such as Number, String, Boolean, and so forth."
138,Evaluation Functions,What does json_object(<members>) do?,Evaluates whether a value can be parsed as JSON,Creates a JSON array from a list of values,Creates a JSON object from key-value member pairs,Returns the keys from a JSON object as an array,C,The table entry states json_object() creates a new JSON object from members of key-value pairs.
139,Evaluation Functions,What does json(<value>) return if the value is not valid JSON?,An empty JSON object,Null,FALSE,The original value unchanged,B,"The table entry states json() returns the value if it is JSON, otherwise the function returns null."
140,Evaluation Functions,"What does json_delete(<object>,<keys>) do?",Removes null values from a JSON object,Removes specified keys and values from JSON,Deletes duplicate keys from a JSON array,Removes an entire JSON object from the event,B,The table entry states json_delete() removes one or more keys and their corresponding values from the specified JSON object.
141,Evaluation Functions,What does json_valid(<json>) return?,"The value if it is valid JSON, otherwise null",A count of valid keys in the JSON object,"TRUE if the JSON syntax is valid, otherwise FALSE","The corrected, valid version of the JSON",C,The table entry states json_valid() evaluates whether a piece of JSON uses valid JSON syntax and returns either TRUE or FALSE.
142,Evaluation Functions,What does exact(<expression>) do?,Returns the exact number of significant figures in a value,Returns the exact integer part of a decimal number,Rounds a number to the nearest exact integer,Returns a numeric eval result formatted with more precision,D,The table entry states exact() returns the result of a numeric eval calculation with a larger amount of precision in the formatted output.
143,Evaluation Functions,"What base does log(<num>,<base>) use if <base> is omitted?",10,1,e (natural log base),2,A,"The table entry states that if <base> is omitted, base 10 is used."
144,Evaluation Functions,"What is the default precision for round(<num>,<precision>) if precision is not specified?",No rounding is applied,Rounding to the nearest ten,Rounding to two decimal places,Rounding to an integer,D,The table entry states the default is to round to an integer.
145,Evaluation Functions,What does sigfig(<num>) do?,Rounds num down to the next lowest integer,Rounds num up to the next highest integer,Returns num rounded to a specified number of decimal places,Rounds num to the appropriate number of significant figures,D,The table entry states sigfig() rounds num to the appropriate number of significant figures.
146,Evaluation Functions,What does mvdedup(<mv>) do?,Removes null values from a multivalue field,Counts the number of duplicate values in a multivalue field,Removes all of the duplicate values from a multivalue field,Sorts a multivalue field lexicographically,C,The table entry states mvdedup() removes all of the duplicate values from a multivalue field.
147,Evaluation Functions,"What does mvrange(<start>,<end>,<step>) do?",Returns a subset of a multivalue field using start and end index values,Finds the index of a value matching a regular expression,Combines two multivalue fields using a delimiter,Creates a multivalue field based on a range of specified numbers,D,The table entry states mvrange() creates a multivalue field based on a range of specified numbers.
148,Evaluation Functions,"What does mvzip(<mv_left>,<mv_right>,<delim>) do?",Splits a single multivalue field into two separate fields,Combines two multivalue fields' values using a delimiter,Removes duplicate values common to two multivalue fields,Appends one multivalue field to the end of another,B,"The table entry states mvzip() combines the values in two multivalue fields, using the delimiter to join the two values."
149,Evaluation Functions,"What does split(<str>,<delim>) return?",The count of substrings produced by the split,The delimiter-split values as a multivalue field,A single string with the delimiter removed,A JSON array of the split string values,B,The table entry states split() splits the string values on the delimiter and returns the string values as a multivalue field.
150,Evaluation Functions,What does avg(<values>) return?,"The average of numerical values, as a double","The average of numerical values, as an integer","The sum of numerical values, as an integer",The median of numerical values,B,The table entry states avg() returns the average of numerical values as an integer.
151,Evaluation Functions,What range does random() return values from?,Zero to 2^31-1,Negative 2^31 to 2^31-1,Zero to 1,Zero to 100,A,The table entry states random() returns a pseudo-random integer ranging from zero to 2^31-1.
152,Evaluation Functions,"What does ltrim(<str>,<trim_chars>) do?",Removes characters from the right side of a string,Removes characters from both sides of a string,Removes characters from the left side of a string,Removes all whitespace from a string,C,The table entry states ltrim() removes characters from the left side of a string.
153,Evaluation Functions,What does urldecode(<url>) do?,Extracts the domain portion of a URL,Validates whether a URL is properly formatted and reachable,Turns URL-escaped characters back into normal ones,Encodes a string into URL-escaped characters for safe use,C,The table entry states urldecode() replaces URL escaped characters with the original characters.
154,Evaluation Functions,"What does substr(<str>,<start>,<length>) return?","A substring of the given length, starting at the start index",The character located at the start index only,A substring beginning at the start index and ending at the length index,The number of characters between start and length,A,"The table entry states substr() returns a substring beginning at the start index, and the length specifies the number of characters to return."
155,Evaluation Functions,What does acos(X) compute?,The hyperbolic cosine of X,The cosine of an angle of X radians,The arc sine of X,The arc cosine of X,D,The table entry states acos() computes the arc cosine of X.
156,Evaluation Functions,"What does hypot(X,Y) compute?",The angle between two vectors X and Y,The hypotenuse of a triangle,The sine of X and Y combined,"The arc tangent of X,Y",B,The table entry states hypot() computes the hypotenuse of a triangle.
157,Evaluation Functions,What does tanh(X) compute?,The hyperbolic cosine of X,The arc hyperbolic tangent of X,The tangent of X,The hyperbolic tangent of X,D,The table entry states tanh() computes the hyperbolic tangent of X.
158,Evaluation Functions,What do the SPL bitwise functions let you do that would otherwise require Python workarounds?,Convert between hexadecimal and octal number systems,Encrypt field values using bitwise ciphers,Perform operations such as capture-the-flag or masking values,Perform full regular-expression matching on binary strings,C,These functions add bitwise functionality directly to SPL so you can perform operations such as capture a flag or apply masks on values without using Python workarounds.
159,Evaluation Functions,Which eval function converts a string representation of a binary number to a decimal number?,"toint(<value>,<base>)","todouble(<value>,<base>)","tostring(X,Y)","tonumber(NUMSTR,BASE)",D,"""To convert a string representation of a binary number to a decimal number, see tonumber(NUMSTR,BASE)."""
160,Evaluation Functions,What range of values does bit_and accept for each argument?,0 to 2^31-1,0 to 2^53-1,-2^53 to 2^53-1,1 to 2^53,B,Each argument to bit_and must be in the range of 0 to 2^53-1.
161,Evaluation Functions,"What is the result of | makeresults | eval result = bit_and(12, 9)?",21,13,8,4,C,"Example shows the bitwise AND of 1100 and 1001 is 1000, which is the number 8."
162,Evaluation Functions,What happens if you pass a negative number or a number greater than 53 bits to an SPL bitwise function?,The function returns zero,The function returns null,The function throws a syntax error,The function treats it as its absolute value,B,Numbers that are negative or greater than 53 bits return null.
163,Evaluation Functions,"What is the result of | makeresults | eval result = bit_or(4, 2)?",6,2,8,0,A,"Example shows the bitwise OR of 0100 and 0010 is 0110, which is the number 6."
164,Evaluation Functions,"What is the default value of the optional bitmask argument in bit_not(<value>, <bitmask>) when it is not specified?",1,The value argument itself,2^53-1,0,C,Bit_not takes an optional second argument with a default value of 2^53-1 that acts as a bitmask.
165,Evaluation Functions,What does the bitmask argument in bit_not effectively control?,The starting bit position for the inversion,The number of bits displayed in the result,Whether the result is signed or unsigned,The base used to display the result,B,The number of bits specified as the bitmask indicates the number of bits you want to see in the results.
166,Evaluation Functions,"What is the resulting decimal value of short_result in the search ... | eval short_result=bit_not(9, tonumber(""1111"", 2))?",15,6,110,9,B,Example shows short_result equals 6 (binary 110) after applying the 4-bit bitmask.
167,Evaluation Functions,"What is the result of | makeresults | eval result = bit_xor(3, 2)?",1,5,0,2,A,"Example shows the bitwise XOR of 0011 and 0010 is 0001, which is the number 1."
168,Evaluation Functions,What happens when bit_shift_left shifts bits to the left?,It drops the rightmost bit and prepends a 0,It drops the leftmost bit and appends a 1,It drops the 53rd bit and appends a trailing 0,It wraps the dropped bit around to the right side,C,Shifting left drops the 53rd bit and appends a 0 to the binary representation of the input.
169,Evaluation Functions,"What is the result of | makeresults | eval result = bit_shift_left(2, 1)?",8,4,1,2,B,"Example shows shifting 0010 left by 1 gives 0100, which is the number 4."
170,Evaluation Functions,What does bit_shift_left return if the shift offset argument is greater than 53 bits?,0,The original value unchanged,A negative number,null,A,"If the shift offset is greater than 53 bits, the function returns 0."
171,Evaluation Functions,"What is the result of | makeresults | eval result = bit_shift_left(1, 53)?",53,null,0,1,C,"This search's result is 0, since the operation results in 54 bits and the leading bit is truncated."
172,Evaluation Functions,"In an eval expression, what is the result of bit_shift_left(3, 52)?",134,0,4503599627370496,6,C,"Example table lists 4503599627370496 as the result of bit_shift_left(3, 52)."
173,Evaluation Functions,"In an eval expression, what is the result of bit_shift_left(67, 1)?",67,33,268,134,D,"Example table lists 134 as the result of bit_shift_left(67, 1)."
174,Evaluation Functions,"In an eval expression, what does bit_shift_left(3, -2) return?",0,-6,null,3,C,Example table shows that a negative shift offset returns null.
175,Evaluation Functions,What happens when bit_shift_right shifts bits to the right?,It drops the rightmost bit and prepends a 0,It rounds the result to the nearest even number,It drops the 53rd bit and appends a 0,It drops the leftmost bit and appends a 1,A,Shifting right drops the rightmost bit and prepends a 0 to the binary representation of the input.
176,Evaluation Functions,"What is the result of | makeresults | eval result = bit_shift_right(4, 1)?",4,1,2,8,C,"Example shows binary 0100 shifted right by 1 becomes 0010, which is the number 2."
177,Evaluation Functions,"A search calculates AND_result=bit_and(4,6), OR_result=bit_or(4,6), and XOR_result=bit_xor(4,6). What is the value of OR_result?",10,6,4,2,B,Results table shows OR_result equals 6.
178,Evaluation Functions,"A search calculates AND_result=bit_and(4,6), OR_result=bit_or(4,6), and XOR_result=bit_xor(4,6). What is the value of XOR_result?",6,4,0,2,D,Results table shows XOR_result equals 2.
179,Evaluation Functions,"A search calculates LEFT_result=bit_shift_left(2,1) and RIGHT_result=bit_shift_right(2,1). What is the value of RIGHT_result?",0,1,4,2,B,Results table shows RIGHT_result equals 1.
180,Evaluation Functions,"If you compute bit_shift_left(2,1) and convert the result to a binary string using tostring, what binary string is produced?","""001""","""100""","""010""","""110""",B,The string field result is 100.
181,Evaluation Functions,"What value does bit_not(9, tonumber(""111"",2)) produce in decimal?",110,3,9,6,D,"NOT_result equals 6 (binary ""110"") after applying the three-bit bitmask."
182,Evaluation Functions,What happens to the result field when you pass max_supported_val + 1 (a value outside 0 to 2^53-1) into bit_and?,The result field displays 0 instead of the calculated value,The search returns an error and stops with an error message shown,"The function returns null, so the field is not displayed",The result field wraps around to a small positive integer value,C,"Result is outside of the supported range of values, so the function returns null."
183,Evaluation Functions,"A search starts with the binary string flags=""00010"" and sets additional flags by applying bit_or against tonumber(""11001"", 2), then converts the result back to a binary string. What is the final binary result?","""11001""","""00010""","""11111""","""11011""",D,The result field displays 11011 after the bitwise OR.
184,Evaluation Functions,"A search tests the binary flag string flags=""00010"" with a bit mask to see whether the third bit is set. What is the state of the third bit?",The third bit cannot be determined from bit_and,The flag has no third bit,The third bit in the flag is set to 1,The third bit in the flag is set to 0,D,"""You can see that the third bit in the flag 00010 is set to 0."""
185,Evaluation Functions,"Given bin_number1=""10011"" and bin_number2=""10001"", a search uses bit_xor combined with bit_not to find the matching bits. Which bit positions are reported as matching?",All five bits,The second and fifth bits only,"The 1st, 2nd, 3rd, and last bits",Only the first bit,C,"XOR of 10011 and 10001 is 00010; applying bit_not flips it to 11101, so the matching bits are the first, second, third, and last bits."
186,Evaluation Functions,A search appends a bit flag of 1 to the binary string 10001 by shifting left with bit_shift_left and combining with bit_or. What is the final result?,"""1000110""","""100011""","""100010""","""10001""",B,The result field displays 100011 after appending the flag.
187,Evaluation Functions,What does the case() function return?,The last value for which the corresponding condition evaluates to TRUE,A Boolean indicating whether any condition is TRUE,The first value for which the corresponding condition evaluates to TRUE,The value corresponding to the condition that evaluates to FALSE,C,"Case() accepts alternating conditions and values, and returns the first value for which the condition evaluates to TRUE."
188,Evaluation Functions,What does case() default to if none of its condition arguments evaluate to TRUE?,NULL,An empty string,The last value argument,FALSE,A,The function defaults to NULL if none of the condition arguments are true.
189,Evaluation Functions,Which commands can you use the case() function with?,"eval, lookup, and rex","eval, stats, and where","where, tstats, and eval","eval, fieldformat, and where",D,"You can use the case() function with the eval, fieldformat, and where commands."
190,Evaluation Functions,"Given the expression case(status==200, ""OK"", status==404, ""Not found"", status==500, ""Internal Server Error""), what description is returned when status is 404?","""Internal Server Error""","""Other""","""OK""","""Not found""",D,"The example search uses case(status==200, ""OK"", status==404, ""Not found"", status==500, ""Internal Server Error""), so 404 maps to ""Not found""."
191,Evaluation Functions,"A search classifies earthquakes with case(depth<=70, ""Low"", depth>70 AND depth<=300, ""Mid"", depth>300, ""Deep""). Which depth range is classified as 'Mid'?",Less than or equal to 70 km,Greater than 300 km,Greater than 70 km and less than or equal to 300 km,Greater than or equal to 70 km and less than 100 km,C,"Example uses case(depth<=70, ""Low"", depth>70 AND depth<=300, ""Mid"", depth>300, ""Deep"")."
192,Evaluation Functions,"An eval uses case() to label earthquakes as Low, Mid, or Deep. How can you make the results sort in the custom order Low, Mid, Deep instead of alphabetically?",It uses the case() function's built-in order parameter,It uses the sort command with a custom dictionary option,"It reuses case() to rank each value, then sorts on the rank",It renames the Description values so they sort alphabetically,C,"The example creates sort_field=case(Description=""Low"", 1, Description=""Mid"", 2, Description=""Deep"",3) and then sorts on sort_field."
193,Evaluation Functions,"What does cidrmatch(<cidr>,<ip>) return TRUE for?",When a CIDR subnet contains no host addresses at all,When an IP address is a valid IPv4 address format,When two IP addresses are exactly identical values,When an IP address is inside a given CIDR subnet,D,"This function returns TRUE when an IP address, <ip>, belongs to a particular CIDR subnet, <cidr>."
194,Evaluation Functions,What types of IP addresses and subnets does cidrmatch support?,IPv4 and IPv6 addresses and subnets (CIDR),"IPv6 addresses only, using colon-hex notation","IPv4 addresses only, using dotted-decimal notation",MAC hardware addresses combined with IPv4 addresses,A,The cidrmatch function supports IPv4 and IPv6 addresses and subnets that use CIDR notation.
195,Evaluation Functions,"In the expression eval isLocal=if(cidrmatch(""123.132.32.0/25"",ip), ""local"", ""not local""), what value does isLocal get when ip does NOT match the subnet?",An error value,"""not local""",NULL,"""local""",B,"If the ip field does not match the subnet, the isLocal field is set to ""not local""."
196,Evaluation Functions,"If subnet=""192.0.2.0/24"" and ip=""192.0.3.0"", what does cidrmatch(subnet, ip) return?","null, because the subnet is invalid","An error, because the IP and subnet mismatch","false, because the IP is not in the subnet","true, because the IP is in the subnet",C,"The IP address is not in the subnet, so the search displays false in the result field."
197,Evaluation Functions,"Which command produces the same filtering result as | where cidrmatch(""192.0.2.0/24"", ip)?","lookup ip=""192.0.2.0/24""","eval ip=""192.0.2.0/24""","stats ip=""192.0.2.0/24""","search ip=""192.0.2.0/24""",D,"You can get the same results using the search command as | search ip=""192.0.2.0/24""."
198,Evaluation Functions,"If ip is an IPv6 address that falls within an IPv6 /120 subnet, what does cidrmatch(subnet, ip) return?","false, because the IP is outside the subnet","null, because IPv6 is unsupported","An error, since only IPv4 is supported by cidrmatch","true, because the IP is located within the subnet",D,"The IP address is located within the subnet, so search displays true in the result field."
199,Evaluation Functions,What does coalesce(<values>) return?,TRUE if all supplied values are non-NULL,The sum of all non-NULL values,"The first value, among one or more values, that is not NULL","The last value, among one or more values, that is not NULL",C,This function takes one or more values and returns the first value that is not NULL.
200,Evaluation Functions,"In eval ip=coalesce(clientip,ipaddress), if both clientip and ipaddress are present in an event, which value is returned?","The clientip value, since it is the first argument","Both values, joined into a multivalue field","NULL, since both are present","The ipaddress value, since it is checked first",A,"If both the clientip and ipaddress field exist in the event, this function returns the first argument, the clientip field."
201,Evaluation Functions,What does the false() function return?,NULL,"The string ""false""",0,FALSE,D,False() is used to return FALSE.
202,Evaluation Functions,What kind of expression does the false() eval function let you specify?,A conditional that always depends on a field value,"A conditional that is obviously false, for example 1==0",A conditional that returns NULL,A regular expression that never matches,B,"This function enables you to specify a conditional that is obviously false, for example 1==0."
203,Evaluation Functions,"In if(<predicate>,<true_value>,<false_value>), what is returned when <predicate> evaluates to TRUE?",The predicate itself,The <false_value>,The <true_value>,NULL,C,"If the predicate expression evaluates to TRUE, the function returns the true_value."
204,Evaluation Functions,"In the expression eval err=if(error == 200, ""OK"", ""Error""), what is returned when error does not equal 200?",NULL,"""OK""",200,"""Error""",D,"If error=200, the function returns err=OK; otherwise it returns err=Error."
205,Evaluation Functions,"What does in(<field>,<list>) return?",The position of a matching value within the list,A count of how many list values match,TRUE if a listed value matches your specified value,"The matching value itself, or NULL if none match",C,The in function returns TRUE if one of the values in the list matches a value that you specify.
206,Evaluation Functions,"Because the eval command cannot accept a Boolean value directly, which functions can you wrap around the in() and like() functions to use them with eval?","stats, eval, and tstats","search, where, and lookup","eval, where, and fieldformat","case, if, and validate",D,"The eval command cannot accept a Boolean value directly; you must specify in or like inside case, if, or validate."
207,Evaluation Functions,Can wildcard characters be used with the values passed to the in() function?,"Yes, but only at the end of a value","Yes, using the percent symbol as a wildcard","Yes, using the underscore character as a wildcard","No, wildcards aren't supported; use IN instead",D,You cannot specify wildcard characters with the in() function's values; use the IN operator instead.
208,Evaluation Functions,Which commands support the IN operator (as opposed to the in() function) with wildcards in the value list?,fieldformat and lookup,stats and eval,eval and where,search and tstats,D,"You can use the IN operator with the search and tstats commands, and can use wildcard characters in the value list with these commands."
209,Evaluation Functions,"What kind of match does like(<str>,<pattern>) perform?","A case-insensitive match, returning TRUE only if <str> matches <pattern>",A fuzzy match that ignores whitespace,A regular-expression match using PCRE syntax,"A case-sensitive match, returning TRUE only if <str> matches <pattern>",D,Like() performs a case-sensitive match and returns TRUE only if <str> matches <pattern>.
210,Evaluation Functions,"In like(), which wildcard character matches multiple characters?",A percent sign combined with a caret,The percent (%) symbol,The underscore (_) character,The asterisk (*) character,B,You use the percent (%) symbol as a wildcard for matching multiple characters in like().
211,Evaluation Functions,"In like(), which wildcard character matches exactly one character?",The percent (%) symbol,The question mark (?) character,The period (.) character,The underscore (_) character,D,You use the underscore (_) character as a wildcard to match a single character in like().
212,Evaluation Functions,What does the lookup() function return?,"The output fields, in the form of a JSON object",A Boolean that indicates whether a match was found,A CSV-formatted string listing the matched fields,The row number of the matching lookup file entry,A,Lookup() performs a CSV lookup and returns the output field or fields in the form of a JSON object.
213,Evaluation Functions,"If the first quoted string passed to lookup() does not end in '.csv', what does the eval processor assume it is?",The name of a KV store collection,A regular expression pattern,The name of a CSV lookup definition,"A malformed lookup table name, and returns an error",C,"If the first quoted string does not end in "".csv"", the eval processor assumes it is the name of a CSV lookup definition."
214,Evaluation Functions,What restriction applies to CSV lookup definitions used with the lookup() function?,"They must be shared globally, not private or app-specific",They must be stored in the app-specific lookups directory only,They must be uploaded fewer than 24 hours before use,"They must contain fewer than 10,000 rows",A,"Specified CSV lookup definitions must be shared globally, and cannot be private or shared to a specific app."
215,Evaluation Functions,Which two JSON functions does the lookup() function use to group inputs and outputs together?,json_object and json_array,json_set and json_delete,json_extract and json_valid,json_keys and json_entries,A,The lookup() function uses two JSON functions for eval: json_object and json_array.
216,Evaluation Functions,Which Splunk users have access to the lookup() eval function?,Splunk Cloud Platform users only,All users regardless of license,Only users with the admin role,Splunk Enterprise users only,D,"""The lookup() function is available only to Splunk Enterprise users."""
217,Evaluation Functions,"Using the lookup() eval function against an http_status.csv lookup with the input status_type='Successful', what does the function return?",The full contents of the http_status.csv file,A count of successful status codes,A single status_description string value,A JSON object with a status_description array,D,"This search returns output={""status_description"":[""OK"",""Created"",""Accepted"",...]}."
218,Evaluation Functions,"A lookup file http_status.csv has the columns status, status_type, and status_description, and only one row matches status_type=""Successful"" with status=200 (status_description ""OK""). Using lookup() with both status_type and status as input/match pairs, what does the search return?","NULL, since multiple match fields are not supported",An error indicating too many match fields,An array of all matching status_description values,"A single status_description value, ""OK""",D,"This search returns output={""status_description"":""OK""}."
219,Evaluation Functions,The lookup() eval function returns a JSON object. Which JSON function can you wrap around it to extract a single status_description value?,json_object,json_array,json_keys,json_extract,D,This example nests the lookup function inside the json_extract JSON function.
220,Evaluation Functions,"What does match(<str>, <regex>) return if the regex does not find a match against any substring of <str>?",An error,An empty string,FALSE,NULL,C,"Match() returns TRUE if the regex finds a match against any substring of str, otherwise it returns FALSE."
221,Evaluation Functions,Which character do you use within the regex to specify an OR condition?,"The comma (,) character",The pipe (|) character,The ampersand (&) character,The semicolon (;) character,B,You use the pipe (|) character to specify an OR condition in the match() regex.
222,Evaluation Functions,What does null() return?,An empty string,NULL,FALSE,Zero,B,This function takes no arguments and returns NULL.
223,Evaluation Functions,What does setting a field's value to NULL do?,"Sets the field to the string ""null""",Converts the field to a numeric zero,Clears the field value,Deletes the field from the index,C,Setting a field value to NULL clears the field value.
224,Evaluation Functions,Which eval function compares two fields and returns NULL if they are equal?,"nullif(X,Y)","match(X,Y)","validate(X,Y)","coalesce(X,Y)",A,"See also note states you can use the nullif(X,Y) function to compare two fields and return NULL if X = Y."
225,Evaluation Functions,"What does nullif(<field1>,<field2>) return when the value in field1 equals the value in field2?",NULL,FALSE,The value in field2,The value in field1,A,This function returns NULL if the value in field1 is equal to the value in field2.
226,Evaluation Functions,"What does nullif(<field1>,<field2>) return when field1 and field2 are NOT equal?",The value in field2,TRUE,The value in field1,NULL,C,Otherwise the function returns the value in field1.
227,Evaluation Functions,What does searchmatch(<search_str>) return?,TRUE if the event matches the search string,FALSE if the event contains any of the search terms,The portion of the event that matches the search string,The count of the matching terms in the event,A,This function returns TRUE if the event matches the search string.
228,Evaluation Functions,"When used with the eval command, inside which function must searchmatch() be placed?",The where function,The if function,The coalesce function,The case function,B,"To use the searchmatch function with the eval command, you must use it inside the if function."
229,Evaluation Functions,What does the true() function return?,"The string ""true""",TRUE,NULL,FALSE,B,True() is used to return TRUE.
230,Evaluation Functions,"What does validate(<condition>, <value>,...) return?",The value that corresponds to the condition that evaluates to TRUE,The first condition argument that evaluates to FALSE,The value that corresponds to the condition that evaluates to FALSE,A list of all values whose conditions evaluate to FALSE,C,Validate() takes a list of conditions and values and returns the value that corresponds to the condition that evaluates to FALSE.
231,Evaluation Functions,What does the ipmask function do when applied to an IP address?,It creates a masked IP address by applying a bitwise AND mask,It splits an IP address into its four individual octets as separate fields,It converts an IPv4 address into its equivalent IPv6 representation,It validates whether an IP address is a properly formatted IPv4 address,A,Ipmask generates a new masked IP address by applying a mask to an IP address through a bitwise AND operation.
232,Evaluation Functions,What defines a valid IPv4 address for use with the ipmask function?,A 32-character binary string separated into four 8-bit groups,"A dotted notation of four decimal integers, each ranging from 1 to 256","A quad-dotted notation of four hexadecimal values, each ranging from 0 to FF","A quad-dotted notation of four decimal integers, each ranging from 0 to 255",D,"A valid IPv4 address is a quad-dotted notation of four decimal integers, each ranging from 0 to 255."
233,Evaluation Functions,"What value does `... | eval maskedIP = ipmask(""255.255.255.0"", ""10.20.30.120"")` produce?",10.20.0.0,10.20.30.255,10.20.30.0,10.20.30.120,C,The output of this example is 10.20.30.0.
234,Evaluation Functions,"What is the resulting masked value of ipmask(""0.255.0.224"", clientip) where clientip is 10.20.30.120?",0.20.0.224,10.20.30.96,0.255.0.120,0.20.0.96,D,"In this example, the masked value is 0.20.0.96."
235,Evaluation Functions,What does the printf function do?,It validates that a string matches a required format pattern,It converts a string value into a numeric format for calculations,It parses a formatted string into its component values,It builds a string value based on a string format and specified values,D,Printf builds a string value based on a string format and the values specified.
236,Evaluation Functions,The SPL printf function is similar to which function in other programming languages?,The Python format() method,The C sprintf() function,The JavaScript template literal syntax,The Java String.format() method,B,"The SPL printf function is similar to the C sprintf() function and similar functions in Python, Perl, and Ruby."
237,Evaluation Functions,Which commands can you use the printf function with?,where and stats only,"eval, fieldformat, and where",eval and stats only,"eval, fieldformat, and stats",B,"You can use printf with the eval, fieldformat, and where commands, and as part of eval expressions."
238,Evaluation Functions,What does the %a or %A conversion specifier represent in the printf function?,An unsigned number shown in octal notation,A signed decimal integer,A hexadecimal floating-point number,A single Unicode code point character,C,Conversion specifier table lists %a or %A as a floating point number in hexadecimal format.
239,Evaluation Functions,"What does `printf(""%c,%c"",65,""Foo"")` return?","A,Foo","A,F","65,Foo","F,A",B,"This example returns the unicode code point for 65 and the first letter of ""Foo"", which is A,F."
240,Evaluation Functions,"What does `printf(""%d,%i,%d"",-2,+4,30)` return?","-2,4,30","2,-4,30","-2,+4,30","-2,4,-30",A,"This example returns -2,4,30."
241,Evaluation Functions,How does the %g or %G conversion specifier in printf format a number?,"It uses %e or %f, chosen by the number's magnitude",It always formats numbers using fixed-point notation,It rounds numbers to the nearest whole integer before formatting,It always formats numbers using exponential notation,A,The %g or %G specifier uses either %e or %f depending on the range of the numbers being formatted.
242,Evaluation Functions,"What does `printf(""%o"",255)` return?",255,377,11111111,FF,B,"This example returns the base-8 number for 255, which is 377."
243,Evaluation Functions,What does the %u conversion specifier represent in the printf function?,A signed decimal integer that can be negative,An unsigned octal number,"An unsigned, or non-negative, decimal integer",An unsigned hexadecimal number,C,"Table describes %u as an unsigned, or non-negative, decimal integer."
244,Evaluation Functions,"What does `printf(""%x,%X,%p"",10,10,10)` return?","A,a,a","a,A,A","a,a,A","10,10,10",B,"This example returns a,A,A, showing both lowercase and uppercase hexadecimal results."
245,Evaluation Functions,What effect does the single quote (apostrophe) flag character have in the printf function?,It always includes a plus or minus sign,It adds commas as the thousands separator,It zero pads the result,It left justifies the result,B,"The single quote or apostrophe flag adds commas as the thousands separator, e.g. printf(""%'d"",12345) returns 12,345."
246,Evaluation Functions,What does the dash or minus ( - ) flag character do in the printf function?,It left-justifies the result within the field,It reserves space for a sign character in the output,It forces zero padding of the result in the output,It adds a radix character to the result in the output,A,"The dash or minus flag left justifies the result; without it, the result keeps its default justification."
247,Evaluation Functions,What does the plus ( + ) flag character do in the printf function?,It reserves a space for the sign only if the value is negative,It displays a sign only when the space flag is also specified,It removes the sign from negative values,"It always includes the sign, whether positive or negative",D,"The plus flag always includes the sign; without it, a sign is displayed only for negative values."
248,Evaluation Functions,What does the # (hash) flag do for the %x or %X conversion specifiers in printf?,It forces the result to always display in uppercase,A non-zero result has 0x or 0X prefixed to it,It converts the result to decimal notation,It removes leading zeros from the result,B,"For %x or %X specifiers, the # flag causes a non-zero result to have 0x (or 0X) prefixed to it."
249,Evaluation Functions,How does the printf function handle an asterisk ( * ) used for the field width?,The width must always be specified as a literal number in the format string,The width is automatically calculated based on the length of the value,The width defaults to the maximum precision allowed,The width is given as an extra integer argument preceding the value to format,D,"You can use an asterisk with printf to return the field width from an argument, specified as an additional integer value argument preceding the value to format."
250,Evaluation Functions,Which of the following conversion specifiers is NOT supported by the printf function?,%c,%s,%n,%d,C,"%n as an unsupported conversion specifier, while %c, %s, and %d are supported."
251,Evaluation Functions,What does the toarray function allow you to do?,Convert a string or multivalue field into an array,Split a string into individual character values,Convert an array into a single string value,Merge multiple arrays into one multivalue field,A,"Toarray converts a string or multivalue to an array, inferring the data type of each element."
252,Evaluation Functions,What format must a string value be in for the toarray function to convert it successfully?,A list of space-separated values enclosed in curly braces,A list of pipe-separated values enclosed in parentheses,A list of comma-separated values enclosed in square brackets,A single word with no punctuation,C,"If the value is a string, it must be a list of comma-separated values enclosed in square brackets, or the function returns null."
253,Evaluation Functions,How is a multivalue converted?,Multivalues cannot be converted by toarray,The string is parsed directly as JSON,Using json_array_to_mv(<value>),"Using mv_to_json_array(<value>, true)",D,"Table states a multivalue is converted using mv_to_json_array(<value>, true)."
254,Evaluation Functions,"In eval result = if(isnull(toarray(""somefield"")), ""True"", ""False""), why does the search return True?","Because toarray converts ""somefield"" into an empty array","Because toarray returns null since ""somefield"" isn't in array format",Because the isnull function always returns True for string arguments,"Because ""somefield"" is a reserved field name in Splunk",B,"Toarray returns null because ""somefield"" isn't an array, causing isnull to return True."
255,Evaluation Functions,What does the tobool function do?,Converts a Boolean value to a string,Tests whether a field contains a Boolean value,Converts a number to its binary representation,Converts a string or a number to a Boolean value,D,Tobool converts a string or a number to the equivalent Boolean value.
256,Evaluation Functions,What Boolean value does the number 0 convert to?,true,false,It depends on the string representation,null,B,Table states the number 0 converts to false.
257,Evaluation Functions,"Why do you write if(tobool(units), ""In Stock"", ""Not in Stock"") instead of using tobool(units) directly as the value in an eval?",Because tobool can only be used with the where command,"Because eval can't output a Boolean directly, so tobool must be nested in if","Because tobool returns a string, not a Boolean, and must be converted again first",Because the if function is required to specify a default value,B,"The eval command can't directly accept a Boolean value, so tobool must be specified inside another function such as if."
258,Evaluation Functions,When is the optional base argument used by the todouble function?,Only when the value argument is a Boolean,Only when the value argument is a number,"Always, regardless of the value argument's type","Only if the value is a string, converted via tonumber",D,"The base argument is used only when the value argument is a string and the function is converted to tonumber(<value>, <base>)."
259,Evaluation Functions,How is a string value converted?,Using floor(<value>),The string is returned unchanged,"Using tonumber(<value>, <base>)",Using json_array_to_mv(<value>),C,"Table states a string value is converted using tonumber(<value>, <base>)."
260,Evaluation Functions,"What does the todouble function return if it can't parse a field value to a number, such as when the value has leading and trailing spaces?",The value 0,An error,The original string unchanged,A null value,D,"If todouble can't parse a field value to a number, the function returns null."
261,Evaluation Functions,How does the toint function handle a value that includes decimal places?,It rounds the value down to the nearest whole number,"It rounds the value to the nearest whole number, up or down",It returns null because decimals aren't supported,It rounds the value up to the nearest whole number,A,"If the value includes decimal places, the toint function rounds the value down to the nearest whole number."
262,Evaluation Functions,When is the optional base argument used by the toint function?,"Always, regardless of the value argument's type",Only when the value argument is a Boolean,Only when the value argument is a string,Only when the value argument is a number,D,The base argument is optional and is used only when the value argument is a number.
263,Evaluation Functions,How is a double value converted?,"Using the tonumber(<value>, <base>) function",Using the floor(<value>) function,Doubles cannot be converted by toint,Using the value rounded to the nearest integer,B,Table states a double value is converted using floor(<value>).
264,Evaluation Functions,What does the tomv function allow you to do?,Convert a JSON array to a multivalue field,Convert a multivalue field to a JSON array,Convert a string to a Boolean value,Merge two multivalue fields into one,A,You can use tomv to convert a JSON array to a multivalue field.
265,Evaluation Functions,What does the tomv function do with quotation marks in array values?,It does not remove the quotation marks from the array values,It replaces quotation marks with single quotes,It always removes the quotation marks from the array values,It escapes the quotation marks with backslashes,A,The tomv function does not remove the quotation marks from the array values; use json_array_to_mv instead to remove them.
266,Evaluation Functions,How is an array value converted?,"Using mv_to_json_array(<value>, true)",Using json_array_to_mv(<value>),Arrays cannot be converted by tomv,The array is returned unchanged,B,Table states an array value is converted using json_array_to_mv(<value>).
267,Evaluation Functions,How does the tonumber function decide whether to convert a string to a double or an integer?,A decimal point means double; no decimal point means integer,It always converts to a double regardless of the string format,It converts to a double only if the base argument is specified,It always converts to an integer regardless of the string format,A,"If the string contains a decimal point, tonumber converts the string to a double; otherwise it converts to an integer."
268,Evaluation Functions,"What happens when the tonumber function can't parse a string to a number, such as `tonumber(""seven"")`?",The function returns 0 as the converted value,The function returns null instead of a number,It returns an error and the search fails,The function returns the original string unchanged,C,"If tonumber can't parse a string to a number, the function returns an error, and gives an example search that fails."
269,Evaluation Functions,"What does `tonumber(""0101"", 2)` return?",Decimal value 5,Decimal value 10,Decimal value 101,Decimal value 1010,A,"The decimal representation of binary 0101 is 5, so the function returns 5."
270,Evaluation Functions,What is the valid range for the base argument in the tonumber function?,"A number between 2 and 64, inclusive","A number between 1 and 16, inclusive","A number between 0 and 100, inclusive","A number between 2 and 36, inclusive",D,"You can set the base argument to a number between 2 and 36, inclusive."
271,Evaluation Functions,What does the toobject function allow you to do?,Convert an array to a JSON object,Convert a string to a valid JSON object,Convert a JSON object to a string,Test whether a value is a valid JSON object,B,You can use toobject to convert a string to a valid JSON object.
272,Evaluation Functions,How is a string value converted?,The string is converted using tonumber,The string is returned unchanged as text,The string is parsed as a JSON object,Strings cannot be converted by toobject,C,Table states a string value is converted by being parsed as a JSON object.
273,Evaluation Functions,What does the tostring function return when the input value is a Boolean value?,"The string ""True"" or ""False""","A null value, because Booleans can't be converted",The numeric value 1 for true or 0 for false,"The literal word ""Boolean"" as a string",A,"If the value is a Boolean value, tostring returns the corresponding string value, ""True"" or ""False""."
274,Evaluation Functions,What range of integers is accepted as input to the tostring function?,0 to 2^32-1,0 to 2^64-1,0 to 2^53-1,-2^31 to 2^31-1,C,Only integers in the range of 0 to 2^53-1 are accepted as input to the tostring function.
275,Evaluation Functions,"What does the ""duration"" format argument do when used with the tostring function?",Converts a readable time format to a value in seconds,Converts seconds to the readable HH:MM:SS format,Converts a value in seconds to a Unix epoch timestamp,Formats a number with commas as thousands separators,B,"The format table states ""duration"" converts the value in seconds to the readable time format HH:MM:SS."
276,Evaluation Functions,"If the number passed to tostring with the ""commas"" format includes a decimal, what does the function do?",Truncates the decimal portion entirely,Returns an error because decimals aren't supported with commas,Rounds the number to the nearest whole number,Rounds the number to the nearest two decimal places,D,"The ""commas"" format rounds the number to the nearest two decimal places if the number includes a decimal."
277,Evaluation Functions,Why might values returned by tostring not sort as expected when used with the eval command?,Because eval sorts fields alphabetically by default regardless of type,Because tostring always returns values in reverse order,Because they are converted to ASCII,Because they are converted to binary,C,"When tostring is used with eval, returned values might not sort as expected because they are converted to ASCII."
278,Evaluation Functions,What does the md5 function compute?,The MD5 hash of a string value,The length of a string value in bits,A random string value,The SHA-1 hash of a string value,A,The md5 function computes and returns the MD5 hash of a string value.
279,Evaluation Functions,"What does `eval n=md5(""Hello World"")` return?",a1b2c3d4e5f60718293a4b5c6d7e8f90,274ab92ea358c9b31f615290809085a58578b057,b10a8db164e0754105b7a99be72e3fe5,5eb63bbbe01eeed093cb22bb8f5acdc3,C,"The md5 hash of ""Hello World"" as b10a8db164e0754105b7a99be72e3fe5."
280,Evaluation Functions,What is the purpose of concatenating an empty string to the output of random()?,It converts the numeric value generated by random() into a string value,It ensures the random function generates a smaller number,It removes leading zeros from the random number,It is required syntax for the md5 function to accept any argument,A,"The """". makes the numeric number generated by the random function into a string value."
281,Evaluation Functions,What does the sha1 function compute?,A random 128-bit identifier for a string value,The secure hash of a string value based on the FIPS compliant SHA-256 hash function,The secure hash of a string value based on the FIPS compliant SHA-1 hash function,A checksum based on the MD5 algorithm,C,Sha1 computes and returns the secure hash of a string value based on the FIPS compliant SHA-1 hash function.
282,Evaluation Functions,"What is the resulting hash value for the ID ""222-333-4444""?",b10a8db164e0754105b7a99be72e3fe5,274ab92ea358c9b31f615290809085a58578b057,b67e7f2e0ad4e744e5f7b6b148249bad13c794ce,ff8f94405a9089d0d0749ce9f729921c4f7f31fd,B,Results table shows the hashID for ID 222-333-4444 as 274ab92ea358c9b31f615290809085a58578b057.
283,Evaluation Functions,What hash function family does the sha256 function belong to?,SHA-1 family,SHA-2 family,SHA-3 family,MD5 family,B,Sha256 is based on the FIPS compliant SHA-256 (SHA-2 family) hash function.
284,Evaluation Functions,What does the sha512 function compute?,The secure hash of a string value based on the FIPS compliant SHA-1 hash function,A 128-bit message digest hash of a string value,The secure hash of a string value based on the FIPS compliant SHA-512 hash function,A non-cryptographic checksum for error detection,C,Sha512 computes and returns the secure hash of a string value based on the FIPS compliant SHA-512 (SHA-2 family) hash function.
285,Evaluation Functions,Which commands can you use the sha256 function with?,"eval, fieldformat, and where",where and transpose,eval and stats only,"eval, fieldformat, and stats",A,"You can use sha256 with the eval, fieldformat, and where commands, and as part of eval expressions."
286,Evaluation Functions,How many arguments does the now() function take?,Zero,It depends on whether it's used in a scheduled search,One,Two,A,Now() takes no arguments.
287,Evaluation Functions,What does now() return when used in a scheduled search?,The time the search results were last indexed,The time zone offset configured for the scheduled search,"The scheduled run time, which may differ from the actual run",The exact time when the scheduled search actually starts executing,C,"If used with a scheduled search, now() returns the time the search was scheduled to run, which might not be the actual run time."
288,Evaluation Functions,In what format does the now() function represent the returned time?,ISO 8601 formatted string,"UNIX time, in milliseconds since Epoch time","UNIX time, in seconds since Epoch time",Human-readable date and time string,C,"The time returned by now() is represented in UNIX time, or in seconds since Epoch time."
289,Evaluation Functions,"If you want to return the UNIX time when each individual result is returned rather than when the search starts, which function should you use instead of now()?",time(),relative_time(),strptime(),strftime(),A,"If you want to return the UNIX time when each result is returned, use the time() function instead of now()."
290,Evaluation Functions,What do the two arguments of the relative_time function represent?,A format string and a UNIX time value,Two UNIX time values to compare,A string time and the format it should be parsed with,A UNIX time value and a relative time specifier,D,Relative_time takes a UNIX time as the first argument and a relative time specifier as the second argument.
291,Evaluation Functions,"What does the relative time specifier ""-1d@d"" do when applied with relative_time?",Determines the UNIX time value of the end of today,Determines the UNIX time value of the start of yesterday,Determines the UNIX time value of the current moment minus 1 hour,Determines the UNIX time value exactly 1 day and 1 hour in the future,B,"This example determines the UNIX time value of the start of yesterday, using a snap-to time modifier."
292,Evaluation Functions,"In the expression relative_time(now(), ""-2h@h""), in what order are the offset and the snap-to modifier processed?",Both are processed simultaneously,"The offset -2h is processed first, followed by the snap-to time @h",The order depends on the current time zone setting,"The snap-to time @h is processed first, followed by the offset -2h",B,"The offset -2h is processed first, followed by the snap-to time @h."
293,Evaluation Functions,What does the strftime function do?,Calculates the relative time offset between two UNIX timestamps,Returns the current wall-clock time with microsecond resolution,Takes a UNIX time value and renders it as a formatted string,Takes a string time value and converts it into a UNIX timestamp,C,Strftime takes a UNIX time value as the first argument and renders the time as a string using the format specified.
294,Evaluation Functions,What unit must the UNIX time argument to strftime be in?,Seconds only,Microseconds,Nanoseconds,Milliseconds,A,The UNIX time must be in seconds when used with the strftime function.
295,Evaluation Functions,How do you convert a time value from milliseconds to seconds before using it with strftime?,Divide the number by 10^6,Divide the number by 100,Multiply the number by 1000,Divide the number by 1000,D,"To convert from milliseconds to seconds, you divide the number by 1000 or 10^3."
296,Evaluation Functions,What does the %V format variable return when used with strftime?,The day of the week as an abbreviated name,The week of the year that an event occurred in,The number of seconds since the start of the day,The month of the year as a two-digit number,B,"To return the week of the year that an event occurred in, you use the %V variable with strftime."
297,Evaluation Functions,"If the _time field value is 2022-08-10 11:48:23, what value does `strftime(_time, ""%H:%M"")` return?",10:11,11:48:23,08:10,11:48,D,"If the _time field value is 2022-08-10 11:48:23, the value returned in hour_min is 11:48."
298,Evaluation Functions,What does the strptime function do?,Applies a relative time specifier to a UNIX time value,Takes a UNIX time value and renders it as a formatted string,Returns the current time with microsecond resolution,Takes a string-formatted time and parses it into a UNIX timestamp,D,Strptime takes a time represented by a string and parses the time into a UNIX timestamp format.
299,Evaluation Functions,What limitation does the strptime function have regarding timestamps?,It doesn't work with timestamps that include subsecond precision values,It doesn't work with month-and-year-only timestamps; a day is needed,It doesn't work with timestamps that include time zone information,It doesn't work with timestamps formatted in ISO 8601,B,The strptime function doesn't work with timestamps that consist of only a month and year; the timestamps must include a day.
300,Evaluation Functions,The string date passed to strptime must be from what date or later?,"January 1, 1971","January 1, 1970","December 31, 1971","January 1, 1969",A,"The string date must be January 1, 1971 or later."
301,Evaluation Functions,What happens if you attempt to use the strptime function on the _time field?,The function returns an error because _time cannot be parsed,"No action is performed, since _time is already in UNIX time format",The function doubles the value of _time,The function converts _time from UNIX time into a human-readable string,B,"If you attempt to use strptime on the _time field, no action is performed on the values in the field."
302,Evaluation Functions,What does the time() function return?,The UNIX time when the search was scheduled to run,The UNIX time when the search was started,"Wall-clock UNIX time, at microsecond resolution",A relative time offset from the current moment,C,"The time() function returns the wall-clock time, in the UNIX time format, with microsecond resolution."
303,Evaluation Functions,Why does the value returned by the time() function differ for each event?,Because time() adds one second for each subsequent result automatically,Because it is based on when that event was processed by the eval command,Because the gentimes command increments the time by six hours for each result,Because the results are sorted in reverse chronological order,B,"The value of the time() function will be different for each event, based on when that event was processed by the eval command."
304,Evaluation Functions,What does the isarray function return?,TRUE if the value is a multivalue data type,TRUE if the value is an array data type,The number of elements held in the array value,TRUE if the value is a valid JSON object,B,Isarray evaluates whether the value is an array data type and returns TRUE if the value is an array.
305,Evaluation Functions,"Why does `if(isarray(""[1, 2, 3]""), ""True"", ""False"")` return True?",Because isarray always returns True for string values,Because the value is enclosed in quotation marks,"Because [1, 2, 3] is an array",Because the string contains commas,C,"This search returns True because [1, 2, 3] is an array."
306,Evaluation Functions,"Why does `if(isarray(1), ""True"", ""False"")` return False?",Because the if function requires a string argument,Because 1 is interpreted as a Boolean value,"Because isarray only works with fields, not literal values",Because the literal value 1 is not an array,D,The result is False because 1 is not an array.
307,Evaluation Functions,What does the isbool function evaluate?,Whether the value can be converted to a number,Whether the value is a Boolean data type,Whether a field contains any value at all,"Whether the value is a string that reads ""true"" or ""false""",B,Isbool evaluates whether the value is a Boolean data type and returns TRUE if the value is Boolean.
308,Evaluation Functions,"Why can't isbool be used to determine if field values are the strings ""true"" or ""false""?",Because isbool only accepts numeric input,Because the where command doesn't support isbool,Because isbool converts all string input to null,"Because field values are string or number, not Boolean",D,"This function cannot be used to determine if field values are ""true"" or ""false"" because field values are either string or number data types."
309,Evaluation Functions,"Why does `if(isbool(1==2), ""True"", ""False"")` return True?",Because isbool always returns True for comparisons,Because 1 and 2 are both integer values,Because the comparison evaluates to a numeric result,Because 1==2 is a Boolean expression,D,This search returns True because 1==2 is Boolean.
310,Evaluation Functions,"Why does `if(isdouble(3.546), ""True"", ""False"")` return True?",Because isdouble treats all decimal values as strings,Because the literal value 3.546 is a double-type number,Because the value has more than two decimal places,Because the value is enclosed in the if function,B,This search returns True because the value 3.546 is a double.
311,Evaluation Functions,"Why does `if(isdouble(1000000), ""True"", ""False"")` return False?",Because 1000000 contains no decimal point in the format string,Because 1000000 exceeds the maximum value isdouble can process,Because the literal value 1000000 is not a double,Because isdouble requires the value to be a field name,C,This example returns False because 1000000 is not a double.
312,Evaluation Functions,What does the isint function return?,The integer portion of a decimal value,TRUE if the value is a string that can be parsed as a number,TRUE if the value is an integer,TRUE if the value is a double number,C,Isint takes one argument and returns TRUE if the value is an integer.
313,Evaluation Functions,Which of the following is a valid way to use isint directly?,... | where isint(field),... | isint field,... | eval isint(field),... | stats isint(field),A,Example shows `... | where isint(field)` as a valid way to use the isint function with the where command.
314,Evaluation Functions,What does the ismv function evaluate?,Whether the field contains more than one word,Whether the field is an array data type,Whether the field is a JSON object,Whether the field is a multivalue data type,D,Ismv evaluates whether the field is a multivalue data type and returns TRUE if it is.
315,Evaluation Functions,"Why does `if(ismv(number_list), ""True"", ""False"")` return True after `number_list=split(""1, 2, 3"", "","")`?","Because split always returns an array, not a multivalue","Because number_list contains the string ""1, 2, 3""",Because ismv checks for comma characters in the value,Because the split function creates a multivalue field,D,"This example returns True because the value in the number_list field, created by split, is a multivalue."
316,Evaluation Functions,What is the isnotnull function useful for?,Checking whether a field is a valid JSON object,Checking whether a field is a Boolean data type,Checking whether a field's value is greater than zero,Checking whether or not a field contains a value,D,This function is useful for checking for whether or not a field contains a value.
317,Evaluation Functions,What does the isnull function return?,TRUE if the field doesn't exist in the search,TRUE if the value is NULL,TRUE if the value is not NULL,"The string ""null"" if the value is empty",B,Isnull takes one argument and returns TRUE if the value is NULL.
318,Evaluation Functions,"In eval n=if(isnull(field),""yes"",""no""), when does the n field get the value ""yes""?","When ""field"" contains the string ""null"" in the event","When ""field"" is a multivalue field in the result","When there is no value for ""field"" in a result","When ""field"" is a Boolean value in the result",C,"If there is no value for ""field"" in a result, the isnull function returns TRUE and adds ""yes"" to the ""n"" field."
319,Evaluation Functions,What does the isnum function return?,TRUE if the value is a number,TRUE if the value can be formatted with printf,TRUE if the value is a double,TRUE if the value is a string,A,Isnum takes one argument and returns TRUE if the value is a number.
320,Evaluation Functions,"Why does `isnum(""NaN"")` return false when ""NaN"" is used as a literal string in an evaluator expression?","Because a literal string is considered a string, not a number","Because ""NaN"" is treated as null by the eval command",Because NaN values are always excluded from numeric functions,Because isnum requires the value to be enclosed in a field reference,A,"Because ""NaN"" is just a collection of characters, it is considered a string and returns false in a search like isnum(""NaN"")."
321,Evaluation Functions,"When a field contains the string ""NaN"" (for example, from `strval=""NaN""`), how does isnum evaluate `isnum(strval)`?","True, but only if the base argument is specified","Null, because isnum cannot evaluate NaN values at all","False, because ""NaN"" is always treated as a string","True, because ""NaN"" is parsed as a numeric type",D,"Example table shows strvalIsNumeric as true, because a ""NaN"" value stored in a field is parsed as a numeric type."
322,Evaluation Functions,What search expression provides a reliable test to confirm a value is a real numeric NaN?,"eval isnan=if(isnull(numval), ""NaN"", false)","eval isnan=if(isstr(numval), match(numval,""NaN""), false)","eval isnan=if(isnum(numval), match(numval,""NaN""), false)",eval isnan=isnum(numval) AND isstr(numval),C,"`eval isnan=if(isnum(numval), match(numval,""NaN""), false)` as a reliable test for NaN."
323,Evaluation Functions,Which of the following correctly uses the isnum function with the where command?,... | eval where isnum(field),... | where field isnum,... | isnum where field,... | where isnum(field),D,Example shows `... | where isnum(field)` as the correct usage with the where command.
324,Evaluation Functions,What does the isobject function evaluate?,Whether a value is a valid JSON array,Whether a string is a valid JSON object,Whether a string can be converted to a number,Whether a field is a multivalue,B,Isobject evaluates whether the value is an object and returns TRUE if a string is a valid JSON object.
325,Evaluation Functions,"Why does if(isobject(""games""), ""True"", ""False"") return False when games = ""Ticket to Ride, Settlers of Catan""?",Because the if function requires a Boolean first argument,Because the value in the games field isn't a valid JSON object,Because the games field contains a comma-separated list instead of a field reference,Because isobject cannot evaluate string literals,B,The example returns False because the value in the games field isn't a valid JSON object.
326,Evaluation Functions,"Why does isobject(""{cities: \""3\""}"") return ""is not object""?","Because the key ""cities"" isn't quoted, making it invalid JSON",Because JSON objects cannot contain single key-value pairs,"Because the value ""3"" should be a number, not a string",Because the object is missing a closing brace,A,"In example, the object {cities: ""3""} is invalid JSON because the key isn't quoted, so isobject evaluates it as not an object."
327,Evaluation Functions,What does the isstr function return?,TRUE if the value is a multivalue,TRUE if the value is a string,TRUE if the value is a valid JSON object,TRUE if the value is a number,B,Isstr takes one argument and returns TRUE if the value is a string.
328,Evaluation Functions,"How does isstr treat the value ""NaN"", whether it's a literal string or stored in a field?","It identifies ""NaN"" as a string only when it's a literal, and as a number when stored in a field","It identifies ""NaN"" as a number in both cases",It returns null in both cases because NaN is ambiguous,"It identifies ""NaN"" as a string in both cases",D,"With isstr, in both cases the function parses the ""NaN"" value as a string, unlike isnum."
329,Evaluation Functions,Which of the following correctly demonstrates using isstr with the where command?,... | eval where isstr(field),... | where field isstr,... | where isstr(field),... | isstr where field,C,Example shows `... | where isstr(field)` as the correct usage with the where command.
330,Evaluation Functions,"What does the typeof function return when given a field that does not exist in the event, such as typeof(badfield)?","""Invalid""","""Unknown""","""Null""","""NULL""",A,"The example eval n=typeof(12) + typeof(""string"") + typeof(1==2) + typeof(badfield) returns ""NumberStringBoolInvalid"", so typeof(badfield) contributes ""Invalid""."
331,Evaluation Functions,How many arguments does the typeof function take?,One,Two,An unlimited number,One or two,A,"""This function takes one argument and returns the data type of the argument."""
332,Evaluation Functions,What value is returned for t in the search | makeresults | eval t=typeof(_time)?,Date,Number,Time,String,B,The results of this search as t=Number for the _time field.
333,Evaluation Functions,What data type must a <key> be in the json_object function?,A JSON object,An array,A string,A number,C,"""A <key> must be a string,"" while a <value> can be a string, number, Boolean, null, multivalue field, array, or another JSON object."
334,Evaluation Functions,Which of the following is NOT a valid type for a <value> argument in json_object?,Regular expression,Boolean,Multivalue field,JSON object,A,"Valid value types as string, number, Boolean, null, multivalue field, array, or another JSON object; a regular expression is not among them."
335,Evaluation Functions,Which commands can you use the json_object function with?,eval and where,stats and eval,where and rex,eval and rename,A,"""You can use this function with the eval and where commands, and as part of evaluation expressions with other commands."""
336,Evaluation Functions,"What is the result of ""... | eval name = json_object(\""name\"", \""maria\"")""?","[ ""name"", ""maria"" ]","{ ""maria"": ""name"" }","""name=maria""","{ ""name"": ""maria"" }",D,"This example ""creates a basic JSON object { \""name\"": \""maria\"" }""."
337,Evaluation Functions,"A search runs eval gamelist = json_array(""Pandemic"", ""Forbidden Island"", ""Castle Panic""), games = json_object(""category"", json_object(""boardgames"", json_object(""cooperative"", gamelist))). What is the single top-level key of the resulting games JSON object shown in the results?","""boardgames""","""games""","""cooperative""","""category""",B,"The example assigns games = json_object(""category"", json_object(""boardgames"", ...)), making ""games"" the single top-level key of the result."
338,Evaluation Functions,What does the json function return when its input value is not valid JSON?,An empty string,null,An error,false,B,"""If the value is in a valid JSON format, the function returns the value. Otherwise, the function returns null."""
339,Evaluation Functions,What does the json function return when its input value IS valid JSON?,TRUE,The value's data type,"The string ""valid""",The value itself,D,"""If the value is in a valid JSON format, the function returns the value."""
340,Evaluation Functions,Which of these is NOT a valid kind of <value> argument for the json() eval function?,A Boolean value,A string value,A regular expression,A JSON array or object,C,"A <value> ""can be any kind of value such as string, number, Boolean, null, or JSON array or object""; a regular expression is not listed."
341,Evaluation Functions,"What does json(""Golden Gate Bridge San Francisco"") return, given that the value is a plain string and not valid JSON?",An empty array,"""Golden Gate Bridge San Francisco""",FALSE,null,D,"""When the value is not JSON, the function returns null,"" which applies to the non-JSON San Francisco row."
342,Evaluation Functions,What is the minimum number of function inputs required for json_append?,Three,Only one,Just two,Exactly four,A,"Json_append ""always has at least three function inputs: <json> ... and at least one <path> and <value> pair."""
343,Evaluation Functions,What does json_append do if the <json> argument does not reference a valid JSON document?,The function creates a new empty JSON object,The function outputs nothing,The function returns an error,The function returns the value unchanged,B,"""If <json> does not reference a valid JSON document, such as a JSON object, the function outputs nothing."""
344,Evaluation Functions,"If a <path> in json_append specifies an empty array, what does json_append do with the corresponding <value>?","It adds the value to that array, creating an array with a single value","It replaces the empty array with the value directly, not inside an array",It ignores the path-value pair,It returns an error,A,"For an empty array ""json_append adds the corresponding <value> to that array, creating an array with a single value."""
345,Evaluation Functions,"If a <path> in json_append specifies a scalar or object value, what does json_append do?","It wraps the value in an array, then appends it",It returns an error message,It ignores the path-value pair entirely,It overwrites the scalar with the new value,A,"For a scalar or object value, ""json_append autowraps the scalar or object value within an array and adds the corresponding <value> to the end of that array."""
346,Evaluation Functions,"When the new <value> passed to json_append is itself an array, how is it appended to the target array?",It replaces the existing array entirely,As a single element,It is only appended if the existing array is empty,Its elements are flattened and appended individually,B,"""When the new <value> is an array, json_append appends the array as a single element,"" giving the example result [""a"",""b"",""c"",[""d"",""e"",""f""]]."
347,Evaluation Functions,How does json_append differ from json_extend when appending an array value?,json_append requires two path-value pairs while json_extend requires only one,json_append flattens arrays while json_extend appends them as single elements,json_append only works on empty arrays while json_extend works on any array,json_append keeps the array as one element; json_extend flattens it into elements,D,"Appending arrays as single elements ""separates json_append from json_extend, a similar function that flattens arrays and objects into separate elements as it appends them."""
348,Evaluation Functions,"What is the result of eval updatePonies = json_append(ponies, ""ponylist"", ""Fluttershy"") when ponies is {""ponylist"": [""Minty"", ""Rarity"", ""Buttercup""]}?","{""ponylist"": [""Fluttershy"", ""Minty"", ""Rarity"", ""Buttercup""]}","{""ponylist"": [""Minty"", ""Rarity"", ""Buttercup"", ""Fluttershy""]}","{""ponylist"": [""Minty"", ""Rarity"", ""Buttercup""], ""Fluttershy"": true}","[""Minty"", ""Rarity"", ""Buttercup""]",B,"The output of this eval statement is {""ponylist"": [""Minty"", ""Rarity"", ""Buttercup"", ""Fluttershy""]}."
349,Evaluation Functions,"What does ""... | eval ponies = json_array(\""buttercup\"", \""fluttershy\"", \""rarity\"")"" produce?","{""ponies"": [""buttercup"",""fluttershy"",""rarity""]}","{""buttercup"": ""fluttershy"", ""rarity"": null}","""buttercup,fluttershy,rarity""","[""buttercup"", ""fluttershy"", ""rarity""]",D,"This example ""creates a simple array [\""buttercup\"", \""fluttershy\"", \""rarity\""]""."
350,Evaluation Functions,Which function can also be used to specify values within a json_array call?,json_object,mvappend,json_extract,spath,A,"""You can also use the json_object function to specify values"" in json_array."
351,Evaluation Functions,Which commands can you use the json_array function with?,eval and sort,stats and chart,where and rex,eval and where,D,"""You can use this function with the eval and where commands, and as part of evaluation expressions with other commands."""
352,Evaluation Functions,What does json_array_to_mv output if the <json_array> input is not a valid JSON array?,An error message,Nothing,A NULL string value,An empty array,B,"""If the <json array> input to the function is not a valid JSON array, the function outputs nothing."""
353,Evaluation Functions,What is the default value of the <boolean> argument in json_array_to_mv?,null,true(),false(),There is no default; it is required,C,"""The <boolean> input defaults to false()."""
354,Evaluation Functions,"When the <boolean> argument of json_array_to_mv is set to true(), what happens to bracketing quotes on JSON string data types?",They are preserved,They are removed,They are doubled,They are converted to single quotes,A,"""When set to true(), the json_array_to_mv function preserves bracketing quotes on JSON string data types."""
355,Evaluation Functions,"By default, what does json_array_to_mv do to JSON string data types when converting an array to a multivalue field?",Converts them to numbers automatically,Wraps them in an additional array,Removes the bracketing quotes,Preserves the bracketing quotes,C,"By default, ""the json_array_to_mv function removes bracketing quotes from JSON string data types when it converts an array into a multivalue field."""
356,Evaluation Functions,"When json_delete removes keys from a JSON object, what happens to the original object?",It is modified in place directly,It is converted into a string value,It is deleted entirely from the index,It is unchanged; a new object is returned,D,"""The original JSON object is not modified. Instead, a new object is returned."""
357,Evaluation Functions,Does the <keys> argument of json_delete support array indexing?,No,"Yes, but only with integer indexes","Yes, always","Yes, but only for the first key",A,"""Array indexing is not supported"" for the <keys> argument of json_delete."
358,Evaluation Functions,What are the two accepted ways to specify the <keys> argument for json_delete?,A field name or a path expression,A JSON object or a string,A comma-separated list or an array,A regex pattern or a literal,C,"Table shows keys can be specified as ""A comma-separated list"" or ""An array""."
359,Evaluation Functions,"If a key name contains a dot character, such as student.name, what happens when you call json_delete(obj, \""student.name\"")?","It looks for a nested name object under student, which doesn't exist",It deletes both student and name as separate top-level keys in the object,"It deletes the literal key ""student.name"" entirely",It throws a syntax error immediately,A,"""Using json_delete(obj, \""student.name\"") looks for the nested object name under the key student, which doesn't exist,"" because deleting key names with dots is not supported."
360,Evaluation Functions,"After running eval sales_account = json_delete(object, ""SSN"", ""accounts""), what happens to the original object field?",It stays unchanged; sales_account holds the new object without those keys,The function returns an error because two keys were specified,Only the SSN key is removed,The SSN and accounts keys are removed directly from the object field,A,"Results table shows the original object field unchanged, while sales_account contains the new object with SSN and accounts removed."
361,Evaluation Functions,In what format does json_entries return the key-value pairs of a JSON object?,"A JSON array of objects with ""key"" and ""value"" fields",A multivalue field of key=value strings,A single string with keys separated by commas,A nested JSON object mirroring the original structure,A,"""The entries are returned as a JSON array of JSON objects with fields key and value."""
362,Evaluation Functions,Which commands can you use the json_entries function with?,eval and stats only,"eval, chart, and stats",where and rex,"eval, fieldformat, where",D,"""You can use this function with the eval, fieldformat, and where commands, and as part of eval expressions."""
363,Evaluation Functions,"Does json_entries return nested key-value pairs, or only the top-level pairs of the JSON object?",All nested key-value pairs at every level,Only pairs whose value is a string,Only the top-level key-value pairs,Only the last key-value pair,C,"Json_entries ""returns the key-value entries from the top-level key-value pairs in a JSON object."""
364,Evaluation Functions,"For the JSON ""{\""a\"": 1, \""b\"": 2}"", what does json_entries return?","[1,2] as a simple flattened array of values","[{""key"":""a"",""value"":1},{""key"":""b"",""value"":2}]","{""a"":1,""b"":2}, the original object unchanged","[""a"",""b""], an array of just the key names",B,"The basic example shows json_entries(""{\""a\"": 1, \""b\"": 2}"") returns [{""key"":""a"",""value"":1},{""key"":""b"",""value"":2}]."
365,Evaluation Functions,What must the <value> argument be in a json_extend path-value pair?,A JSON object,An array,A number,A string,B,"""The <value> must be an array."""
366,Evaluation Functions,"When json_extend is given valid inputs, what type of value does it always output?",A JSON object with a single key,An array,A Boolean,A string,B,"""When given valid inputs, json_extend always outputs an array."""
367,Evaluation Functions,What does json_extend do if the <json> argument does not reference a valid JSON document?,The function returns the value argument unchanged,The function outputs nothing,The function returns an error,The function creates a new document,B,"""If <json> does not reference a valid JSON document, such as a JSON object, the function outputs nothing."""
368,Evaluation Functions,How does json_extend handle an array value before appending it to the target array?,It flattens the array into its component values,It sorts the array before appending,It converts the array to a string,It appends the array as a single nested element,A,"""The json_extend function flattens arrays as it appends them to the specified value."""
369,Evaluation Functions,"For a json_extend <path> that leads to [""a"",""b"",""c""] with a <value> of [""d"",""e"",""f""], what is the result?","[""a"",""b"",""c""]","[""d"",""e"",""f"",""a"",""b"",""c""]","[""a"",""b"",""c"",[""d"",""e"",""f""]]","[""a"",""b"",""c"",""d"",""e"",""f""]",D,"The result of this example is [""a"", ""b"", ""c"", ""d"", ""e"", ""f""]."
370,Evaluation Functions,"When json_extend appends one array to another, what happens to the elements of the appended array?",The appended array is added as one nested element at the end of the first array,Only the first element of the appended array is added to the first array,The elements are added individually (flattened) to the end of the first array,The function returns an error unless both arrays have the same length,C,"json_extend flattens the appended array, adding its elements individually to the end of the first array rather than nesting the array inside it."
371,Evaluation Functions,What does json_extract(<json>) do when no <path> argument is given?,Validates whether the JSON is well-formed or not,Converts a JSON field to a native Splunk type,Returns the keys of the JSON object as an array,Deletes the JSON object from the event entirely,B,"Syntax table states json_extract(<json>) ""Converts a JSON field to the Splunk software native type."""
372,Evaluation Functions,"When multiple <path> arguments are given to json_extract, what is returned?",A multivalue field with one value per path given,A JSON array of all the extracted paths,A single scalar value of the native type,The value of the first matching path only,B,"Json_extract(<json>, <path>, <path>, ...) ""Extracts all of the paths from <json> and returns it as a JSON array."""
373,Evaluation Functions,Why might json_extract fail to access a value in a JSON object?,"If a key contains a special character, like a period",If the JSON object contains more than 10 distinct keys,If the extraction path uses curly brace syntax,If the extracted value is a Boolean type,A,"""If a JSON object contains a value with a special character, such as a period, json_extract can't access it."""
374,Evaluation Functions,Which function should you use instead of json_extract when a JSON key contains a special character like a period?,json_delete,json_set_exact,json_extract_exact,json_valid,C,"""Use the json_extract_exact function for those situations,"" referring to keys with special characters."
375,Evaluation Functions,"In a JSON array field, what does the path ""{0}"" refer to when used with json_extract?",The last item in a JSON array,The first item in a JSON array,The total count of items in the array,A JSON object's first key,B,"""the {0} maps to the '0' item in the array, which is London,"" confirming {0} refers to the first array item."
376,Evaluation Functions,"Given cities=[{""name"":""London"",""Bridges"":[{""name"":""Tower Bridge"",""length"":801},{""name"":""Millennium Bridge"",""length"":1066}]},{""name"":""Venice"",""Bridges"":[{""name"":""Rialto Bridge"",""length"":48},{""name"":""Bridge of Sighs"",""length"":11}]},{""name"":""San Francisco"",""Bridges"":[{""name"":""Golden Gate Bridge"",""length"":8981},{""name"":""Bay Bridge"",""length"":23556}]}], what does json_extract(cities,""{}.name"") return?","[""London"",""Venice"",""San Francisco""]","""London"", the first matching name only","{""name"":""London""}, wrapped as an object","[0,1,2], the array's numeric indexes",A,"This example ""extracts the names of the cities"" and returns [""London"",""Venice"",""San Francisco""]."
377,Evaluation Functions,"Given cities=[{""name"":""London"",""Bridges"":[{""name"":""Tower Bridge"",""length"":801},{""name"":""Millennium Bridge"",""length"":1066}]},{""name"":""Venice"",""Bridges"":[{""name"":""Rialto Bridge"",""length"":48},{""name"":""Bridge of Sighs"",""length"":11}]},{""name"":""San Francisco"",""Bridges"":[{""name"":""Golden Gate Bridge"",""length"":8981},{""name"":""Bay Bridge"",""length"":23556}]}], what does json_extract(cities,""{2}.Bridges{0}.length"") return?",23556,8981,801,"""Golden Gate Bridge""",B,"This example returns the length of the first bridge from the third city (San Francisco), which is 8981."
378,Evaluation Functions,What is the main difference between json_extract_exact and json_extract?,json_extract_exact requires the where command,"It matches literal strings as keys, not paths",json_extract_exact only works on arrays,json_extract_exact cannot return native types,B,"Json_extract_exact ""does not use paths to locate and extract values, but instead matches literal strings in the event and extracts those strings as keys."""
379,Evaluation Functions,Does json_extract_exact support explicitly nested paths?,"No, it treats key strings literally","Yes, but only for arrays","Yes, using dot notation","Yes, using curly brace indexing",A,"""The json_extract_exact function treats strings for key extraction literally. This means that the function does not support explicitly nested paths."""
380,Evaluation Functions,"For the JSON ""{\""system.splunk.path\"":\""/opt/splunk/\""}"", why would you use json_extract_exact instead of json_extract to get the value?",Because the extracted value is a number,Because json_extract_exact runs faster on large events,Because periods in the key block json_extract,Because the object contains more than one key,C,"""you can't use the json_extract function because of the period characters. Instead, you would use json_extract_exact."""
381,Evaluation Functions,"When multiple <string> arguments are passed to json_extract_exact, what is returned?",A JSON array of the extracted keys,"An error, since only one string is allowed",A single combined string,A multivalue field,A,"Syntax table states json_extract_exact(<json>, <string>, <string>, ...) ""Extracts all of the strings from <json> and returns them as a JSON array of keys."""
382,Evaluation Functions,What does json_has_key_exact return?,An integer count of matches,TRUE or FALSE,The key's value or null,A JSON array of matching keys,B,"""This function evaluates whether a JSON object contains the specified key and returns either TRUE or FALSE."""
383,Evaluation Functions,Why must json_has_key_exact be wrapped inside a function like if() when used with the eval command?,Because json_has_key_exact returns an array of keys,Because eval doesn't support any JSON functions at all,Because eval can't directly accept a Boolean value,Because eval requires numeric arguments only,C,"""the eval command can't directly accept a Boolean value. You must specify the function inside another function, such as the if function."""
384,Evaluation Functions,With which command can json_has_key_exact be used directly without wrapping it in another function?,where,eval,stats,chart,A,"""You can use this function directly with the where command in searches, but the eval command can't directly accept a Boolean value."""
385,Evaluation Functions,"In json_has_key_exact, how is a dot character within a key string, such as \""charlie.garcia\"", treated?","As a literal, not a nested object reference",As a path separator for nested objects,As an invalid character that causes an error,As a wildcard character in the key string,A,"""The function treats the dot character (.) in 'charlie.garcia' as a string literal, not as a nested object in JSON format."""
386,Evaluation Functions,In what format does json_keys return the keys of a JSON object?,As a JSON array,As a single concatenated string,As a JSON object mapping keys to true,As a multivalue field separated by commas,A,"""Returns the keys from the key-value pairs in a JSON object. The keys are returned as a JSON array."""
387,Evaluation Functions,Can json_keys be used on JSON arrays?,"Yes, it returns the array's values","Yes, but only for arrays of objects",No,"Yes, it returns the array's indexes",C,"""The json_keys function cannot be used on JSON arrays."""
388,Evaluation Functions,"For the JSON object \""{name: Clifton Suspension Bridge, length: 1352, city: Bristol, country: England}\"", what does json_keys return?","[""name"", ""length"", ""city"", ""country""]",4,"{""name"":""length"",""city"":""country""}","[""Clifton Suspension Bridge"", 1352, ""Bristol"", ""England""]",A,"Example shows bridge_keys = json_keys(bridges) returns [""name"", ""length"", ""city"", ""country""]."
389,Evaluation Functions,Which commands can you use the json_keys function with?,eval and stats,eval and where,where and rex,stats and chart,B,"""You can use this function with the eval and where commands, and as part of evaluation expressions with other commands."""
390,Evaluation Functions,What does json_set return?,An updated JSON object,The number of keys modified,A Boolean indicating success,A multivalue field of the updated keys,A,"Json_set ""Inserts or overwrites values for a JSON node with the values provided and returns an updated JSON object."""
391,Evaluation Functions,"If a path in json_set contains a list of keys that don't exist yet, what happens?",The function returns an error,All of the keys in the chain are created,Only the first missing key is created,The function skips the update silently,B,"""If the path contains a list of keys, all of the keys in the chain are created if the keys don't exist."""
392,Evaluation Functions,"What happens when there's a mismatch between the JSON object structure and the path in json_set, such as when object {a:b} is used with path a.c?",The update is skipped and no error is generated,The function throws an error,"A new top-level key ""a.c"" is created","The value ""b"" is overwritten with the new value",A,"""If there's a mismatch between the JSON object and the path, the update is skipped and doesn't generate an error."""
393,Evaluation Functions,"By default, is a value type match enforced when json_set overwrites an existing value?","No, you can overwrite values with a different type","Yes, but only string-to-string overwrites are allowed","Yes, overwriting with a different type causes an error","No, but only numbers can overwrite other numbers",A,"""A value type match isn't enforced. For example, you can overwrite a number with a string, Boolean, null, and so on."""
394,Evaluation Functions,Which function is similar to json_set but treats keys as literal strings instead of interpreting them as nested paths?,json_delete,json_has_key_exact,json_extract_exact,json_set_exact,D,"Json_set as ""Similar to the json_set_exact function,"" and json_set_exact is described as treating keys literally."
395,Evaluation Functions,"In json_set(games, ""category.boardgames.cooperative{2}"", ...), what does the index {2} refer to?","The third position in the array, since position counting starts at 0","An error, because {2} is not valid syntax",The last position in the array,"The second position in the array, since position counting starts at 1",A,"""The position count starts with 0. The third position is 2, which is why the example specifies {2} in the path."""
396,Evaluation Functions,"When json_set inserts values under the path ""category.boardgames.competitive"" and the key competitive did not previously exist, what happens?",The key is created,The update is silently skipped,The function returns an error,"The existing ""cooperative"" key is renamed to ""competitive""",A,"""Because the key competitive doesn't exist in the path, the key is created."""
397,Evaluation Functions,"How does json_set_exact interpret a key like \""system.splunk.path\""?",As an invalid key that causes an error,"As three nested keys: system, splunk, and path",As a regular expression,"As a literal string key, not a nested path",D,"""The json_set_exact function interprets the keys as literal strings, including special characters. This function does not interpret strings separated by period characters as keys for nested objects."""
398,Evaluation Functions,"If you supply multiple key-value pairs to json_set_exact, what does the function output?",A multivalue field,An array,A nested JSON object with one level per pair,A single flat JSON object,B,"""If you supply multiple key-value pairs to json_set_exact, the function outputs an array."""
399,Evaluation Functions,Does json_set_exact support paths in the same way as json_set?,"Yes, paths work identically in both functions","No, it does not support or expect paths","Yes, but only numeric array paths are supported","No, but it supports regex-based paths instead",B,"""The json_set_exact function does not support or expect paths. You can set paths with nested json_array or json_object function calls."""
400,Evaluation Functions,"If you use json_set instead of json_set_exact on the key \""system.splunk.path\"", what JSON object results?",An error is immediately returned,"[""system"",""splunk"",""path""], a flat array","{""system.splunk.path"":""/opt/splunk""}, one key","{""system"":{""splunk"":{""path"":""/opt/splunk""}}}",D,"""If you use json_set in the preceding search you get this JSON object: {\""system\"":{\""splunk\"":{\""path\"":\""/opt/splunk\""}}}""."
401,Evaluation Functions,What does json_valid return?,TRUE or FALSE,An error message describing syntax problems,The validated JSON object,"null if invalid, otherwise the object",A,"""Evaluates whether a piece of JSON uses valid JSON syntax and returns either TRUE or FALSE."""
402,Evaluation Functions,Why would you wrap json_valid inside the if function when assigning the result to an IsValid field?,Because json_valid requires two arguments,Because fields cannot hold Boolean values directly,Because the where command doesn't support json_valid,Because json_valid returns a JSON array,B,"""Because fields cannot hold Boolean values, the if function is used with the json_valid function to place the string value equivalents of the Boolean values into the isValid field."""
403,Evaluation Functions,Which of the following is a related command for the json_valid function?,json_extract,spath,fromjson,json_set,C,"See also section for json_valid lists ""tojson"" and ""fromjson"" as related commands (and mv_to_json_array as a related function); of the four options, only fromjson appears there."
404,Evaluation Functions,What does the abs function return?,The average of a set of numbers,The absolute value of a number,The absolute difference between two numbers,The exponent of a number,B,"""This function takes a number and returns its absolute value."""
405,Evaluation Functions,What does the ceiling function (or its abbreviation ceil) do to a number?,Rounds it up to the next highest integer,Rounds it to the nearest integer,Truncates the decimal portion without rounding,Rounds it down to the nearest integer,A,"""This function rounds a number up to the next highest integer."""
406,Evaluation Functions,What does the exact function do?,Rounds a number to the nearest integer,Converts a string to an exact number,Returns the exact absolute value of a number,Renders a numeric result with more precision,D,"""This function renders the result of a numeric expression with a larger amount of precision in the formatted output."""
407,Evaluation Functions,What does the exp function return?,The natural logarithm of the argument,The argument raised to the power of e,e raised to the power of the argument,The square root of e times the argument,C,"""This function takes a number and returns the exponential function eN,"" i.e., e raised to the power of the argument."
408,Evaluation Functions,What does the floor function do?,Rounds a number down to the nearest whole integer,Rounds a number up to the nearest whole integer,"Truncates a number to zero, ignoring direction",Rounds a number to the nearest even integer,A,"""This function rounds a number down to the nearest whole integer."""
409,Evaluation Functions,What does the ln function return?,The absolute value of a number,The logarithm base 10 of a number,The exponential of a number,The natural logarithm of a number,D,"""This function takes a number and returns the natural logarithm."""
410,Evaluation Functions,"In the log(<num>,<base>) function, what happens if the <base> argument is omitted?",The function uses base e for a natural logarithm,The function returns an error,The function uses base 2,It evaluates the logarithm of <num> with base 10,D,"""If the second argument <base> is omitted, this function evaluates the logarithm of number with base 10."""
411,Evaluation Functions,To how many digits of precision does the pi() function return the constant pi?,11 digits,8 digits,15 digits,5 digits,A,"""This function takes no arguments and returns the constant pi to 11 digits of precision."""
412,Evaluation Functions,"What does pow(<num>,<exp>) return?",<exp> raised to the power of <num>,The product of <num> and <exp>,<num> raised to the power of <exp>,The logarithm of <num> with base <exp>,C,"""This function takes two numeric arguments <num> and <exp> and returns <num> to the power of <exp>."""
413,Evaluation Functions,"If the <precision> argument is omitted from the round function, what does the function round the number to?",An integer,Zero,The nearest even number,Two decimal places,A,"""The default is to round up to an integer."""
414,Evaluation Functions,"What does ""... | eval n=round(2.555, 2)"" return?",n=3,n=2.6,n=2.55,n=2.56,D,"""The following example returns n=2.56,"" for round(2.555, 2)."
415,Evaluation Functions,"For multiplication and division, how many significant figures does the sigfig function assign to the result?",Always exactly 3 significant figures,The average number of significant figures among all operands,The maximum number of significant figures among all operands,The minimum number of significant figures among all operands,D,"""For multiplication and division, the result should have the minimum number of significant figures of all of the operands."""
416,Evaluation Functions,"For addition and subtraction, how does sigfig determine the number of decimal places in the result?",It uses the same number of decimal places as the least precise operand,It uses the same number of decimal places as the most precise operand,It sums the decimal places of all operands,It always rounds to zero decimal places,A,"""For addition and subtraction, the result should have the same number of decimal places as the least precise number of all of the operands."""
417,Evaluation Functions,"In ... | eval n=sigfig(1.00*1111), why does the function return n=1110 instead of 1111?","Because 1111 has 4 significant figures, which is the minimum among the operands",Because multiplication always loses exactly one significant figure,"Because 1.00 has 3 significant figures, which is the minimum among the operands",Because sigfig always rounds multiplication results to 4 digits,C,"""1.00 has 3 significant figures and 1111 has 4 significant figures. In this example, the minimum number of significant figures for all operands is 3,"" so the result is rounded to 3 digits."
418,Evaluation Functions,Why can't the sigfig function directly accept a field named avg(test)?,Because sigfig only works on fields created by makeresults,Because the field name resembles another function's name,Because avg is a reserved word in all eval expressions of a search,Because parentheses are never permitted in eval field names,B,"""The sigfig function cannot accept a field name that looks like another function, in this case avg,"" requiring the field to be renamed with AS test first."
419,Evaluation Functions,What does the sqrt function return?,The square of a number,The absolute value of a number,The square root of a number,The reciprocal of a number,C,"""This function takes one numeric argument <num> and returns its square root."""
420,Evaluation Functions,"What does ""... | eval n=sqrt(9)"" return?",3,81,9,4.5,A,"""The following example returns 3"" for sqrt(9)."
421,Evaluation Functions,What happens when the sum function is called with a field argument that doesn't exist in the event?,The eval command ignores the missing argument,The missing argument is treated as zero,The entire eval statement is skipped for that event,The function returns an error,A,"""The eval command ignores arguments that don't exist in an event or can't be converted to a number,"" and shows a field for c is not created when c doesn't exist."
422,Evaluation Functions,"What does ""... | eval c=sum(1, 2, \""3\"")"" do?",It returns c=6,It returns c=3,It returns an error because one of the arguments is a string,It silently ignores the quoted argument and returns c=3,C,"""the following example returns an error because one of the arguments in the function is a string,"" referring to sum(1, 2, ""3"")."
423,Evaluation Functions,"In ... | eval a=""somedata"", c=sum(a, 2, 3), why does c equal 5 rather than causing an error?","Because eval treats a field argument as a number, ignoring it if conversion fails",Because sum() ignores all string fields regardless of how they are specified,Because the field a is deleted before the sum is calculated,"Because ""somedata"" is automatically converted to zero before summing",A,"""When an argument is a field, the eval command retrieves the value and attempts to treat it as a number, even if it is a string,"" resulting in c=5 (2+3) since ""somedata"" can't convert."
424,Evaluation Functions,"At minimum, how many numeric arguments does the sum function require?",Three,"Zero, since fields can be empty",Two,One,D,"""At least one numeric argument is required."""
425,Evaluation Functions,What does the commands function return?,The most recently run search command,The number of commands in a search string,A single string listing all search commands separated by spaces,A multivalue field listing the commands used in a search string,D,"Commands ""returns a multivalued field containing a list of the commands used in <value>."""
426,Evaluation Functions,What types of values can be passed to the mvappend function?,Strings or single/multivalue fields,Only numeric-typed field values,Only literal string constants,Only genuine multivalue fields,A,"""The values can be strings, multivalue fields, or single value fields."""
427,Evaluation Functions,What does mvappend return?,Only the first value passed to it,One multivalue result with all inputs,A count of the number of input values,A JSON array of the input values,B,"""This function takes one or more values and returns a single multivalue result that contains all of the values."""
428,Evaluation Functions,"Nesting mvappend functions such as ""mvappend(mvappend(\""localhost\"", srcip), destip, \""192.168.1.1\"")"" produces the same result as which alternative?","Two separate eval statements, each creating a different field",A json_array call with the same four values,Calling mvappend twice and joining the results with mvjoin,A single flat mvappend call listing all four values as arguments,D,"""the previous example generates the same results as the following example, which does not use a nested mvappend function,"" showing a flat call with all four values."
429,Evaluation Functions,What does mvcount return if the field contains a single (non-multivalue) value?,1,The value itself,NULL,0,A,"""If the field contains a single value, this function returns 1."""
430,Evaluation Functions,What does mvcount return for a multivalue field?,A list of all distinct values,The first value in the field,The sum of the numeric values in the field,The number of values in that field,D,"""If the field is a multivalue field, this function returns the number of values in that field."""
431,Evaluation Functions,What does mvcount return if the field has no values at all?,An error,NULL,0,-1,B,"""If the field has no values, this function returns NULL,"" as also shown in the mvcount(Cc) example when no Cc address exists."
432,Evaluation Functions,What does the mvdedup function do to a multivalue field?,Merges the field with another multivalue field,Returns the field with duplicate values removed,Returns the count of unique values,Sorts the values alphabetically,B,"""This function takes a multivalue field and returns a multivalue field with its duplicate values removed."""
433,Evaluation Functions,How many distinct fields can the Boolean expression inside mvfilter reference at a time?,Zero; it must be a constant expression,Only one,An unlimited number,Up to two,B,"""The Boolean expression can reference ONLY ONE field at a time."""
434,Evaluation Functions,Which expression should you use with mvfilter to exclude NULL values from the results?,mvfilter(isnull(<value>)),"mvfilter(<value> != \""\"")",mvfilter(isnotnull(<value>)),mvfilter(mvcount(<value>) > 0),C,"Mvfilter(isnotnull(<value>)) as one of the expressions to use ""If you do not want the NULL values."""
435,Evaluation Functions,What does mvfind return if no values in the multivalue field match the regular expression?,0,NULL,-1,An empty string,B,"""If no values match, NULL is returned."""
436,Evaluation Functions,"If a match is found by mvfind, what is returned?",The index of the first match (zero-based),"TRUE, if a match is found","The matching value itself, unindexed",The count of all matching values found,A,"""If a match exists, the index of the first matching value is returned (beginning with zero)."""
437,Evaluation Functions,"In mvindex, which arguments are required and which are optional?",Only <mv> is required,All three arguments are required,<mv> and <end> are required; <start> is optional,<mv> and <start> are required; <end> is optional,D,"""The <mv> and <start> arguments are required. The <end> argument is optional."""
438,Evaluation Functions,What index number does the first value in a multivalue field have when using mvindex?,-1,0,It depends on the field,1,B,"""Indexes start at zero. If you have 5 values in the multivalue field, the first value has an index of 0."""
439,Evaluation Functions,"If only the <start> argument is specified in mvindex, with no <end>, what is returned?",Only the single value at that index,All values before that index,All values from that index to the end of the field,NULL,A,"""If only the <start> argument is specified, only that value is included in the results."""
440,Evaluation Functions,What does an index of -1 refer to in mvindex?,An invalid index that returns NULL,The second-to-last value in the list,The last value in the list,The first value in the list,C,"""An index of -1 is used to specify the last value in the list,"" and the example mvindex(ponies,-1) returns ""rarity"", the last pony."
441,Evaluation Functions,What does mvindex return if the specified indexes are out of range or invalid?,NULL,An empty multivalue field,An error message,The nearest valid value,A,"""If the indexes are out of range or invalid, the result is NULL."""
442,Evaluation Functions,What does the mvjoin function do?,Removes duplicate values from a multivalue field,Joins the values in a multivalue field using a delimiter,Sorts a multivalue field lexicographically,Splits a string into a multivalue field using a delimiter,B,"""The function concatenates the individual values within <mv> using the value of <delim> as a separator."""
443,Evaluation Functions,How many arguments does mvjoin require?,One: only the multivalue field,"Three: a multivalue field, a delimiter, and a limit",Two: a start index and an end index,Two: a multivalue field and a delimiter string,D,"""This function takes two arguments, a multivalue field and a string delimiter."""
444,Evaluation Functions,What does the mvmap function do?,"Applies an expression to each value, returning the results",Maps the values of a multivalue field to a JSON object,Filters a multivalue field based on a Boolean expression,Combines two multivalue fields into one using a delimiter,A,"""This function iterates over the values of a multivalue field, performs an operation using the <expression> on each value, and returns a multivalue field with the list of results."""
445,Evaluation Functions,"In ""... | eval n=mvmap(results, results*10)"", what happens to each value in the results field?",Each value is multiplied by 10,The values are summed and then multiplied by 10,Each value is divided by 10 in turn,Only the first value is multiplied by 10,A,"""The following example multiplies each value in the results field by 10."""
446,Evaluation Functions,"In an expression such as mvmap(mvindex(results, 1,2), results*threshold), which function identifies only the 2nd and 3rd values of the multivalue field?",mvsort,mvindex,mvfind,mvfilter,B,"""This example uses the mvindex function to identify specific values in the results field,"" in mvmap(mvindex(results, 1,2), results*threshold)."
447,Evaluation Functions,Is the <end> value included in the multivalue field created by mvrange?,It depends on whether step is positive or negative,"Yes, but only if step is 1","No, it is excluded","Yes, it is always included",C,"""an ending number (which is excluded from the field)"" and ""The <end> number is not included from the multivalue field that is created."""
448,Evaluation Functions,"What does ""... | eval mv=mvrange(1,11,2)"" return?","1, 3, 5, 7, 9, 11","2, 4, 6, 8, 10","1, 2, 3, 4, 5","1, 3, 5, 7, 9",D,"""The following example returns a multivalue field with the values 1, 3, 5, 7, 9."""
449,Evaluation Functions,"If the <step> argument to mvrange is a timespan such as ""7d"", how are the starting and ending numbers treated?","As an error, since timespans aren't supported",As UNIX time,As day-of-week values,As string literals,B,"""If the increment is a timespan such as 7d, the starting and ending numbers are treated as UNIX time."""
450,Evaluation Functions,What does the mvreverse function do?,Sorts the values in a multivalue field alphabetically,Reverses the order of the values in a multivalue field,Joins the values of a multivalue field into a single string,Removes duplicate values from a multivalue field,B,"""The mvreverse command reverses the order of the values in a multivalue field."""
451,Evaluation Functions,"In eval myfield = mvreverse(mvappend(""1"", ""2"", ""3"")), what is the resulting order of values in myfield?","3, 1, 2","1, 3, 2","1, 2, 3","3, 2, 1",D,"This example ""reverses the order of the values in the multivalue field myfield by changing '1', '2', '3' to '3', '2', '1'."""
452,Evaluation Functions,What sorting order does the mvsort function use?,Lexicographical order,Reverse alphabetical order,Order of first appearance in the event,Purely numerical order,A,"""This function uses a multivalue field and returns a multivalue field with the values sorted lexicographically."""
453,Evaluation Functions,"How are the numbers 10, 9, 70, and 100 sorted lexicographically by mvsort?","100, 70, 10, 9","9, 70, 10, 100","9, 10, 70, 100","10, 100, 70, 9",D,"""the numbers 10, 9, 70, 100 are sorted lexicographically as 10, 100, 70, 9."""
454,Evaluation Functions,"In the lexicographical sorting used by mvsort, how are uppercase and lowercase letters ordered relative to each other?",Case is ignored during sorting,Uppercase letters are sorted before lowercase letters,Lowercase letters are sorted before uppercase letters,Uppercase and lowercase letters are interleaved based on frequency,B,"""Uppercase letters are sorted before lowercase letters."""
455,Evaluation Functions,What does the mvzip function combine?,The keys and values of a JSON object,"A multivalue field with itself, removing duplicates","The values of two multivalue fields, paired positionally",Two single-value fields into a multivalue field,C,"""This function combines the values in two multivalue fields,"" stitching the first value of each field together, then the second, and so on."
456,Evaluation Functions,What is the default delimiter used by mvzip if none is specified?,A semicolon,A comma,A space,A pipe character,B,"""The delimiter is optional, but when specified must be enclosed in quotation marks. The default delimiter is a comma ( , )."""
457,Evaluation Functions,What is the default value of the <infer_types> argument in mv_to_json_array?,null,true,false,There is no default; it must be specified,C,"""The <infer_types> input defaults to false."""
458,Evaluation Functions,"When <infer_types> is set to true() in mv_to_json_array, what happens to values that aren't recognized as a proper JSON data type after quote removal?",They are turned into a null data type,They are left unchanged as string values,They are dropped from the array entirely,They cause the function to return an error,A,"""If the function does not recognize the resulting array element as a proper JSON data type ..., the function turns the element into a null data type."""
459,Evaluation Functions,"By default (or when <infer_types> is false), how does mv_to_json_array treat all values in the multivalue field?",It converts them all to numbers where possible,It wraps each value in a nested JSON object,It maps them all to the JSON array as string data types,"It infers whether each value is a string, number, or Boolean",C,"""the mv_to_json_array function maps all values in the multivalued field to the JSON array as string data types, whether they are numeric, strings, Boolean values, or any other JSON data type."""
460,Evaluation Functions,"What does split(<str>,<delim>) return?",A JSON array containing each of the split string values,A multivalue field of the values between delimiters,A count of how many times the delimiter occurs in it,A single concatenated string with the delimiter removed,B,"""This function splits the string values on the delimiter and returns the string values as a multivalue field."""
461,Evaluation Functions,What happens if you use an empty string as the delimiter argument to split?,The function returns NULL,The string splits into one value per character,The entire string is returned as a single value,The function returns an error,B,"""Use an empty string (\""\"") to split the original string into one value per character."""
462,Evaluation Functions,Does the split function have a maximum character limit for input strings or delimiters?,"No, provided enough memory is available","Yes, a limit of 256 characters","Yes, but only for the delimiter argument","Yes, a limit of 10,000 characters",A,"""The split function doesn't have a maximum character limit for input strings or delimiter, provided enough memory is available for searches."""
463,Evaluation Functions,"Can the delimiter argument to split be a string of multiple contiguous characters, such as \""def\""?",Yes,"Yes, but only if it is exactly two characters","No, it must be a single character","No, only regex patterns are supported",A,"""You can also use a string of contiguous characters in your search like this, which splits the string on 'def'."""
464,Evaluation Functions,"Avg(x,y) is equivalent to which expression?","mvcount(x,y)/sum(x,y) + mvcount(x)","sum(x,y)/2 + mvcount(y)","sum(x,y)/(mvcount(x) + mvcount(y))","(x+y)/2 + mvcount(x,y)",C,"""avg(x,y) is equivalent to sum(x,y)/(mvcount(x) + mvcount(y))."""
465,Evaluation Functions,"What does ""... | eval c=avg(1, 2, 3)"" return?",c=3,c=1.5,c=2,c=6,C,"""The following example calculates the average of three numbers and returns c=2."""
466,Evaluation Functions,"What happens when ""eval c=avg(a, 2, 3)"" is used and field a has the string value ""somedata"", which cannot be converted to a number?","The argument is ignored, and c becomes 2.5, the average of 2 and 3",The entire eval statement fails silently and no field is created,"""somedata"" is treated as zero, and c becomes 1.67",The function returns an error,A,"This example ""creates a field called a with value somedata, and a field called c with value 2.5."""
467,Evaluation Functions,"In the max function, which is considered greater when comparing a string against a number?",They are considered equal,A number,It depends on the string's length,A string,D,"""This function takes one or more numeric or string values, and returns the maximum. Strings are greater than numbers."""
468,Evaluation Functions,What ordering does the max function use to compare its numeric and string arguments?,"Purely numeric order, ignoring strings",Alphabetical order only,The order the arguments were entered in the search,Lexicographical order; numbers sort before letters,D,"""Splunk searches use lexicographical order, where numbers are sorted before letters."""
469,Evaluation Functions,"What does | makeresults | eval n = ""1 3 5 6 4 2"" | makemv n | eval maxn = max(n) return for maxn?",4,3,5,6,D,"""Another new field called maxn is created which takes the values in n and returns the maximum value, 6."""
470,Evaluation Functions,"In the min function, which is considered greater when comparing a string against a number?",A number,A string,They are considered equal,It depends on the string's value,B,"""This function takes one or more numeric or string values, and returns the minimum. Strings are greater than numbers."""
471,Evaluation Functions,"What does | makeresults | eval n = ""3 5 6 4 7 2"" | makemv n | eval minn = min(n) return for minn?",4,3,7,2,D,"""Another new field called minn is created which takes the values in n and returns the minimum value, 2."""
472,Evaluation Functions,What range of values does the random() function return?,A pseudo-random integer from zero to 2^32-1,A pseudo-random integer from zero to 2^31-1,A pseudo-random integer from 1 to 100,A pseudo-random float between 0 and 1,B,"""This function takes no arguments and returns a pseudo-random integer ranging from zero to 231-1,"" i.e., 2^31-1."
473,Evaluation Functions,"In ... | eval n=(random() % 100000) + 1, what is the purpose of adding 1 at the end?",To offset for the random() function starting at -1,"To ensure the number is at least 1, not 0",To convert the number from a float to an integer,To account for the modulo operator rounding down,B,"""The number remaining after the division is increased by 1 to ensure that the number is at least greater than or equal to 1."""
474,Evaluation Functions,What does the len function count?,The number of UTF-8 code points,The number of lines in a string,The number of words in a string,The number of bytes in a string,A,"""This function returns a count of the UTF-8 code points in a string."""
475,Evaluation Functions,"Which alternate name can be used instead of ""len"" for this function?",charcount,strlen,length,size,C,"""When specifying this function, you can use either len or length for the function name."""
476,Evaluation Functions,Can the lower function be used on multivalue fields?,Only if fieldformat is used instead of eval,No,Yes,Only for fields created by makemv,C,"""You can use this function on multivalue fields,"" for the lower function."
477,Evaluation Functions,"If the <trim_chars> argument is not specified in ltrim, which characters are removed from the left side of the string?",Spaces and tabs,All non-alphanumeric characters,Leading zeros,Nothing is removed,A,"""If not specified, spaces and tabs are removed from the left side of the string."""
478,Evaluation Functions,"What does ""... | eval x=ltrim(\"" ZZZZabcZZ \"", \"" Z\"")"" return?","""abcZZ""","""abc""","""abcZZ ""","""ZZZZabcZZ """,C,"""The value that is returned is x=\""abcZZ \""."""
479,Evaluation Functions,What does the replace function do?,Removes all occurrences of the regular expression from the string,Substitutes the replacement string for every regex match,Returns TRUE if the regular expression matches the string,Splits the string wherever the regular expression matches,B,"""This function substitutes the replacement string for every occurrence of the regular expression in the string."""
480,Evaluation Functions,"In the replacement argument of the replace function, how can you reference groups matched in the regex?",Groups cannot be referenced in the replacement string,Using SQL-style named parameters,Using JSON path notation,Using perl-compatible regular expression (PCRE) group syntax,D,"""The <replacement> argument can also reference groups that are matched in the <regex> using perl-compatible regular expressions (PCRE) syntax."""
481,Evaluation Functions,Why must a backslash character be escaped twice when used with the replace function?,Because replace() runs the regular expression twice internally,"Because replace() requires double-escaping for all special characters, not just backslashes",Because backslashes are reserved characters in JSON,Because the eval expression performs one level of escaping before PCRE performs its own escaping,D,"""This is because the replace function occurs inside an eval expression. The eval expression performs one level of escaping before passing the regular expression to PCRE. Then PCRE performs its own escaping."""
482,Evaluation Functions,What does the rtrim function remove from a string?,Characters from both sides of a string,Characters from the right side of a string,All whitespace found anywhere in a string,Characters from the left side of a string,B,"""This function removes the trim characters from the right side of the string."""
483,Evaluation Functions,What data formats can the spath function extract information from?,Only JSON,JSON and YAML,XML and JSON,CSV and XML,C,"""Use this function to extract information from the structured data formats XML and JSON."""
484,Evaluation Functions,"If the <path> argument to spath is a literal string, how must it be specified?",Preceded by a dollar sign,Written without quotation marks,Enclosed in double quotation marks,Enclosed in single quotation marks,C,"""If <path> is a literal string, you need to enclose the string in double quotation marks."""
485,Evaluation Functions,"In the substr function, what index does the first character of a string have?",It depends on the string's length,-1,1,0,C,"""The indexes follow SQLite semantics; they start at 1."""
486,Evaluation Functions,What happens if the <length> argument is not specified in substr?,The function returns only a single character,The function returns an error,The function returns the rest of the string from the start index,"The function returns the entire original string, ignoring <start>",C,"""The <length> is optional, and if not specified returns the rest of the string."""
487,Evaluation Functions,What does the trim function do?,Removes trim characters from only the left side of a string,Removes trim characters from both sides of a string,Removes trim characters from only the right side of a string,Removes all whitespace found within a string,B,"""This function removes the trim characters from both sides of the string."""
488,Evaluation Functions,"What does ""... | eval n=trim(\"" ZZZZabcZZ \"", \"" Z\"")"" return?",""" ZZZZabcZZ ""","""abcZZ""","""ZZZZabc""","""abc""",D,"""The value returned is abc,"" after trimming spaces and Z characters from both sides."
489,Evaluation Functions,Can the upper function be used on multivalue fields?,Yes,Only with fieldformat,Only if the field was created with makemv,No,A,"""You can use this function on multivalue fields,"" for the upper function."
490,Evaluation Functions,What does the urldecode function do?,Validates whether a string is a properly formatted URL,Returns the unescaped or decoded version of a URL string,Returns the escaped or encoded version of a URL string,Extracts the domain name from a URL,B,"""This function takes one URL string argument X and returns the unescaped or decoded URL string."""
491,Evaluation Functions,What interval does the acos(X) function return its result in?,"[0, 2pi] radians","[-pi/2, +pi/2] radians","[0, pi] radians","[-pi, +pi] radians",C,"Acos(X) computes the arc cosine of X, in the interval [0,pi] radians."
492,Evaluation Functions,What value does the search `... | eval n=acos(0)` return?,1.3169578969248166,0.8414709848078965,0.46,1.5707963267948966,D,The example `... | eval n=acos(0)` returns 1.5707963267948966.
493,Evaluation Functions,What value is returned by ... | eval degrees=acos(0)*180/pi()?,1.5707963267948966,90.0000000003,45.0000000003,180.0000000003,B,"This example, which calculates 180 divided by pi multiplied by the arc cosine of 0, returns 90.0000000003."
494,Evaluation Functions,What does the acosh(X) function compute?,The arc cosine of X radians,The arc hyperbolic cosine of X radians,The arc hyperbolic sine of X radians,The hyperbolic cosine of X radians,B,Acosh(X) computes the arc hyperbolic cosine of X radians.
495,Evaluation Functions,In which interval does asin(X) compute the arc sine of X?,"[0, pi] radians (0° to 180°)","[-pi/2, +pi/2] radians","[0, pi/2] radians (0° to 90°)","[-pi, +pi] radians",B,"Asin(X) computes the arc sine of X, in the interval [-pi/2,+pi/2] radians."
496,Evaluation Functions,What result does ... | eval n=asin(1) return?,0.46,0.881373587019543,1.3169578969248166,1.5707963267948966,D,The example `... | eval n=asin(1)` returns 1.5707963267948966.
497,Evaluation Functions,What does the asinh(X) function calculate?,The hyperbolic sine of X radians,The arc hyperbolic sine of X radians,The arc sine of X radians,The arc hyperbolic cosine of X radians,B,Asinh(X) computes the arc hyperbolic sine of X radians.
498,Evaluation Functions,Within which interval does atan(X) compute the arc tangent of X?,"[-pi/2, +pi/2] radians","[0, 2pi] radians (0° to 360°)","[0, pi] radians","[-pi, +pi] radians",A,"Atan(X) computes the arc tangent of X, in the interval [-pi/2,+pi/2] radians."
499,Evaluation Functions,What does `... | eval n=atan(0.50)` return?,0.881373587019543,0.549,0.59,0.46,D,The example `... | eval n=atan(0.50)` returns 0.46.
500,Evaluation Functions,"How does the atan2(Y, X) function determine which quadrant to use when computing its result?",It takes into account only the sign of X,It takes into account the sign of both Y and X,It takes into account only the sign of Y,It takes into account the ratio of Y to X only,B,"Atan2(Y, X) takes into account the sign of both arguments to determine the quadrant."
501,Evaluation Functions,What does the atanh(X) function compute?,The arc hyperbolic tangent of X radians,The arc hyperbolic sine of X radians,The hyperbolic tangent of X radians,The arc tangent of X radians,A,Atanh(X) computes the arc hyperbolic tangent of X radians.
502,Evaluation Functions,What does the cos(X) function compute?,The arc cosine of X radians,The sine of an angle of X radians,The hyperbolic cosine of X radians,The cosine of an angle of X radians,D,Cos(X) computes the cosine of an angle of X radians.
503,Evaluation Functions,What value does ... | eval n=cos(pi()) return?,0.5403023058681398,1.5430806348152437,1.00000000000,-1.00000000000,D,"This example, which calculates the cosine of pi, returns -1.00000000000."
504,Evaluation Functions,"What does the hypot(X,Y) function return?",The square of X plus the square of Y,The sum of the squares of X and Y,The absolute difference between X and Y,The square root of X² + Y²,D,"Hypot(X,Y) returns the square root of the sum of the squares of X and Y, as described in the Pythagorean theorem."
505,Evaluation Functions,"What value does n return in ... | eval n=hypot(3,4)?",25,5,12,7,B,"This example returns n=5, the hypotenuse of a triangle whose legs are 3 and 4."
506,Evaluation Functions,What is the key difference between sin(X) and sinh(X)?,"sin(X) computes the sine of X, while sinh(X) computes the hyperbolic sine of X radians","sin(X) computes the hyperbolic sine of X, while sinh(X) computes the arc sine of X",sin(X) requires the where command while sinh(X) requires the eval command,sin(X) and sinh(X) both compute the arc sine of X but in different intervals,A,"Sin(X) as computing the sine of X, and sinh(X) as computing the hyperbolic sine of X radians."
507,Evaluation Functions,What result does ... | eval n=tan(135) return?,-1.5574077246549023,-0.08871575677006045,0.7615941559557649,1.5574077246549023,B,The example `... | eval n=tan(135)` returns -0.08871575677006045.
508,Evaluation Functions,What does the tanh(X) function compute?,The arc tangent of X radians,The tangent of X radians,The arc hyperbolic tangent of X radians,The hyperbolic tangent of X radians,D,Tanh(X) computes the hyperbolic tangent of X radians.
509,Statistical and Charting Functions,Which three commands can directly use the statistical and charting functions?,"stats, timechart, and tstats","chart, stats, eval, and where","chart, stats, and timechart","chart, timechart, and mstats",C,"You can use the statistical and charting functions with the chart, stats, and timechart commands."
510,Statistical and Charting Functions,Which summary indexing command is the counterpart of chart?,eventstats,sitimechart,sistats,sichart,D,The support table lists sichart as the related command supported alongside chart.
511,Statistical and Charting Functions,Which of the following commands is NOT a variant of stats?,sichart,eventstats,geostats,streamstats,A,"The related commands for stats are eventstats, streamstats, geostats, and sistats; sichart is listed under chart instead."
512,Statistical and Charting Functions,Which summary-indexing command is the counterpart of the timechart command?,sichart,sistats,sitimechart,streamstats,C,The support table lists sitimechart as the related command supported alongside timechart.
513,Statistical and Charting Functions,Which two commands does the sparkline() function apply to?,chart and stats,chart and timechart,chart and tstats,stats and timechart,A,'Sparkline is a function that applies to only the chart and stats commands.'
514,Statistical and Charting Functions,What additional capability does the sparkline function have?,It only works with numeric fields,It allows you to call other functions,It replaces the BY clause,It requires the eventstats command,B,Sparkline as a function that allows you to call other functions.
515,Statistical and Charting Functions,What happens to non-numeric values when a statistical or charting function expecting numeric field values processes them?,"They are treated as the string ""null""",They cause the search to fail,They are ignored,They are converted to zero,C,"'All of the values are processed as numbers, and any non-numeric values are ignored.'"
516,Statistical and Charting Functions,"Which of the following functions processes field values as literal strings, even when those values are numeric?","sum, which totals numeric values","avg, which averages numeric values",distinct_count,"stdev, which computes standard deviation",C,Distinct_count is listed among the functions that process field values as literal string values even though the values are numbers.
517,Statistical and Charting Functions,"Using distinct_count on a field containing the values ""1"", ""1.0"", and ""01"", how are these treated?",As invalid values that are ignored,As one value because they are numerically equal,As two distinct values,As three distinct string values,D,This exact example: each value is considered a distinct string value.
518,Statistical and Charting Functions,"Which two functions are exceptions that process values as numbers if possible, unlike the other string-processing statistical functions?",max and min,list and values,count and mode,first and last,A,'The only exceptions are the max and min functions.'
519,Statistical and Charting Functions,"For the max and min functions, how are the values ""1"", ""1.0"", and ""01"" processed?",As the same numeric value,As invalid input,As three distinct string values,As lexicographically ordered strings,A,These values 'are processed as the same numeric value' for max and min.
520,Statistical and Charting Functions,What two ways can you browse the supported statistical and charting functions?,Aggregate functions and time functions,The category table and the usage table,"By category, and alphabetically",Basic examples and extended examples,C,'Function list by category' and 'Alphabetical list of functions' as the two ways to see this information.
521,Statistical and Charting Functions,Which type of statistical function is percentile<percentile>(<value>) classified as?,Event order function,Multivalue stats and chart function,Aggregate function,Time function,C,The category table lists percentile<percentile>(<value>) under Aggregate functions.
522,Statistical and Charting Functions,Which type of statistical function includes both first(<value>) and last(<value>)?,Time functions,Multivalue stats and chart functions,Event order functions,Aggregate functions,C,The category table classifies first and last as Event order functions.
523,Statistical and Charting Functions,Which type of statistical function includes list(<value>) and values(<value>)?,"Aggregate functions, such as sum and avg",Multivalue stats and chart functions,"Time functions, such as per_hour and per_day","Event order functions, such as first and last",B,The category table classifies list and values as Multivalue stats and chart functions.
524,Statistical and Charting Functions,Which of the following is categorized as a time function among the statistical and charting functions?,list(<value>) function,sumsq(<value>) function,mode(<value>) function,per_hour(<value>),D,Per_hour is listed under Time functions in the category table.
525,Statistical and Charting Functions,What does rate(<value>) represent?,The average of the field's values over an hour,The count of distinct values per second,The total sum of the field's values,The per-second rate change of the value of the field,D,The category table describes rate as returning the per-second rate change of the value of the field.
526,Statistical and Charting Functions,What do rate_avg and rate_sum return values for?,A specified sparkline chart,A percentile threshold,An accumulating counter metric,A specified event order,C,Rate_avg and rate_sum are both described as returning rates for the time series associated with a specified accumulating counter metric.
527,Statistical and Charting Functions,Which command runs statistical queries directly against indexed fields in tsidx files?,streamstats,tstats,geostats,chart,B,"tstats performs statistical queries on indexed fields in tsidx files, which is very fast."
528,Statistical and Charting Functions,Which function in the string-processing list returns the count of distinct values while treating field values as literal strings?,distinct_count,"sum, added together","min, the smallest value","max, the largest value",A,"Distinct_count is included in the list of functions that process field values as literal string values, unlike max and min which are exceptions."
529,Statistical and Charting Functions,Which commands can use the avg() function?,"chart, stats, and timechart command only",stats and tstats commands only,"chart, mstats, stats, timechart, tstats","chart, eventstats, and streamstats commands",C,"'You can use this function with the chart, mstats, stats, timechart, and tstats commands, and also with sparkline() charts.'"
530,Statistical and Charting Functions,"In the search '... | chart eval(avg(size)/max(delay)) AS ratio BY host user', what does the ratio field represent?",The count of events per host and user,"Avg size divided by max delay, per host and user",The maximum size divided by the average delay,The sum of the size and delay fields combined,B,The example charts the ratio of the average (mean) size to the maximum delay for each distinct host and user pair.
531,Statistical and Charting Functions,Why does 'stats avg(test)' sometimes return a value like 3.9900000000000055 instead of exactly 3.99?,The field's value was processed as a text string,The bin command rounded the value incorrectly,The sparkline function truncated the numeric result,Numbers are stored as double-precision floats,D,'This occurs because numbers are treated as double-precision floating-point numbers.'
532,Statistical and Charting Functions,Why can't the sigfig function accept the field name avg(test) directly when fixing floating-point precision issues?,sigfig can't accept a field name resembling a function,avg(test) is not a valid field name in Splunk,sigfig needs the field to already be a whole number,sigfig only works with the sum function,A,"'The sigfig function cannot accept a field name that looks like another function, in this case avg.'"
533,Statistical and Charting Functions,What is the recognized abbreviation for the count(<value>) function?,ct(<value>),cn(<value>),c(<value>),cnt(<value>),C,"You can specify count(<value>), or the abbreviation c(<value>)."
534,Statistical and Charting Functions,How do you specify a particular field value for the count function to match?,"Format <value> as eval(field=""value"")","Use the syntax count(field)=""value"" instead","Use the syntax count(field, ""value"") instead","Wrap it as eval(count(field=""value""))",A,"'To indicate a specific field value to match, format <value> as eval(field=""value"").'"
535,Statistical and Charting Functions,How does the count function process field values?,As strings,As booleans,As numbers only,"As numbers if possible, otherwise strings",A,The count function 'Processes field values as strings.'
536,Statistical and Charting Functions,"In the search '... | bin size bins=10 | stats count(_raw) BY size', what does count(_raw) return for each bin?",The average size value for each size bin,The count of raw events per bin,The sum of all size field values,The distinct count of size values,B,This as separating results into 10 bins and returning the count of raw events for each bin.
537,Statistical and Charting Functions,What is the abbreviation for distinct_count(<value>)?,dcnt(<value>),uniq(<value>),distc(<value>),dc(<value>),D,"You can specify distinct_count(<value>), or the abbreviation dc(<value>)."
538,Statistical and Charting Functions,How does distinct_count process field values?,As booleans,As strings,"Numerically if possible, otherwise as strings",As numbers only,B,'This function processes field values as strings.'
539,Statistical and Charting Functions,What does '... | stats dc(host)' return?,The count of distinct host values,The single most frequently occurring host value,The complete list of all host values seen,The average of all host values combined,A,This as removing duplicate results with the same host value and returning the total count of the remaining results.
540,Statistical and Charting Functions,Which commands can use the distinct_count function?,"chart, mstats, stats, timechart, and tstats",mstats and tstats commands only,stats and eventstats commands only,"chart and stats commands only, no others",A,"You can use distinct_count with the chart, mstats, stats, timechart, and tstats commands, and also with sparkline() charts."
541,Statistical and Charting Functions,"How does estdc(<value>) treat the string values ""1.0"" and ""1""?","As the same numeric value, counted once","As distinct values, counted separately",It ignores all non-integer values entirely,"It only works with numeric fields, not text",B,'This function processes field values as strings. The string values 1.0 and 1 are considered distinct values and counted separately.'
542,Statistical and Charting Functions,"By default, when does Splunk software use the actual distinct value count instead of estimating it with estdc?",When the field is numeric,When the actual number of distinct values is above 1000,When the actual number of distinct values is below 1000,When the search uses the tstats command,C,"If the actual distinct value count is below 1000, Splunk does not estimate and uses the actual count instead."
543,Statistical and Charting Functions,What configuration setting controls the estdc estimation threshold?,maxvalues in limits.conf,approx_dc_threshold in limits.conf,dc_estimate in limits.conf,estdc_threshold in limits.conf,B,'This threshold is set by the approx_dc_threshold setting in limits.conf.'
544,Statistical and Charting Functions,What does estdc_error(<value>) return?,The exact actual distinct count of the field,The estimated error in the distinct count,The standard deviation of the field's values,The number of duplicate values that were removed,B,Estdc_error 'Returns the theoretical error of the estimated count of the distinct values of the field specified.'
545,Statistical and Charting Functions,How is the estdc_error ratio calculated?,Simply real_distinct_count minus estimate_distinct_count with no other adjustment,absolute_value(estimate_distinct_count - real_distinct_count)/real_distinct_count,estimate_distinct_count divided directly by real_distinct_count with no absolute value,"The average of estimate_distinct_count and real_distinct_count, i.e. divided by 2",B,This exact formula for the error ratio.
546,Statistical and Charting Functions,Which commands can use the estdc_error function?,stats and mstats only,"chart, stats, and timechart",chart and tstats only,"chart, stats, timechart, and tstats",B,"'You can use this function with the chart, stats, and timechart commands.'"
547,Statistical and Charting Functions,What is the main tradeoff of using exactperc<percentile>(<value>) compared to perc?,It's incompatible with sparkline() charts entirely,It runs faster but is less accurate than perc,"Exact, but costly on high-cardinality data",It works only with the tstats command specifically,C,"Exactperc 'provides the exact value, but is very resource expensive for high cardinality fields. An alternative is perc.'"
548,Statistical and Charting Functions,Which commands can use exactperc<percentile>(<value>)?,mstats only,"stats, eventstats, and streamstats",chart and stats only,"chart, stats, timechart, and tstats",D,"'You can use this function with the chart, stats, timechart, and tstats commands, and also with sparkline() charts.'"
549,Statistical and Charting Functions,"If the values in a field are non-numeric, how does max(<value>) determine the maximum value?",It returns an error,Using alphabetical ordering only,It treats all non-numeric values as equal,Using lexicographical ordering,D,"'If the values in the field are non-numeric, the maximum value is found using lexicographical ordering.'"
550,Statistical and Charting Functions,"When sorted lexicographically (as text), how are the values 10, 9, 70, and 100 ordered?","10, 100, 70, 9","9, 70, 10, 100","9, 10, 70, 100","100, 70, 10, 9",A,"This exact example: 'the numbers 10, 9, 70, 100 are sorted as 10, 100, 70, 9.'"
551,Statistical and Charting Functions,How are mixed numeric and non-numeric items sorted?,"All items are sorted purely alphabetically, ignoring type","Non-numeric items first, then numbers","Sorted randomly, since mixed-type sorting is undefined","Numbers in numeric order first, then text lexicographically",D,"Example shows '1, c, a, 2, 100, b, 4, 9 are sorted as 1, 2, 4, 9, 100, a, b, c.'"
552,Statistical and Charting Functions,"When max() compares strings lexicographically, how are uppercase and lowercase letters ordered relative to each other?",Lowercase letters are sorted before uppercase letters,They are sorted together without distinction,Uppercase and lowercase alternate based on encoding,Uppercase letters are sorted before lowercase letters,D,'Uppercase letters are sorted before lowercase letters.'
553,Statistical and Charting Functions,Which commands can use the max() function?,stats and eventstats only,chart and stats only,"chart, mstats, stats, timechart, and tstats","chart, mstats, stats, and timechart",D,"'You can use this function with the chart, mstats, stats, and timechart commands, and also with sparkline() charts.'"
554,Statistical and Charting Functions,How should the values calculated by mean() compare to those calculated by avg()?,"mean() only works on integer fields, unlike avg()",They should be exactly the same,mean() rounds to fewer decimal places than avg(),They differ because mean uses lexicographical ordering,B,'The mean values should be exactly the same as the values calculated using the avg() function.'
555,Statistical and Charting Functions,Which commands can use the mean() function?,"chart, mstats, stats, and timechart","chart, mstats, stats, timechart, and tstats",mstats and tstats only,chart and stats only,A,"'You can use this function with the chart, mstats, stats, and timechart commands, and also with sparkline() charts.'"
556,Statistical and Charting Functions,What value does median(<value>) return?,The arithmetic mean of the field,The middle-most value of the field specified,The difference between max and min values,The most frequent value of the field,B,Median 'Returns the middle-most value of the field specified.'
557,Statistical and Charting Functions,"When there is an even number of events, how does the median calculation behave by default?",It is approximated to the lower of the two middle values,It averages the two middle values exactly,It returns both middle values as a multivalue result,It is approximated to the higher of the two middle values,D,"'If you have an even number of events, by default the median calculation is approximated to the higher of the two values.'"
558,Statistical and Charting Functions,Which function can you use instead of median() to get more exact and consistent results?,upperperc50(),exactperc50(),mean(),perc50(),B,'If you require results that are more exact and consistent you can use exactperc50() instead.'
559,Statistical and Charting Functions,Is the median function deterministic?,It's nondeterministic; repeat runs can vary slightly,It is deterministic only for numeric fields,It becomes nondeterministic only when used with timechart,"It's fully deterministic, always returning identical results every run",A,"'This function is, by its nature, nondeterministic. This means that subsequent runs of a search using this function over identical data can contain slight variances in their results.'"
560,Statistical and Charting Functions,"If the values of a field are non-numeric, how does min(<value>) find the minimum value?",By returning the first value seen,By returning an error,By converting values to zero,Using lexicographical ordering,D,"'If the values of X are non-numeric, the minimum value is found using lexicographical ordering.'"
561,Statistical and Charting Functions,How does min() process field values?,As booleans,"As numbers if possible, otherwise as strings",Always as strings,"Always as numbers, ignoring non-numeric values",B,"'This function processes field values as numbers if possible, otherwise processes field values as strings.'"
562,Statistical and Charting Functions,Which commands can use the min() function?,chart and timechart only,"chart, mstats, stats, and timechart","chart, mstats, stats, timechart, and tstats",stats and mstats only,B,"'You can use this function with the chart, mstats, stats, and timechart commands.'"
563,Statistical and Charting Functions,"What does 'index=_internal component=HotBucketRoller | stats min(size), max(size)' return?",The distinct count of size values,Min and max size for HotBucketRoller,The average size for HotBucketRoller,The sum of all size values,B,This example returns the minimum size and maximum size of the HotBucketRoller component in the _internal index.
564,Statistical and Charting Functions,How are symbols treated?,Symbols will consistently and reliably sort after every single letter,Symbols are completely ignored during any sorting operation,"Symbols aren't standard: some sort before numbers, others before/after letters",Symbols always sort before all numeric values,C,'Symbols are not standard. Some symbols are sorted before numeric values. Other symbols are sorted before or after letters.'
565,Statistical and Charting Functions,What does mode(<value>) return?,The least frequent field value,The most frequent value of the field,The count of distinct values,The middle-most value of the field,B,Mode 'Returns the most frequent value of the field specified.'
566,Statistical and Charting Functions,How does mode process field values?,As strings,As booleans,"As numbers if possible, otherwise strings",Only numeric values are processed,A,Mode 'Processes field values as strings.'
567,Statistical and Charting Functions,Which commands support the mode() function?,chart and tstats only,"chart, stats, and timechart",stats and mstats only,"chart, stats, timechart, and tstats",B,"'You can use this function with the chart, stats, and timechart commands.'"
568,Statistical and Charting Functions,"Given age values of 32, 45, 29, 45, and 37, what value does 'stats mode(age)' return?",32,29,37,45,D,"'When you search for the mode in the age field, the value 45 is returned,' since 45 appears twice."
569,Statistical and Charting Functions,What do valid percentile values for the perc<percentile>(<value>) function look like?,Integers from 1 to 99 only,"Percent strings like ""50%""",Integers ranging between 0 and 1000,"Floats between 0 and 100, e.g. 99.95",D,"'Valid percentile values are floating point numbers between 0 and 100, such as 99.95.'"
570,Statistical and Charting Functions,What is the abbreviation for perc<percentile>(<value>)?,pc<percentile>(<value>),pct<percentile>(<value>),perc<percentile>,p<percentile>(<value>),D,'perc<percentile>(<value>) or the abbreviation p<percentile>(<value>).'
571,Statistical and Charting Functions,What does the upperperc function return when there are more than 1000 values?,The approximate upper bound for the percentile requested,"An error, since upperperc requires fewer than 1000 values",The exact percentile value,The same result as exactperc,A,"'When there are more than 1000 values, the upperperc function gives the approximate upper bound for the percentile requested.'"
572,Statistical and Charting Functions,What does upperperc return when there are 1000 or fewer values?,A null result,The approximate lower bound,The same result as perc,The exact percentile value,C,'Otherwise the upperperc function returns the same percentile as the perc function.'
573,Statistical and Charting Functions,"How do the percentile functions (perc, upperperc, exactperc) process field values?","Always as numbers, ignoring non-numeric values",As booleans,"As numbers if possible, otherwise strings",As strings,D,'The percentile functions process field values as strings.'
574,Statistical and Charting Functions,"What algorithm does Excel use for percentiles, which differs from Splunk's approach when there are fewer than 1000 distinct values?",The radix-tree digest algorithm,The linear regression algorithm,The NIST interpolated algorithm,The nearest rank algorithm,C,"'Excel uses the NIST interpolated algorithm,' while Splunk uses the nearest rank algorithm below 1000 distinct values."
575,Statistical and Charting Functions,"When there are more than 1000 distinct values, what type of algorithm does Splunk use to approximate percentiles?",A simple linear interpolation algorithm,The NIST interpolated algorithm,The nearest rank algorithm,A custom radix-tree digest-based algorithm,D,'the percentiles are approximated using a custom radix-tree digest-based algorithm.'
576,Statistical and Charting Functions,"By default, what error limit does Splunk's percentile approximation algorithm target for more than 1000 distinct values?",Less than 1% of rank error,Less than 5% of rank error,Less than 10% of rank error,Exactly 0% error,A,'By default this approach limits the approximation error to < 1% of rank error.'
577,Statistical and Charting Functions,What must be true of the field values for the range(<value>) function to work correctly?,The values must all be positive,The values must be strings,The values must be numeric,The values must be sorted first,C,'The values in the field must be numeric.'
578,Statistical and Charting Functions,What does range(<value>) return?,The sum of max and min,The average of all values,The count of unique values,Max minus min for the field,D,Range 'Returns the difference between the max and min values of the field specified.'
579,Statistical and Charting Functions,Which commands can use the range() function?,"mstats and tstats commands, and no others","chart, stats, and timechart commands only","Only the chart and stats commands, nothing more","chart, mstats, stats, timechart, and tstats",D,"'You can use this function with the chart, mstats, stats, timechart, and tstats commands, and also with sparkline() charts.'"
580,Statistical and Charting Functions,"For QTR1, min(sales)=1200 and max(sales)=1650. What is range(sales) for QTR1?",1200,2850,450,1650,C,"The results table shows range(sales) for QTR1 is 450, matching max(sales) minus min(sales), i.e. 1650-1200."
581,Statistical and Charting Functions,What does stdev(<value>) return?,The range of the values in the field,The population standard deviation of the values in the field,The sample standard deviation of the values in the field,The sample variance of the values in the field,C,Stdev 'Returns the sample standard deviation of the field specified.'
582,Statistical and Charting Functions,"In the search '... | stats stdev(*delay)', what does the wildcard field pattern ""*delay"" match?",Only fields ending in numbers,"Both ""delay"" and ""xdelay""",All numeric fields in the dataset,"Only fields literally named ""delay""",B,"'This example returns the standard deviation of wildcarded fields ""*delay"" which can apply to both, ""delay"" and ""xdelay"".'"
583,Statistical and Charting Functions,What does stdevp(<value>) return?,The sample standard deviation of the values in the field,The population variance of the values in the field,The sample variance of the values in the field,The population standard deviation of the values in the field,D,Stdevp 'Returns the population standard deviation of the field specified.'
584,Statistical and Charting Functions,Which commands can use the stdevp() function?,"Only the mstats and tstats commands, nothing else","Only the chart and stats commands, nothing else","Only the stats and timechart commands, nothing else","chart, mstats, stats, timechart, and tstats",D,"'You can use this function with the chart, mstats, stats, timechart, and tstats commands, and also with sparkline() charts.'"
585,Statistical and Charting Functions,What does sum(<value>) return?,The count of non-empty values,The average value of the field,The sum of squared values,The total of the field's values,D,Sum 'Returns the sum of the values of the field specified.'
586,Statistical and Charting Functions,What does the search '... | stats sum(bytes)' return?,The average of the bytes values across all events,The number of events that contain a bytes field,The total of the bytes field values across all events,The largest bytes value found in any event,C,"The sum() function adds up the values of the specified field, so sum(bytes) returns the total of bytes across all events."
587,Statistical and Charting Functions,How can you rename the output field of the sum function?,Use the eval command before running sum,Use the RENAME command only,You cannot rename sum's output field,"Use AS, e.g. sum(bytes) AS ""total bytes""",D,"The example demonstrates: '...| stats sum(bytes) AS ""total bytes""'."
588,Statistical and Charting Functions,Which commands can use the sum() function?,"Exclusively the chart, stats, and timechart commands","Exclusively the mstats and tstats commands, nothing more",Exclusively the stats and eventstats commands,"chart, mstats, stats, timechart, and tstats",D,"'You can use this function with the chart, mstats, stats, timechart, and tstats commands, and also with sparkline() charts.'"
589,Statistical and Charting Functions,What does sumsq(<value>) return?,The sample variance of the values of the field,The sum of the squares of the field's values,The square root of the sum of the field values,The average squared deviation from the mean value,B,Sumsq 'Returns the sum of the squares of the values of the field specified.'
590,Statistical and Charting Functions,What does a large sum of squares indicate about a dataset?,Large variance: values fluctuate widely from the mean,A small variance and consistent values,That the dataset contains mostly negative number values,That the underlying data field is entirely non-numeric in nature,A,"'A large sum of the squares indicates a large variance, which tells you that individual values fluctuate widely from the mean.'"
591,Statistical and Charting Functions,What does the stats function sumsq(x) calculate?,The square root of the sum of the values,The sum of the squares of the values,The square of the sum of the values,The sum of the absolute values,B,sumsq returns the sum of the squares of the values of a field.
592,Statistical and Charting Functions,What does upperperc<percentile>(<value>) return?,An approximate value for the requested percentile,The total count of values that exceed a given threshold,The lowest value in the field,The exact percentile value regardless of cardinality,A,"Upperperc 'Returns an approximate percentile value, based on the requested percentile of the numeric field.'"
593,Statistical and Charting Functions,"When there are more than 1000 values, what does upperperc provide?",The approximate upper-bound percentile value,An error requiring the exactperc function instead,The exact value for the percentile,The same numeric result as the median function,A,"'When there are more than 1000 values, the upperperc function gives the approximate upper bound for the percentile requested.'"
594,Statistical and Charting Functions,Which commands can use the upperperc() function?,"Only the stats and timechart commands, no others","Only the mstats and tstats commands, no others","Only the chart and stats commands, no others","chart, mstats, stats, timechart, and tstats",D,"'You can use this function with the chart, mstats, stats, timechart, and tstats commands, and also with sparkline() charts.'"
595,Statistical and Charting Functions,What does var(<value>) return?,The sample standard deviation of the field,The sample variance of the field specified,The range of the field,The population variance of the field specified,B,Var 'Returns the sample variance of the field specified.'
596,Statistical and Charting Functions,What does varp(<value>) return?,The population standard deviation of the field,The sample standard deviation of the field,The sample variance of the field specified,The population variance of the field specified,D,Varp 'Returns the population variance of the field specified.'
597,Statistical and Charting Functions,What do event order functions return values based on?,"Processing order, not necessarily chronological",Alphabetical ordering based on the field's values,Random sampling order,Strictly chronological order based on event timestamps,A,"'Use the event order functions to return values from fields based on the order in which the event is processed, which is not necessarily chronological or timestamp order.'"
598,Statistical and Charting Functions,"In a result set, the event with timestamp 2020-04-28 00:15:05 is the first event listed but is not chronologically the earliest. Which event order function identifies it?",earliest,latest,last,first,D,The table states: 'This event is the first event in the search results. But this event is not chronologically the earliest event.'
599,Statistical and Charting Functions,Is the event returned by first() necessarily the chronologically earliest event?,"Yes, first always equals earliest","No, first isn't necessarily the earliest event","No, first is always the most recent chronologically","Yes, but only specifically when using the timechart command",B,The table explicitly notes the first event 'is not chronologically the earliest event.'
600,Statistical and Charting Functions,Which event order function identifies the chronologically latest event (the one with the most recent timestamp) in the search results?,latest,last,first,earliest,A,The table states: '2020-05-01 00:15:05 | latest | This event is chronologically the latest event in the search results.'
601,Statistical and Charting Functions,Suppose the event with the oldest timestamp is also the final event in the list of search results. Which two event order functions identify that event?,first and latest,earliest and last,first and earliest,last and latest,B,The table states: 'This event is both the chronologically earliest event and the last event in the search results.'
602,Statistical and Charting Functions,What does first(<value>) return?,The first-seen value in stats' processing order,The single most frequently occurring value in the field,The last seen value in a field,The value from the chronologically earliest-occurring event,A,"First 'Returns the first seen value in a field. The first seen value of the field is the most recent instance of this field, based on the order in which the events are seen by the stats command.'"
603,Statistical and Charting Functions,What should you use instead of first() if you need the field value based on time order?,the last function,the median function,earliest,the latest function,C,"'To locate the first value based on time order, use the earliest function instead.'"
604,Statistical and Charting Functions,"For the first() function to work best, what should the search include immediately before the stats or charting command?",The sort command,The bin command,The eval command,The rename command,A,'This function works best when the search includes the sort command immediately before the statistics or charting command.'
605,Statistical and Charting Functions,Which commands can use the first() function?,stats and mstats only,chart and tstats only,"chart, stats, timechart, and tstats","chart, stats, and timechart",D,"'You can use this function with the chart, stats, and timechart commands.'"
606,Statistical and Charting Functions,How does first() process field values?,As booleans,"As numbers if possible, otherwise strings",Only as numeric values,As strings,D,'This function processes field values as strings.'
607,Statistical and Charting Functions,"A search returns these events in this order: _time=2020-04-28 00:15:05, 2020-05-01 00:15:05, 2020-04-30 00:15:02, 2020-04-27 00:15:01. Which _time does 'stats first(_raw)' return?",2020-04-30 00:15:02,2020-04-27 00:15:01,2020-04-28 00:15:05,2020-05-01 00:15:05,C,"'The search returns the value for _raw field with the timestamp 2020-04-28 00:15:05, which is the first event in the original list of values returned.'"
608,Statistical and Charting Functions,Which commands can you combine to create a test result set that has a counting field?,tstats combined with bin,gentimes command combined with the stats command,eventstats command combined with the sort command,makeresults with streamstats count,D,'| makeresults count=5 | streamstats count' to generate results with a count field.
609,Statistical and Charting Functions,A search runs | makeresults count=5 | streamstats count | eval field1=20-count. What value does 'stats first(field1)' return?,19,15,20,1,A,"The first result processed has count=1, so field1=20-1=19, and first(field1) returns 19."
610,Statistical and Charting Functions,What does last(<value>) return?,The value from the chronologically latest-occurring event,The first seen value in a field,The single most frequently occurring value in the field,The last-seen value in stats' processing order,D,"Last 'Returns the last seen value in a field. The last seen value of the field is the oldest instance of this field, based on the order in which the events are seen by the stats command.'"
611,Statistical and Charting Functions,What should you use instead of last() if you need the field value based on time order?,median,earliest,latest,first,C,"'To locate the last value based on time order, use the latest function instead.'"
612,Statistical and Charting Functions,"For the last() function to work best, what should the search include immediately before the stats or charting command?",Including the bin command with a fairly large time span,Putting sort right before the stats or chart command,Avoiding the use of any BY clause,Sorting the output alphabetically by the last field's value,B,'This function works best when the search includes the sort command immediately before the statistics or charting command.'
613,Statistical and Charting Functions,Which commands can use the last() function?,chart and tstats only,stats and mstats only,"chart, stats, timechart, and tstats","chart, stats, and timechart",D,"'You can use this function with the chart, stats, and timechart commands.'"
614,Statistical and Charting Functions,"A search returns these events in this order: _time=2020-04-28 00:15:05, 2020-05-01 00:15:05, 2020-04-30 00:15:02, 2020-04-27 00:15:01. Which _time does 'stats last(_raw)' return?",2020-04-28 00:15:05,2020-04-30 00:15:02,2020-05-01 00:15:05,2020-04-27 00:15:01,D,"'The search returns the event with the _time value 2020-04-27 00:15:01, which is the last event in the list of events. However it is not the last chronological event.'"
615,Statistical and Charting Functions,"When you run 'stats last(_raw)' over a set of events, is the returned event the chronologically last event?","Yes, it is both the last-listed and chronologically last event","No, last never corresponds to any event in the list","No, it is the last event in the list but not the last in time","Yes, last always matches chronological order",C,The returned event 'is not the last chronological event.'
616,Statistical and Charting Functions,A search creates five results with '| makeresults count=5 | streamstats count'. How can you recalculate _time from the count field to create a series of days?,eval _time=_time*count,"eval _time=_time-(count*3600), using 3600 seconds in an hour",eval _time=_time+(count*86400),"eval _time=_time-(count*86400), using 86400 seconds in a day",D,"'Use 86400, the number of seconds in a day, to create a series of days.'"
617,Statistical and Charting Functions,A search runs | makeresults count=5 | streamstats count | eval field1=20-count. What value does 'stats last(field1)' return?,20,15,1,19,B,'the last result contains the lowest number in field1... The fifth result was processed last (20-5=15)... last(field1) 15.'
618,Statistical and Charting Functions,What does the list(<value>) function return?,A multivalue entry with distinct values sorted lexicographically,The single most frequently occurring value from a field,"A multivalue entry of field values, in event order",A count of the total values in a field,C,'The list function returns a multivalue entry from the values in a field. The order of the values reflects the order of the events.'
619,Statistical and Charting Functions,What happens if more than 100 values exist in a field when using list()?,All values are returned regardless of count,Only the last 100 values are returned,Only the first 100 values are returned,An error is returned,C,"'If more than 100 values are in a field, only the first 100 are returned.'"
620,Statistical and Charting Functions,Which commands can use the list() function?,"chart, stats, timechart, and tstats",stats and mstats only,"chart, stats, and timechart",chart and tstats only,C,"'You can use this function with the chart, stats, and timechart commands.'"
621,Statistical and Charting Functions,How does list() process field values?,Only as numeric values,As booleans,As strings,"As numbers if possible, otherwise strings",C,'This function processes field values as strings.'
622,Statistical and Charting Functions,What does the values(<value>) function return?,A list of all values (including duplicates) in event order for the field,"A list of the distinct values in a field, in lexicographical order",The numeric average of the field's values,The single most frequent value in a field,B,'The values function returns a list of the distinct values in a field as a multivalue entry. The order of the values is lexicographical.'
623,Statistical and Charting Functions,"By default, is there a limit on the number of values returned by values()?","No default limit exists, and none can ever be configured by any user",Yes — the default limit is fixed at exactly 1000 and can never be changed,No default limit; one can be set via maxvalues in limits.conf,"Yes, the default limit is always 100",C,'By default there is no limit to the number of values returned. Users with the appropriate permissions can specify a limit in the limits.conf file... using the maxvalues setting.'
624,Statistical and Charting Functions,"When values() sorts its results lexicographically, how are numbers sorted relative to letters?",Numbers and letters are interleaved based on ASCII value only,Numbers are sorted before letters,Numbers are ignored in lexicographical sort,Letters are sorted before numbers,B,'Numbers are sorted before letters.'
625,Statistical and Charting Functions,"When you compare list() and values() on the same field, what is the key difference between them?",values() caps results at exactly 100 while list() has no such limit at all,"list() stays in event order; values() returns distinct, lexicographically sorted values",list() removes duplicates while values() keeps them,list() only accepts numeric field input while values() only accepts string field input,B,"List(rowNumber) returned 1,2,3,4,5 in ascending order, while values(rowNumber) returned 1,10,100,1000,101... in lexicographical order."
626,Statistical and Charting Functions,What does earliest(<value>) return?,The chronologically latest seen occurrence of a value in a field,The UNIX time of the earliest occurrence,The chronologically earliest seen occurrence of a value in a field,"The first seen value based on input order, not time order",C,Earliest 'Returns the chronologically earliest seen occurrence of a value in a field.'
627,Statistical and Charting Functions,Which commands can use the earliest() function?,"Exclusively chart, stats, and timechart","chart, mstats, stats, timechart, and tstats",Exclusively stats and eventstats,Exclusively mstats and tstats,B,"'You can use this function with the chart, mstats, stats, timechart, and tstats commands.'"
628,Statistical and Charting Functions,How does earliest() process field values?,As strings,"As numbers if possible, otherwise strings",As booleans,Only numeric values are processed,A,'This function processes field values as strings.'
629,Statistical and Charting Functions,What does earliest_time(<value>) return?,The UNIX time of the earliest-seen field value,"The chronologically earliest value itself, not a timestamp",The average time between events,The number of seconds since the last event,A,Earliest_time 'Returns the UNIX time of the chronologically earliest-seen occurrence of a given field value.'
630,Statistical and Charting Functions,Which commands can use the earliest_time() function?,"chart, mstats, stats, timechart, and tstats","mstats, stats, and tstats",chart and timechart commands only,"chart, stats, and timechart",B,"'You can use this function with the mstats, stats, and tstats commands.'"
631,Statistical and Charting Functions,What is earliest_time used in conjunction with to calculate the rate of increase for a counter?,the first and last functions together,the mode and median functions together,the sum and average functions together,"earliest, latest, and latest_time",D,"You can use earliest_time 'in conjunction with the earliest, latest, and latest_time functions to calculate the rate of increase for a counter.'"
632,Statistical and Charting Functions,What does latest(<value>) return?,The UNIX time of the latest occurrence,"The last seen value based on input order, not time order",The chronologically latest seen occurrence of a value in a field,The chronologically earliest seen occurrence of a value in a field,C,Latest 'Returns the chronologically latest seen occurrence of a value in a field.'
633,Statistical and Charting Functions,Which commands can use the latest() function?,"Solely the chart and mstats commands, nothing else","Solely the chart, stats, and timechart commands","Solely the mstats, stats, and tstats commands","chart, mstats, stats, timechart, and tstats",D,"'You can use this function with the chart, mstats, stats, timechart, and tstats commands.'"
634,Statistical and Charting Functions,"A search returns these events in this order: _time=2020-04-28 00:15:05, 2020-05-01 00:15:05, 2020-04-30 00:15:02, 2020-04-27 00:15:01. Which _time does 'stats latest(_raw)' return?",2020-04-27 00:15:01,2020-04-30 00:15:02,2020-04-28 00:15:05,2020-05-01 00:15:05,D,"latest() returns the value from the event with the most recent timestamp, 2020-05-01 00:15:05, regardless of the order in which events are listed."
635,Statistical and Charting Functions,What does latest_time(<value>) return?,The total count of events recorded at the latest timestamp,The chronologically latest value itself,The UNIX timestamp of the latest-seen field value,The average of the latest 10 values,C,Latest_time 'Returns the UNIX time of the chronologically latest-seen occurrence of a given field value.'
636,Statistical and Charting Functions,Which commands can use the latest_time() function?,"chart, mstats, stats, and timechart","mstats, stats, and tstats",chart and tstats commands only,"chart, stats, and timechart",B,"'You can use this function with the mstats, stats, and tstats commands.'"
637,Statistical and Charting Functions,"Besides using latest_time with earliest, latest, and earliest_time, which function can you use to calculate a counter's rate of increase?",The median function,The mode function,The sumsq function,The rate function,D,"'Alternatively, you can use the rate function counter to do the same thing.'"
638,Statistical and Charting Functions,What does per_day(<value>) return?,"The distinct count of values in a field, for each day","The average value of a field or eval expression, per day",The values in a field or eval expression for each day,"The sum of a field or eval expression's values, per day",C,Per_day 'Returns the values in a field or eval expression for each day.'
639,Statistical and Charting Functions,Which command(s) can use the per_day() function?,chart and timechart,mstats and tstats only,timechart only,"chart, stats, and timechart",C,'You can use this function with the timechart command.'
640,Statistical and Charting Functions,What does per_hour(<value>) return?,The values in a field or eval expression for each hour,The values in a field or eval expression for each second,The values in a field or eval expression for each whole day,The values in a field or eval expression for each minute,A,Per_hour 'Returns the values in a field or eval expression for each hour.'
641,Statistical and Charting Functions,Which command(s) can use the per_hour() function?,stats and timechart,mstats and tstats,timechart only,chart and timechart,C,'You can use this function with the timechart command.'
642,Statistical and Charting Functions,What does per_minute(<value>) return?,The values in a field or eval expression for each hour,The values in a field or eval expression for each minute,"The values in a field or eval expression, for each second",The values in a field or eval expression for each day,B,Per_minute 'Returns the values in a field or eval expression for each minute.'
643,Statistical and Charting Functions,Which command(s) can use the per_minute() function?,chart and timechart,stats and timechart,timechart only,mstats and tstats,C,'You can use this function with the timechart command.'
644,Statistical and Charting Functions,What does per_second(<value>) return?,The values in a field or eval expression for each hour,The values in a field or eval expression for each second,"The values in a field or eval expression, for each minute",The values in a field or eval expression for each day,B,Per_second 'Returns the values in a field or eval expression for each second.'
645,Statistical and Charting Functions,What does '... | timechart per_second(kb)' return?,The overall average of the kb field's value,The values for the field kb for each second,"The sum total of kb values, for each day",The distinct count of all kb field values,B,This example: 'The following example returns the values for the field kb for each second.'
646,Statistical and Charting Functions,What formula does rate(<value>) represent?,sum(<value>) / count(<value>),(earliest(<value>) - latest(<value>)) / (earliest_time(<value>) - latest_time(<value>)),max(<value>) - min(<value>),(latest(<value>) - earliest(<value>)) / (latest_time(<value>) - earliest_time(<value>)),D,This exact formula for the rate function.
647,Statistical and Charting Functions,Which commands can use the rate() function?,"chart, mstats, and timechart","chart, stats, and timechart","mstats, stats, and tstats",chart and timechart commands only,C,"'You can use this function with the mstats, stats, and tstats commands.'"
648,Statistical and Charting Functions,"What is required for rate() to work correctly, regarding earliest_time and latest_time?",They must be different,They must be equal,They must be within one second of each other,They must both be zero,A,"'Requires the earliest and latest values of the field to be numerical, and the earliest_time and latest_time values to be different.'"
649,Statistical and Charting Functions,How many metric data points does rate() require at minimum in the search time range?,At least two,At least 1000,At least ten,At least one,A,'Requires at least two metric data points in the search time range.'
650,Statistical and Charting Functions,What does rate_avg(<value>) compute?,The single overall rate across all metrics combined,The standard deviation of rates across time series,"The per-metric time series rates, returning the sum of those rates","Per-metric rates for an accumulating counter, averaged",D,Rate_avg 'Computes the per metric time series rates for an accumulating counter metric. Returns the averages of those rates.'
651,Statistical and Charting Functions,Which command can use the rate_avg() function?,mstats only,chart and stats,mstats and tstats,stats only,A,'You can use this function with the mstats command.'
652,Statistical and Charting Functions,"Unlike rate, what can rate_avg calculate even with limited data?",Rates using only string fields,"Rates from just a single data point per time series, per timespan",Rates without any metric data points at all,"Rates spanning multiple, entirely unrelated accumulating counters at once",B,"'Unlike rate, the rate_avg function can calculate rates even when there is only a single metric data point per time series per timespan.'"
653,Statistical and Charting Functions,What does rate_sum(<value>) compute?,A single overall rate computed for the entire metric index,The standard deviation computed across all the rates,"Per-metric counter rates, summed",The average rate computed across all time series,C,Rate_sum 'Computes the per metric time series rates for an accumulating counter metric. Returns the aggregate of those rates.'
654,Statistical and Charting Functions,Which command can use the rate_sum() function?,mstats only,mstats and tstats,chart and stats,stats only,A,'You can use this function with the mstats command.'
655,Time Format Variables and Modifiers,What does the %c variable represent?,The UNIX Epoch Time timestamp,"The date and time in the current locale's format, as set by the OS",The date and time with time zone in the current locale's format,The time in 24-hour notation,B,"%c is described as 'the date and time in the current locale's format as defined by the server's operating system,' for example Thu Jul 18 09:30:00 2019."
656,Time Format Variables and Modifiers,How does the %+ variable differ from %c?,"%+ includes the time zone in the current locale's format, while %c does not","%+ gives the timezone in minutes, while %c gives the timezone abbreviation","%+ is for dates only, while %c is for times only","%+ uses UNIX epoch time, while %c uses local time",A,"%c as date and time in the current locale's format, and %+ as 'the date and time with time zone in the current locale's format,' for example Thu Jul 18 09:30:00 PDT 2019."
657,Time Format Variables and Modifiers,What does the %Ez variable represent?,The timezone offset from UTC in hours and minutes,A Splunk-specific timezone value expressed in minutes,"The timezone abbreviation, such as EST",The number of subsecond digits,B,"'%Ez Splunk-specific, timezone in minutes.'"
658,Time Format Variables and Modifiers,What should accompany %I when specifying a 12-hour clock time?,"%z, to specify the UTC offset","%p, to specify AM or PM","%H, to specify the 24-hour equivalent","%Z, to specify the timezone abbreviation",B,"For %I: 'Use with %p to specify AM or PM for the 12-hour clock,' and notes %p should not be used with %H."
659,Time Format Variables and Modifiers,How does %k differ from %H when representing the hour on a 24-hour clock?,"%k replaces leading zeros with a space, while %H accepts leading zeros","%k includes AM/PM, while %H does not","%k is only valid in metrics searches, while %H is used generally","%k is a 12-hour clock value, while %H is a 24-hour clock value",A,"%k as 'Like %H, the hour (24-hour clock) as a decimal number. Leading zeros are replaced by a space, for example 0 to 23.'"
660,Time Format Variables and Modifiers,What is the default number of subsecond digits represented by %N?,"%9N, nanoseconds","%6N, microseconds","%3N, milliseconds","%1N, deciseconds",A,'%N The number of subsecond digits. The default is %9N.'
661,Time Format Variables and Modifiers,What is the default subsecond value represented by %Q?,"Deciseconds, %1Q","Milliseconds, %3Q","Nanoseconds, %9Q","Microseconds, %6Q",B,"'%Q The subsecond component of a UTC timestamp. The default is milliseconds, %3Q.'"
662,Time Format Variables and Modifiers,What does appending the letter Z after the milliseconds in a date and time format string represent?,A separator between the date and the time,A zero-based year format,"Zulu, denoting UTC time",The abbreviation for the local time zone,C,"For the format string %Y-%m-%dT%H:%M:%S.%QZ, the result includes milliseconds 'followed by the letter Z to denote Zulu.'"
663,Time Format Variables and Modifiers,"Which time format variable is equivalent to %Y-%m-%d, the ISO 8601 date format?",%F,%x,%G,%g,A,'%F Equivalent to %Y-%m-%d (the ISO 8601 date format).'
664,Time Format Variables and Modifiers,What distinguishes %e from %d when representing the day of the month?,"%e represents the day of year, while %d represents the day of month","%d is week-based, while %e is day-of-year based","%d is an abbreviated form, while %e is a fully spelled-out value","%e replaces a leading zero with a space, while %d includes a leading zero",D,"%d as including a leading zero, and %e as 'Like %d, the day of the month as a decimal number, but a leading zero is replaced by a space.'"
665,Time Format Variables and Modifiers,How do %V and %U differ when representing the week of the year?,"%V is used only for ISO dates, while %U is used only for locale-based dates","%V represents the day of the week, while %U represents the week of the year","%U starts the count at 1, while %V starts the count at 0","%V starts the count at 1, while %U starts the count at 0",D,"'The %V variable starts the count at 1, which is the most common start number. The %U variable starts the count at 0.'"
666,Time Format Variables and Modifiers,What value does %w use to represent Sunday?,0,Sun,1,7,A,"'%w Weekday as a decimal number. (0 = Sunday, ..., 6 = Saturday).'"
667,Time Format Variables and Modifiers,What does %G represent?,"The ISO 8601 year with century, tied to the ISO week",The abbreviated year used for locale-based date formats,"The year without the century, as a 2-digit decimal number","The century as a 2-digit decimal number, with no year",A,%G as 'the ISO 8601 date format for year with the century as a 4-digit decimal number that corresponds to the ISO week number (see %V).'
668,Time Format Variables and Modifiers,"If a date's ISO week number belongs to the following year, what year does %G specify?","The current calendar year, regardless of the ISO week number","The following year, since %G follows the ISO week number's year","Only the century, without a specific year","The result is undefined, since %G cannot cross year boundaries",B,"'%G uses the year that is associated with the ISO week number; if the ISO week number belongs to the previous or next year, %G specifies that year.'"
669,Time Format Variables and Modifiers,"What does the search host=""www1"" | eval WeekNo = strftime(_time, ""%V"") create?",A field called WeekNo containing the day-of-year values that correspond to the dates in _time,A field called WeekNo containing the week number values that correspond to the dates in _time,A field called mytime containing the converted timestamp values,A field called WeekNo containing the ISO year values that correspond to _time,B,This search 'Creates a field called WeekNo and returns the values for the week numbers that correspond to the dates in the _time field.'
670,Time Format Variables and Modifiers,"What does `eval mytime=strptime(""2022-12-15T09:45:22"",""%Y-%m-%dT%H:%M:%S"")` return?",The UNIX time 1738569600,The UNIX time 1671126322.000000,The formatted string 2022-12-15T09:45:22,The UNIX time 1664124322.000000,B,'this search returns the UNIX time 1671126322.000000.'
671,Time Format Variables and Modifiers,In what notation is an event's _time field timestamp saved?,Local time notation,RFC 2822 notation,UNIX time notation,ISO 8601 notation,C,The timestamp saved as _time 'is saved in UNIX time notation.'
672,Time Format Variables and Modifiers,"When searching with the earliest and latest time modifiers, which event timestamps are returned?",Timestamps greater than earliest and less than or equal to latest,Timestamps strictly greater than earliest and strictly less than latest,Timestamps greater than or equal to earliest and less than latest,Timestamps greater than or equal to earliest and less than or equal to latest,C,Relative time modifiers 'finds every event with a timestamp greater than or equal to earliest and less than latest.'
673,Time Format Variables and Modifiers,"If latest=02:00:00, which events are excluded from the results?",Events with the exact timestamp of 02:00:00,Events with timestamps before 01:00:00,Events with the exact timestamp of 01:59:59,All events occurring on that calendar day,A,The search finds events up to 01:59:59 and 'does not return events with the exact timestamp of 02:00:00.'
674,Time Format Variables and Modifiers,What happens when a time modifier used in SPL syntax conflicts with the time set in the Time Range Picker?,The time modifier overrides the Time Range Picker,Splunk software returns an error,The two time ranges are merged into their union,The Time Range Picker setting takes precedence,A,"'When you use a time modifier in the SPL syntax, that time overrides the time specified in the Time Range Picker.'"
675,Time Format Variables and Modifiers,The Time Range Picker is set to yesterday and the search adds earliest=-2d with no latest modifier. What value is used for latest?,"now()-2d, matching the earliest offset","The end of yesterday, taken from the Time Range Picker","The default value, now",The search fails without an explicit latest value,C,"'Because the search does not specify the latest time modifier, the default value now is used for latest.'"
676,Time Format Variables and Modifiers,Do time ranges specified directly in a base search apply to its subsearches?,"Yes, they always apply to subsearches","Yes, but only to the first subsearch executed",Only if the subsearch does not specify its own time range,"No, they do not apply to subsearches",D,'time ranges specified directly in the base search do not apply to subsearches.'
677,Time Format Variables and Modifiers,Which field stores the UNIX time of when an event was indexed?,_index_earliest,_time,_indextime,indextime_unix,C,'The UNIX time is saved in the _indextime field.'
678,Time Format Variables and Modifiers,What is the correct syntax to search for events indexed in the previous hour?,_indextime=-h@h,_index_earliest=-1h@d _index_latest=@d,earliest=-h@h latest=@h,_index_earliest=-h@h _index_latest=@h,D,"'if you wanted to search for events indexed in the previous hour, use: _index_earliest=-h@h _index_latest=@h.'"
679,Time Format Variables and Modifiers,What does earliest=1 specify?,One second before the current time when the search runs,"UNIX epoch time 1: UTC January 1, 1970, 12:00:01 AM",The earliest event that is present in your indexed data,"UNIX epoch time 0, the very start of UNIX time itself",B,"'Use earliest=1 to specify the UNIX epoch time 1, which is UTC January 1, 1970 at 12:00:01 AM.'"
680,Time Format Variables and Modifiers,"What does the now modifier refer to, and what happens if it is used to set earliest?","Now refers to the current time; if set to earliest, now() is the start of the search","Now refers to midnight; if set to earliest, now() is the end of the search",Now refers to the current time; it cannot be combined with earliest,"Now refers to the current time; if set to earliest, now() defaults to epoch time 1",A,"'now now() or now Refers to the current time. If set to earliest, now() is the start of the search.'"
681,Time Format Variables and Modifiers,What does time() represent in real-time searches?,The time zone configured on the indexer,The current machine time,The timestamp of the oldest event returned,The scheduled start time of the search,B,"'time time() In real-time searches, time() is the current machine time.'"
682,Time Format Variables and Modifiers,What is the general syntax pattern for a relative time modifier?,[+|-]<time_unit>@<time_integer><time_unit>,[+|-]<time_integer><time_unit>@<time_unit>,@<time_unit>[+|-]<time_integer><time_unit>,<time_unit>@<time_unit>[+|-]<time_integer>,B,'The syntax for using time modifiers is [+|-]<time_integer><time_unit>@<time_unit>.'
683,Time Format Variables and Modifiers,Which of the following is a valid time unit abbreviation for 'quarter' in a time modifier?,qtly,qtr,quart,qu,B,"The time unit table lists 'quarter q, qtr, qtrs, quarter, quarters' as valid abbreviations."
684,Time Format Variables and Modifiers,Which value can be used to specify Sunday when snapping to a day of the week?,Either w0 or w6,Only w1,Either w0 or w7,w6 exclusively,C,"'you can specify a day of the week: w0 (Sunday), w1, w2, w3, w4, w5 and w6 (Saturday). For Sunday, you can specify w0 or w7.'"
685,Time Format Variables and Modifiers,What time results from applying the modifier @d-2h?,Midnight today,10 PM yesterday,2 AM today,10 PM today,B,"'@d-2h snaps to the beginning of today (12 AM or midnight), and then applies the time offset of -2h, This results in a time of 10 PM yesterday.'"
686,Time Format Variables and Modifiers,"If it is 11:59:00 and you snap to hours, what time do you snap to?","12:00, because Splunk software always rounds up to the nearest hour","12:00, because snapping always rounds to the closest hour","11:59, because snapping preserves minutes when rounding down","11:00, because Splunk software rounds down to the latest time not after it",D,"'Splunk software always snaps backwards or rounds down to the latest time not after the specified time. For example, if it is 11:59:00 and you ""snap to"" hours, you will snap to 11:00 not 12:00.'"
687,Time Format Variables and Modifiers,Which syntax finds events from the last 24 hours while omitting events between midnight and 1:00 A.M.?,(earliest>=-24h@h latest<@d+1h),(earliest=-24h latest<@d) OR (earliest>=@d+1h),(earliest=-24h latest<=@d) OR (earliest>@d+1h),(earliest=-1d@d latest=@d+1h),B,This example to 'find events for the last 24 hours but omit the events from Midnight to 1:00 A.M.': '...((earliest=-24h latest<@d) OR (earliest>=@d+1h))'.
688,Time Format Variables and Modifiers,"What is the default value of the timeformat modifier, which sets the format for the starttime and endtime modifiers?",timeformat=%m-%d-%Y %H:%M:%S,timeformat=%m/%d/%Y:%H:%M:%S,timeformat=%Y-%m-%dT%H:%M:%S,timeformat=%d/%m/%Y %H:%M:%S,B,'timeformat ... Set the timeformat for the starttime and endtime modifiers. By default: timeformat=%m/%d/%Y:%H:%M:%S.'
689,Distributable Streaming,What does the abstract command produce from search results?,A sorted list of all field values in the events,A histogram of event timestamps,A count of unique terms in each event,A brief summary of the search results' text,D,"Abstract 'Produces an abstract, a summary or brief representation, of the text of the search results.'"
690,Distributable Streaming,"For the abstract command, what happens to the original text of an event?",It is duplicated in a new field,It is left unchanged alongside the summary,It is moved to the _raw field,It is replaced by the summary,D,'The original text is replaced by the summary.'
691,Distributable Streaming,Which events does the abstract command's scoring mechanism prefer?,Events containing only numeric fields,Events with the earliest timestamps,Events with more terms on adjacent lines,Events with the fewest total characters,C,"Events 'with more textual terms and more terms on adjacent lines, are preferred over events with fewer terms.'"
692,Distributable Streaming,"In the abstract command, when might a neighboring line be included even though it lacks a search term itself?",If it neighbors a term-matching line,If it is shorter than the maxlines value,If it contains a timestamp at the start,If it is the very first line of the event,A,"'If a line has a search term, its neighboring lines also partially match, and might be returned to provide context.'"
693,Distributable Streaming,What marks gaps between selected lines in abstract command output?,Lines are prefixed with an ellipsis (...),Lines are prefixed with a pipe character,A '[gap]' marker is inserted,A blank line is inserted,A,"'When there are gaps between the selected lines, lines are prefixed with an ellipsis (...).'"
694,Distributable Streaming,"For the abstract command, what happens if an event's text has fewer or an equal number of lines as maxlines?",The maxterms limit is doubled,No change occurs,All lines are replaced with an ellipsis,The event is dropped from the results,B,"'If the text of an event has fewer lines or an equal number of lines as maxlines, no change occurs.'"
695,Distributable Streaming,What is the default value of the maxterms argument in the abstract command?,10 terms,500 terms,1000 terms,100 terms,C,The maxterms argument description states 'Default: 1000.'
696,Distributable Streaming,What is the default value of the maxlines argument in the abstract command?,10,1000,500,5,A,The maxlines argument description states 'Default: 10.'
697,Centralized Streaming,"For each event where field is a number, what does the accum command calculate?",A running total or sum of the numbers,The standard deviation of the numbers,The maximum value seen so far,The average of the numbers seen so far,A,'the accum command calculates a running total or sum of the numbers.'
698,Centralized Streaming,"In the accum command syntax 'accum <field> [AS <newfield>]', what is the purpose of the optional newfield?",To specify which events to exclude from accumulation,To rename the original field without changing its values,"To store the sum in a new field, not the original field",To convert the field to a string type,C,"'The accumulated sum can be returned to either the same field, or a newfield that you specify.'"
699,Centralized Streaming,What does the new TotalViews field represent for each row after piping through 'accum views as TotalViews'?,The running total of views through that row,The rank of that row by views,The percentage of total views represented by that row,The average views across all rows,A,"The example shows TotalViews accumulating as a running total, consistent with the description that accum 'calculates a running total or sum of the numbers.'"
700,Transforming,What does the addcoltotals command append to the search result set?,A new result containing the sum of each numeric field,A new result containing the count of events,A new field containing the median of each numeric field,A new field containing the average of each numeric field,A,'The addcoltotals command appends a new result to the end of the search result set. The result contains the sum of each numeric field.'
701,Transforming,Where are addcoltotals results displayed?,The Events tab,The Visualization tab,The Patterns tab,The Statistics tab,D,'Results are displayed on the Statistics tab.'
702,Transforming,"By default, for which fields does addcoltotals calculate the sum if no wc-field-list is specified?",Only the first numeric field,All of the numeric fields,"No fields, unless explicitly listed",Only fields named 'count',B,The wc-field-list description states 'Default: Calculates the sum for all of the fields.'
703,Transforming,What character can be used as a wildcard in the addcoltotals wc-field-list to match fields with similar names?,A question mark (?),A caret (^),A percent sign (%),An asterisk (*),D,'You can use the asterisk ( * ) as a wildcard to specify a list of fields with similar names.'
704,Transforming,"In the addcoltotals command, what does the labelfield argument do?","Adds a column, named as specified, to the results table",Renames all numeric fields in the results to the specified value,Removes the specified field entirely before computing any totals,Sorts the results by the specified field,A,"'If the labelfield argument is specified, a column is added to the statistical results table with the name specified.'"
705,Transforming,"In addcoltotals, when does the label argument have an effect?",Only when applied to non-numeric fields,Only if labelfield is also specified,Only when col=true is set,Only when no wc-field-list is specified,B,"'Used with the labelfield argument to add a label in the summary event. If the labelfield argument is absent, the label argument has no effect.'"
706,Transforming,What is the default value of the label argument in addcoltotals?,none,Sum,Total,ALL,C,The label argument's description states 'Default: Total.'
707,Transforming,What is the default value of the labelfield argument in addcoltotals?,label,Total,summary,none,D,The labelfield argument's description states 'Default: none.'
708,Distributable Streaming,What does the addinfo command add to each event?,A running total computed across all numeric fields in the event,The distinct count of values seen for each field,A summary event listing the column totals,Fields containing common search info,D,"'Adds fields to each event that contain global, common information about the search.'"
709,Distributable Streaming,The addinfo command is primarily an internal component of which feature?,Report Acceleration,Data Model Acceleration,Field Extraction,Summary Indexing,D,'This command is primarily an internally-used component of Summary Indexing.'
710,Distributable Streaming,Which field added by addinfo represents the time when the search was run?,The info_sid field,The info_search_time field,The info_min_time field,The info_max_time field,B,The field table lists 'info_search_time: The time when the search was run.'
711,Distributable Streaming,Which field added by addinfo contains the latest time boundary for the search?,info_min_time,info_search_time,info_max_time,info_sid,C,The field table lists 'info_max_time: The latest time boundary for the search.'
712,Distributable Streaming,What type of command is addinfo?,A centralized streaming command,A distributable streaming command,A generating (event-producing) command,A transforming (reporting) command,B,'The addinfo command is a distributable streaming command.'
713,Distributable Streaming,What does the addtotals command compute for each search result?,The standard deviation of all numeric fields,The count of all fields,The arithmetic sum of all numeric fields,The average of all numeric fields,C,'The addtotals command computes the arithmetic sum of all numeric fields for each search result.'
714,Distributable Streaming,"If col=true is specified in addtotals, what happens?",It adds a summary result totaling each field,The command sorts results by column name,The command computes row totals only,The command removes all non-numeric fields,A,"'If col=true, the addtotals command computes the column totals, which adds a new result at the end that represents the sum of each field.'"
715,Distributable Streaming,"Instead of using addtotals col=true, which other command can be used to calculate a summary event?",The addcoltotals command,"The addinfo command, which adds search metadata","The stats command, used for statistical aggregation","The accum command, used for running totals",A,"'Alternately, instead of using the addtotals col=true command, you can use the addcoltotals command to calculate a summary event.'"
716,Distributable Streaming,What is the default value of the row argument in addtotals?,false,none,Total,true,D,The row argument's description states 'Default: true.'
717,Distributable Streaming,What is the default value of the col argument in addtotals?,none,true,Total,false,D,The col argument's description states 'Default: false.'
718,Distributable Streaming,"In addtotals, what does the row argument control?","Whether to sum the field list per event, like a row total",Whether to sum only fields matching a wildcard pattern,Whether numeric fields are converted to strings,Whether to add a new summary event at the bottom of the list,A,'row... Specifies whether to calculate the sum of the <field-list> for each event. This is similar to calculating a total for each row in a table.'
719,Distributable Streaming,What is the default field name used by addtotals for row totals when fieldname is not specified?,Sum,Total,TotalSum,RowTotal,B,'The sum is placed in a new field. The default name of the field is Total.'
720,Distributable Streaming,The fieldname argument in addtotals is valid only under which condition?,When labelfield is set,When row=true,When no field-list is specified,When col=true,B,'The fieldname argument is valid only when row=true.'
721,Distributable Streaming,The labelfield argument in addtotals is valid only under which condition?,When a field-list is specified,When row=true,When col=true,When fieldname is set,C,'The labelfield argument is valid only when col=true.'
722,Distributable Streaming,"In addtotals, if there is no field in the result set matching the labelfield value, what happens?",All existing fields are renamed to the labelfield value,A new field is added using the labelfield value,The search returns an error,The labelfield argument is ignored entirely,B,"'If there is no field in your result set that matches the labelfield, a new field is added using the labelfield value.'"
723,Distributable Streaming,What is the default value of the label argument in addtotals?,none,Total,ALL,Sum,B,The label argument's description states 'Default: Total.'
724,Distributable Streaming,When is the addtotals command a transforming command rather than a distributable streaming command?,When a field-list is specified,When it is used to calculate column totals,When labelfield is omitted,When it is used to calculate row totals,B,"'The addtotals command is a distributable streaming command, except when is used to calculate column totals. When used to calculate column totals, the addtotals command is a transforming command.'"
725,Distributable Streaming,"In addtotals, what does the field-list argument control?",Which field name is used to label the resulting summary event row,Which fields determine the sort order of results,"Which numeric fields get summed, rather than all of them",Which fields are removed entirely from the final output table,C,"'One or more numeric fields, delimited with a space. Only the fields specified in the <field-list> are summed.'"
726,Transforming,What does the analyzefields command analyze to predict the value of a classfield?,Only the _raw field,Only fields listed in a field-list argument,All string fields,All numerical fields,D,'this command analyzes all numerical fields to determine the ability for each of those fields to predict the value of the classfield.'
727,Transforming,What is the abbreviation for the analyzefields command?,af,az,anf,an,A,'You can use the abbreviation af for the analyzefields command.'
728,Transforming,How many columns does the table returned by analyzefields contain?,Six,Five,Four,Three,B,'The analyzefields command returns a table with five columns.'
729,Transforming,"In the output of the analyzefields command, what does the 'cocur' field represent?",The field's co-occurrence ratio when classfield is present,The count of occurrences of the field in the search results,The balanced accuracy across classfield values,The accuracy in predicting the classfield value,A,"'cocur: The co-occurrence of the field. In the results where classfield is present, this is the ratio of results in which field is also present.'"
730,Transforming,"In analyzefields, what is recommended for best results regarding the classfield argument?",The classfield must be a numeric field,"Two distinct values is ideal, though multiclass works too",The classfield must not contain null values,The classfield must have at least five distinct values,B,"'For best results, classfield should have two distinct values, although multiclass analysis is possible.'"
731,Dataset Processing,What new field does the anomalies command add to each event?,probable_cause,Anomaly_Score_Num,unexpectedness,anomaly_score,C,'The anomalies command assigns an unexpectedness score to each event and places that score in a new field named unexpectedness.'
732,Dataset Processing,When does the anomalies command consider an event anomalous?,The event contains a denylisted value,The unexpectedness score is less than the threshold value,The unexpectedness score is greater than the threshold value,The unexpectedness score equals zero,C,'The event is considered unexpected or anomalous if the unexpectedness score is greater than the threshold value.'
733,Dataset Processing,What is the default value of the threshold argument in the anomalies command?,0.05,100,0.01,0.1,C,The threshold argument's description states 'Default: 0.01.'
734,Dataset Processing,"In the anomalies command, what happens when labelonly=true?",The unexpectedness field is removed from output,Only the events considered anomalous are kept and returned,Events that fall below the configured threshold are removed,No events are removed; unexpectedness is added to all,D,"'If labelonly=true, no events are removed.'"
735,Dataset Processing,What is the default value of the labelonly argument in anomalies?,none,false,0.01,true,B,The labelonly argument's description states 'Default: false.'
736,Dataset Processing,"In the anomalies command, what does setting normalize=false do?",Increases the threshold value automatically,"Treats numeric data as categories, not normalized",Forces all numeric characters to be treated as identical,Disables the unexpectedness field,B,"'When a field contains numeric data that should not be normalized but treated as categories, set normalize=false.'"
737,Dataset Processing,What is the default value of the maxvalues argument in the anomalies command?,100,10000,10,1000,A,The maxvalues argument's description states 'Default: 100.'
738,Dataset Processing,What is the valid range for the maxvalues argument in the anomalies command?,10 to 10000,1 to 100,1 to 1000,100 to 10000,A,'You can specify a number between 10 and 10000.'
739,Dataset Processing,What is the default field analyzed by the anomalies command when determining unexpectedness?,_raw,host,source,_time,A,The field argument's description states 'Default: _raw.'
740,Dataset Processing,"In the anomalies command, what unexpectedness score is given to an incoming event that matches an event in the denylist?",The denylistthreshold value,0.0,The default threshold value,1.0,B,"'Any incoming event that is similar to an event in the denylist is treated as not anomalous, or expected, and given an unexpectedness score of 0.0.'"
741,Dataset Processing,What is the default value of the denylistthreshold argument in the anomalies command?,0.01,0.1,100,0.05,D,The denylistthreshold argument's description states 'Default: 0.05.'
742,Dataset Processing,What does the by-clause do in the anomalies command?,Filters out events below the denylistthreshold,Sorts the anomalous events by their computed unexpectedness score,Groups results by field values for separate analysis,Specifies which single field the command should normalize,C,"'Use to specify a list of fields to segregate the results for anomaly detection. For each combination of values for the specified fields, the events with those values are treated entirely separately.'"
743,Dataset Processing,"In the anomalies command's unexpectedness formula, what does the variable s( ) represent?",The standard deviation of a field,How similar or uniform the data is,The number of events in the search,The total elapsed search time,B,"'In this formula, s( ) is a metric of how similar or uniform the data is.'"
744,Dataset Processing,What does the anomalousvalue command compute for each field of each event?,An anomaly score relative to the field's other event values,A running total that accumulates the field's values over time,A conditional probability table computed across all fields,The information-theoretic entropy of the field's values,A,"'The anomalousvalue command computes an anomaly score for each field of each event, relative to the values of this field across other events.'"
745,Dataset Processing,"For a numeric field named 'size' determined to be anomalous, what is the name of the new field added by anomalousvalue?",Anomaly_Score_Num(size),Anomaly_Score_Cat(size),size_anomaly,Anomalous_size,A,"'If the field is numeric, such as size, the new field will be Anomaly_Score_Num(size).'"
746,Dataset Processing,"For a non-numeric field named 'name' determined to be anomalous, what is the name of the new field added by anomalousvalue?",Anomaly_Score_Cat(name),name_anomaly,Anomaly_Score_Num(name),Anomalous_Cat(name),A,"'If the field is non-numeric, such as name, the new field will be Anomaly_Score_Cat(name).'"
747,Dataset Processing,What is the default value of maxanofreq in anomalousvalue?,0.01,0.1,100,0.05,D,The maxanofreq argument's description states 'Default 0.05.'
748,Dataset Processing,What is the default value of minsupcount in anomalousvalue?,0.01,0.05,100,50,C,The minsupcount argument's description states 'Default: 100.'
749,Dataset Processing,What is the default value of minnormfreq in anomalousvalue?,100,0.05,0.1,0.01,D,The minnormfreq argument's description states 'Default: 0.01.'
750,Dataset Processing,"In anomalousvalue, what does the minsupcount option do?",Removes fields that are not anomalous frequently enough,Drops a field appearing fewer than N times in the results,Removes fields that are anomalous too frequently,Sets the probability threshold for anomaly detection,B,"'Drops a field that has a small number of occurrences in the input result set. If the field appears fewer than N times in the input events, the field is removed from consideration.'"
751,Dataset Processing,What is the default value of the action argument in anomalousvalue?,none,summary,filter,annotate,C,The action argument's description states 'Default: filter.'
752,Dataset Processing,What does action=summary return in the anomalousvalue command?,A table summarizing the anomaly statistics for each field generated,All original events with additional annotation fields,A single numeric anomaly score for the entire search,"Only events with anomalous values, annotated with new fields",A,'The summary action returns a table summarizing the anomaly statistics for each field generated.'
753,Dataset Processing,"In the output of the anomalousvalue command, what does the 'distinct_count' field represent?",The calculated mean of the field values,The number of unique values of the field,The standard deviation of the field value,The number of times the field appears,B,'distinct_count: The number of unique values of the field.'
754,Dataset Processing,What is the default value of pthresh in the anomalousvalue command?,0.1,100,0.05,0.01,D,The pthresh argument's description states 'Default: 0.01.'
755,Dataset Processing,"In anomalousvalue, what is the default behavior for field-list if no field list is provided?",Only the first field is considered,No fields are considered at all,All fields are considered,Only numeric fields are considered,C,"The field-list description states 'Default: If no field list is provided, all fields are considered.'"
756,Dataset Processing,"By default, how many results does the anomalousvalue command return at maximum?","50,000","10,000","100,000","5,000",A,"'By default, a maximum of 50,000 results are returned. This maximum is controlled by the maxresultrows setting in the [anomalousvalue] stanza in the limits.conf file.'"
757,Transforming,What is the anomalydetection command's default method for identifying anomalous events?,The iqr method,The histogram method,The cluster method,The zscore method,B,The method argument's description states 'Default: method=histogram.'
758,Transforming,"For categorical fields, how does anomalydetection compute the frequency of a value X?",The size of the bin containing X divided by the number of events,The standard deviation of X from the mean,The rank of X among all values,The number of times X occurs divided by the total number of events,D,"'For categorical fields, the frequency of a value X is the number of times X occurs divided by the total number of events.'"
759,Transforming,"For numerical fields, how does anomalydetection compute the frequency of a value X?",As the interquartile range containing X,As the size of the histogram bin containing X divided by the number of events,As the number of times X occurs divided by the total number of events,As the z-score of X relative to the mean,B,"'For numerical fields, we first build a histogram for all the values, then compute the frequency of a value X as the size of the bin that contains X divided by the number of events.'"
760,Transforming,"When method=zscore is specified in anomalydetection, the command behaves like which other command?",anomalousvalue,anomalies,analyzefields,outlier,A,"'When method=zscore, performs like the anomalousvalue command.'"
761,Transforming,"When method=iqr is specified in anomalydetection, the command behaves like which other command?",anomalousvalue,anomalies,outlier,analyzefields,C,"'When method=iqr, performs like the outlier command.'"
762,Transforming,"For method=histogram in anomalydetection, how is the default pthresh determined?",It is fixed at 0.01,It is fixed at 0.05,pthresh cannot be used with method=histogram,It is calculated per data set during analysis,D,"'For method=histogram, the command calculates pthresh for each data set during analysis.'"
763,Transforming,What happens if you try to use the pthresh option with method=iqr in anomalydetection?,It returns an invalid argument error,pthresh is silently ignored,pthresh is applied to the transform action only,pthresh defaults to 0.01,A,"'If you try to use this when method=iqr, it returns an invalid argument error.'"
764,Transforming,What is the default value of the cutoff argument in anomalydetection?,1.5,true,0.5,false,B,The cutoff argument's description states 'Default: true.'
765,Transforming,"In anomalydetection with the histogram method, what does the probable_cause field represent when action=filter or action=annotate?",The frequency of the value in the probable_cause field,The field name that best explains the anomaly,The maximum frequency for all field values in the event,The natural logarithm of the event probability,B,'probable_cause: The name of the field that best explains why the event is anomalous.'
766,Transforming,What is the default action for the IQR method in anomalydetection?,annotate,filter,remove,transform,D,The IQR action description states 'Default: action=transform.'
767,Transforming,The append command runs only over which type of data?,Historical data,Summary-indexed data,Real-time data,Accelerated data model data,A,'The append command runs only over historical data and does not produce correct results if used in a real-time search.'
768,Transforming,"By default, what is the maximum number of results a subsearch returns?","10,000","1,000","100,000","50,000",A,"'By default, subsearches return a maximum of 10,000 results and have a maximum runtime of 60 seconds.'"
769,Transforming,"By default, what is the maximum runtime for a subsearch before it is automatically finalized?",30 seconds,300 seconds,120 seconds,60 seconds,D,"'have a maximum runtime of 60 seconds. If a subsearch runs for more than 60 seconds, its search results are automatically finalized.'"
770,Transforming,"In the append command, what must the subsearch be enclosed in?",Curly braces,Double quotes,Square brackets,Parentheses,C,'The subsearch must be enclosed in square brackets.'
771,Transforming,What is the default value of the extendtimerange argument in the append command?,false,true,none,60,A,The extendtimerange argument's description states 'Default: false.'
772,Transforming,When should you use the extendtimerange argument with append?,"When the subsearch returns more than the configured maximum of 50,000 result rows","When the subsearch time range exceeds the main search's, and a time-binned command follows",When the subsearch must execute continuously in real-time streaming mode,When the labelfield argument needs to be added to the resulting summary event,B,'Use the extendtimerange argument when the time range in the subsearch extends beyond the time range for the main search. Use this argument when a transforming command... follows the append command in the search and the search uses time based bins.'
773,Transforming,What is the default value of maxtime in the append command?,60,50000,10000,30,A,The maxtime argument's description states 'Default: 60.'
774,Transforming,What is the default value of maxout in the append command?,50000,10000,100000,60,A,The maxout argument's description states 'Default: 50000.'
775,Transforming,Does changing the maxout setting for the append command affect other subsearches in the same search?,"No, maxout cannot be changed for append","Yes, but only for subsearches used with join","Yes, it changes the maxout for all subsearches in the search","No, it only affects that append subsearch's row count",D,"'This means that changing the maxout setting only changes the number of rows the append command's subsearch returns, leaving other subsearches unaffected.'"
776,Transforming,What type of command is append?,A transforming (reporting) command,A generating (event-producing) command,A centralized streaming command,A distributable streaming command,A,'The append command is a transforming command.'
777,Transforming,Why would you use 'append [search ... | stats count]' instead of just stats alone when you want to count both the total events and the events for a specified field?,The main search itself is not permitted to use the count function,stats can't count total events and a field's events at once,The append command is required before any stats command,Subsearches always execute faster than the main search does,B,'You cannot use the stats command to simultaneously count the total number of events and the number of events for a specified field.'
778,Transforming,"When you use append to add a subsearch that returns a total count to a main search that also produces a count field, where do the subsearch's results appear because both share the count field?",As the last row in the count column,They are merged with existing rows rather than appended,"As the first row, above the main results",As a new column labeled 'Total' at right,A,"'Because both searches share the count field, the results of the subsearch are listed as the last row in the count column.'"
779,Transforming,What effect does the append command have on the formatting of the combined results?,It automatically reformats the subsearch results to match column headers,"It tacks the subsearch results onto the end, with no reformatting allowed",It sorts the combined results by categoryId,It merges rows that share the same field values,B,"'You can see that the append command just tacks on the results of the subsearch to the end of the previous search, even though the results share the same field values. It does not let you manipulate or reformat the output.'"
780,Transforming,What do the arguments in 'append maxtime=30 maxout=1000' limit?,The maximum number of append commands allowed in a single search,The maximum number of fields returned,The subsearch's max runtime in seconds and max result rows,The main search's maximum runtime in seconds and result rows,C,'Limit the subsearch to 30 seconds and the maximum number of subsearch results to 1000' using 'append maxtime=30 maxout=1000'.
781,Introduction,"Which command filters results using an eval-style Boolean expression, such as bytes>1000?",fields,rename,table,where,D,where keeps only the results for which its eval expression evaluates to true.
782,Transforming,Which set of commands can all combine results from more than one search or dataset?,"stats, chart, timechart, top","associate, correlate, contingency","accum, delta, streamstats, trendline","appendcols, appendpipe, join, set",D,"The append command's See also section lists 'appendcols,appendpipe,join,set.'"
783,Dataset Processing,What does the appendcols command do?,"Runs the subsearch first, then merges by matching field values",Appends the fields of the subsearch results with the input search results,Appends the rows of the subsearch results to the end of the input search results,Removes fields not present in the subsearch,B,'Appends the fields of the subsearch results with the input search results.'
784,Dataset Processing,"In appendcols, how are subsearch results merged with the main results?",All subsearch results are merged into the last main result row,"Results merge in order: first with first, second with second, and so on",Subsearch results are merged with the main results in reverse chronological order,Results are merged together by matching on common field values across both sets,B,"'the first subsearch result is merged with the first main result, the second subsearch result is merged with the second main result, and so on.'"
785,Dataset Processing,"In appendcols, what happens when override=true and a field is present in both the subsearch and main results?",The main result value is used,The field is removed from the output,The subsearch result value is used,Both values are concatenated,C,"'If override=true, the subsearch result value is used.'"
786,Dataset Processing,What is the default value of the override argument in appendcols?,true,60,false,none,C,'Default: override=false.'
787,Dataset Processing,Where must the appendcols command be placed in a search string?,Before any transforming command,"Immediately after the base search, before any pipes","Only at the very end of the search, after all other commands","After a transforming command such as stats, chart, or timechart",D,"'The appendcols command must be placed in a search string after a transforming command such as stats, chart, or timechart.'"
788,Dataset Processing,"Unlike a subsearch, when is the appendpipe subpipeline run?",In parallel with the main search from the start,Before the main search begins,"When the search reaches the appendpipe command, not run first",Only after the entire main search finishes and is cached,C,"'Unlike a subsearch, the subpipeline is not run first. The subpipeline is run when the search reaches the appendpipe command.'"
789,Dataset Processing,What is the default value of run_in_preview in appendpipe?,60,True,none,False,B,The run_in_preview argument's description states 'Default: True.'
790,Dataset Processing,"In appendpipe, what happens when run_in_preview=FALSE?",The search executes more quickly by skipping the entire appended subpipeline,The preview shows only the results produced by the appendpipe subpipeline,The appendpipe command is disabled entirely for that particular search execution,"Preview ignores appendpipe's effect, but final results still include it",D,"'When set to FALSE, the search runs and the preview shows the results as if the appendpipe command is not part of the search. However, when the search finishes, the results include the impact of the appendpipe command.'"
791,Dataset Processing,The appendpipe command is used to append the output of which kinds of commands?,"Streaming commands such as eval and where, which process events one at a time",Only the stats command,"Only the chart and timechart commands, which build visualizations","Transforming commands, such as chart, timechart, stats, and top",D,"'The appendpipe command is used to append the output of transforming commands, such as chart, timechart, stats, and top.'"
792,Dataset Processing,"In a search that uses appendpipe to add subtotals by action across all users, what is the purpose of the appendpipe subpipeline?",To remove duplicate actions from the results,To append subtotals for each action across all users,To filter out users with a count below a threshold,To rename the action field to 'TOTAL',B,"The example heading states 'Append subtotals for each action across all users,' produced by the appendpipe subpipeline that sums counts by action."
793,Distributable Streaming,What does the arules command look for?,Anomalous events based on probability,Associative relationships between field values,Running totals of numeric fields,Correlations based on entropy changes between field pairs,B,'The arules command looks for associative relationships between field values.'
794,Distributable Streaming,How many fields must be specified at minimum in the arules field-list?,Exactly one,At least three,At least one,At least two,D,'The list of field names. At least two fields must be specified.'
795,Distributable Streaming,What is the default value of the support (sup) option in the arules command?,3,0.5,100,0.05,A,The support argument's description states 'Default: 3.'
796,Transforming,What does the associate command try to find between pairs of fields?,A relationship via a change in entropy based on their values,The frequency of co-occurring string patterns found across paired fields,A running total of shared values,A correlation coefficient calculated using ordinary linear regression,A,'The command tries to find a relationship between pairs of fields by calculating a change in entropy based on their values.'
797,Transforming,"For the associate command, what is the entropy of a field that has only one unique value?",Undefined,Equal to the field's support value,Zero,One,C,"'if a field has only one unique value, the field has an entropy of zero.'"
798,Transforming,"What type of entropy calculation, and in what unit, does the associate command use?","Shannon entropy (log base 10), measured in decibels","Differential entropy, measured in bytes","Renyi entropy, measured in nats","Shannon entropy (log base 2), measured in bits",D,'The associate command uses Shannon entropy (log base 2). The unit is in bits.'
799,Transforming,Can wildcard characters be used in the associate command's field-list?,"Yes, but only for numeric fields","No, wildcard characters cannot be used in the field list","Yes, but only when supcnt is also specified","Yes, asterisks can specify multiple similarly named fields",B,'You cannot use wildcard characters in the field list.'
800,Transforming,What is the default value of the supcnt option in the associate command?,3,100,0.1,0.5,B,The supcnt argument's description states 'Default: 100.'
801,Transforming,What is the default value of the supfreq option in the associate command?,0.01,100,0.1,0.5,C,The supfreq argument's description states 'Default: 0.1.'
802,Transforming,What is the default value of the improv option in the associate command?,0.1,0.05,0.5,100,C,The improv argument's description states 'Default: 0.5.'
803,Transforming,What does the improv option in the associate command specify?,The minimum number of times a reference combination must appear,The maximum number of field pairs analyzed,The minimum frequency of a reference combination as a fraction of total events,A minimum entropy improvement limit for the target key,D,"'Specifies a limit, or minimum entropy improvement, for the \""target key\"". The calculated entropy improvement must be greater than or equal to this limit.'"
804,Transforming,"In the output of the associate command, what does the Unconditional_Entropy field represent?",The difference between conditional and unconditional entropy,The entropy of the target key when the reference key equals the reference value,The name of the first field in a pair of fields,The entropy of the target key,D,'Unconditional_Entropy: The entropy of the target key.'
805,Transforming,"In the output of the associate command, what does the Conditional_Entropy field represent?",The count of times the reference value appears,"The entropy of the target key overall, regardless of reference value",The entropy of the target key when the reference key is the reference value,The difference between unconditional entropy and the target key's entropy,C,'Conditional_Entropy: The entropy of the target key when the reference key is the reference value.'
806,Transforming,"In the output of the associate command, what does the Support field specify?",The number of fields analyzed,The reference value's frequency among all events,The confidence score computed by the underlying arules algorithm,The absolute count of anomalous events detected in the search,B,"'Support: Specifies how often the reference field is the reference value, relative to the total number of events.'"
807,Transforming,"In the associate command's Top_Conditional_Value output, what does the format 'CV (FRV% -> FCV%)' represent?","The confidence value, the false rate value, and the false conditional value for the rule","Most common associated value, then reference-value and associated-value frequencies","The count of values, the frequency range, and the final confidence value for the field",The correlation value calculated between two different reference values in the results,B,"CV is the most common value, FRV is the frequency of the reference value, and FCV is the frequency of the most common associated value, as described for the Top_Conditional_Value output field."
808,Transforming,Which set of commands is used to find relationships or correlations between fields?,"accum, delta, streamstats, trendline","arules, correlate, contingency","anomalies, anomalousvalue, anomalydetection","append, appendcols, appendpipe",B,"The associate command's See also section lists 'arules,correlate,contingency.'"
809,Centralized Streaming,What does the autoregress command do to prepare events for calculating a moving average?,Copies prior values of the field into each event,Calculates a running sum or cumulative total of the field values,Removes any events that lack a numeric value for the field,Sorts events by the field value,A,"'Prepares your events for calculating the autoregression, or the moving average, by copying one or more of the previous values for field into each event.'"
810,Centralized Streaming,What is the default value of the p argument in the autoregress command?,3,1,0,2,B,The p argument's description states 'Default: 1.'
811,Centralized Streaming,"If p is set to a range (for example, p=2-4) in autoregress and newfield is not specified, what naming pattern is used for the new fields?",<field>_p<num>,autoregress_<field>_<num>,<newfield>_<num>,p<num>_<field>,A,"'If the newfield argument is not specified, the single or multiple values are copied into fields with the names <field>_p<num>. For example, if p=2-4 and field=count, the field names are count_p2, count_p3, count_p4.'"
812,Generating,The awssnsalert command is used with which Splunk product?,The Splunk Add-on for AWS CloudTrail,The Splunk Machine Learning Toolkit,The Splunk App for Enterprise Security,The Splunk Add-on for AWS,D,'The awssnsalert command is used with the Splunk Add-on for AWS.'
813,Generating,Which Splunk add-on provides the awssnsalert search command?,Splunk Add-on for Microsoft Azure,Splunk Machine Learning Toolkit,Splunk DB Connect,Splunk Add-on for AWS,D,"The awssnsalert command is provided by the Splunk Add-on for AWS, which is where its syntax and arguments are documented."
814,Dataset Processing,What does the bin command do to continuous numerical values?,Puts them into discrete bins by adjusting the field's value,Removes them entirely if they fall outside a specified numeric range,Calculates a running average across them,Converts them into log-scaled values automatically during search time,A,"'Puts continuous numerical values into discrete sets, or bins, by adjusting the value of <field> so that all of the items in a particular set have the same value.'"
815,Dataset Processing,What is the default value of the bins argument in the bin command?,1000,100,10,50,B,The bins argument's description states 'Default: 100.'
816,Dataset Processing,What does the bins argument in the bin command set?,The minimum span granularity for time-based binning,The maximum number of bins to discretize into,The starting value for numerical bins,The exact size of each bin,B,'bins: Sets the maximum number of bins to discretize into.'
817,Dataset Processing,Which commands automatically call the bin command?,append and appendcols,stats and eventstats,addtotals and addcoltotals,chart and timechart,D,'The bin command is automatically called by the chart and the timechart commands.'
818,Dataset Processing,"In the bin command, what do the start and end arguments do?",Align the bin start and end times to a specific reference point,"Set the exact size of each bin directly, overriding other span settings",Set the minimum span granularity allowed for automatic binning,Set the minimum and maximum extents for numerical bins,D,'<start-end>... Sets the minimum and maximum extents for numerical bins.'
819,Dataset Processing,Can the start or end arguments be used to shorten the range of bins?,"No, they can only be used to expand the range","No, start and end have no effect on the range","Yes, they can both expand and shorten the range","Yes, but only the end argument can shorten the range",A,"'You can use the start or end arguments only to expand the range, not to shorten the range.'"
820,Dataset Processing,What does the aligntime argument in the bin command do?,Aligns bin times away from epoch 0 (base UTC),Sets the minimum span granularity used for automatic time-based binning,Sets the maximum number of bins,Converts the field to a time-based type before further bin processing,A,'Align the bin times to something other than base UTC time (epoch 0).'
821,Dataset Processing,"What is the bucket command, relative to bin?",A completely separate command with different syntax,A deprecated predecessor of the bin command,An alias for the bin command,A wrapper that calls bin twice,C,'The bucket command is an alias for the bin command.'
822,Dataset Processing,When is the bin command classified as a streaming command rather than a dataset processing command?,When the span argument is specified,When newfield is specified,When aligntime is specified,When the bins argument is specified,A,"'The bin command is usually a dataset processing command. If the span argument is specified with the command, the bin command is a streaming command.'"
823,Dataset Processing,"For the bin command's subsecond time spans, which of these millisecond span values is NOT allowed?",500ms,1000ms,250ms,100ms,B,"'In addition, span = 1000ms is not allowed. Use span = 1s instead.'"
824,Dataset Processing,What is the bucket command?,An alias for the bucketdir command,A standalone command for creating directory groupings,An alias for the bin command,A deprecated version of accum,C,'The bucket command is an alias for the bin command.'
825,Dataset Processing,"Which bin argument sets the size of each bin as a span, such as span=1h?",bins,minspan,span,start,C,"span sets the bin size (for example 1h or 5m), whereas bins sets the maximum number of bins."
826,Dataset Processing,How does the bucket command relate to the bin command?,bucket is an unrelated command with its own distinct syntax,bucket is an alias for the bucketdir command,bucket is an alias for the bin command,bucket only supports the span argument of bin,C,The bucket command is an alias for the bin command and has no independent syntax.
827,Distributable Streaming,What does the bucketdir command do?,Splits a field into multiple new fields based on a separator character,Replaces numeric field values with their running totals per group,"Replaces values with broader groupings, like filenames to directories","Groups events by their anomaly score, from highest to lowest",C,"'Replaces a field value with higher-level grouping, such as replacing filenames with directories.'"
828,Distributable Streaming,"When rolling up sources into directories, what does bucketdir prefer?",Directories that have few files but many events,Directories with the most recently modified files,Directories that have many files but few events,Directories with the shortest path names,C,"'rolling up multiple sources into directories, by preferring directories that have many files but few events.'"
829,Distributable Streaming,What is the default value of the maxcount argument in bucketdir?,100,20,10,50000,B,The default is 'maxcount=20.'
830,Distributable Streaming,What is the default pathfield used by the bucketdir command?,sourcetype,_raw,source,host,C,'The default pathfield=source.'
831,Distributable Streaming,When is the bucketdir command centralized streaming rather than distributable streaming?,When the sep argument is explicitly set to a backslash character,When the sizefield argument is specified as totalCount for grouping,When commands.conf sets local=true for the command,When the maxcount argument is set above its default of 20,C,"'It is distributable streaming by default, but centralized streaming if the local setting specified for the command in the commands.conf file is set to true.'"
832,Transforming,What type of command is the chart command?,A stateless streaming command,A generating (event-producing) command,A transforming (reporting) command,An orchestrating (search-control) command,C,The chart command is a transforming command that returns results in a table format.
833,Transforming,What must you specify whenever you use the chart command?,A field alias for the resulting column,A specific time range for the search,A statistical function,A sort order for the output rows,C,'You must specify a statistical function when you use the chart command.'
834,Transforming,What is the syntax of a stats-agg-term in the chart command?,AS <wc-field> ( <stats-func> ( <evaled-field> ) ),<wc-field> ( <stats-func> ) [BY <wc-field>],<stats-func> ( <evaled-field> | <wc-field> ) [AS <wc-field>],"<stats-func> [ <evaled-field> , <wc-field> ] AS <field>",C,The syntax as: <stats-func> ( <evaled-field> | <wc-field> ) [AS <wc-field>].
835,Transforming,"In the chart command, what is the purpose of the AS clause in a stats-agg-term or sparkline-agg-term?",It sorts the output by the aggregation result,"It assigns the result to a new, specified field name",It restricts the aggregation to a single event,It applies a secondary aggregation to the result,B,To use the AS clause to place the result into a new field with a name that you specify.
836,Transforming,An eval-expression used with chart can be composed of which of the following?,Only literal numeric constants,Only field names separated by commas,"Literals, fields, operators, and functions",A single stats-func call with no arguments,C,"Eval-expression as a combination of literals, fields, operators, and functions representing the value of the destination field."
837,Transforming,What does the optional agg argument let you specify with the chart command?,The number of output columns,An aggregator or function,The delimiter used to tokenize events,The time zone for bin alignment,B,Agg=<stats-agg-term> as letting you specify an aggregator or function.
838,Transforming,What is the default number of columns included in chart output when a column-split field is used?,100,1,10,1000,C,The number of columns included is limited to 10 by default; you can change this with a where-clause.
839,Transforming,What is the default value of dedup_splitvals for the chart command?,null,0,true,false,D,The default for dedup_splitvals as false.
840,Transforming,"In the output of the chart command, what does the row-split field become?","The final column, appended after all data series","The first column, whose values become the row labels",A hidden field used only for sorting,The name of the output file,B,"The row-split field becomes the first column in the results table, and its values become the row labels."
841,Transforming,What is the default value of the cont chart option?,null,auto,false,true,D,The default for cont as true.
842,Transforming,What happens when cont=false is set for the chart command?,All bins with no values are removed from the search entirely,The chart command switches to using _time as the x-axis,Bin sizes are automatically increased to avoid gaps,The x-axis is replotted so noncontinuous bins appear adjacently,D,"If cont=false, the x-axis is replotted so a noncontinuous sequence of x-value bins show up adjacently in the output."
843,Transforming,Which chart option takes precedence over sep when constructing output field names?,format,cont,limit,agg,A,Format takes precedence over sep and allows a parameterized expression using $AGG$ and $VAL$.
844,Transforming,What is the default value of the limit chart option?,top 100,top 10,bottom 10,0,B,The default for limit as top 10.
845,Transforming,What happens when limit=0 is set for the chart command?,All results are returned,No results are returned at all,Only the top result is returned,The command returns an error,A,"If limit=0, all results are returned."
846,Transforming,When is the limit chart option valid?,Only when a row-split is specified,Only when agg is specified,Only when using sparklines,Only when a column-split is specified,D,The limit option is only valid when a column-split is specified.
847,Transforming,"In the chart command, the sep option is equivalent to setting format to which expression?",$VAL$<sep>$AGG$,$AGG$$VAL$<sep>,<sep>$AGG$$VAL$,$AGG$<sep>$VAL$,D,Sep is equivalent to setting format to $AGG$<sep>$VAL$.
848,Transforming,"For the chart command, if a sparkline is not scoped to a field, which aggregation function is permitted?",Only the count aggregate function,Any aggregate function except dc(),Only the sum aggregate function,Only the avg aggregate function,A,"If the sparkline is not scoped to a field, only the count aggregate function is permitted."
849,Transforming,"For the chart command, what setting in limits.conf defines the maximum number of elements to emit for a sparkline?",sparkline_maxsize,chart_maxsize,sparkline_maxbins,sparkline_limit,A,The sparkline_maxsize setting in limits.conf defines the maximum number of elements to emit for a sparkline.
850,Transforming,Which of the following is NOT a valid sparkline function?,varp(),stdevp(),sumsq(),median(),D,"Sparkline-func as c(), count(), dc(), mean(), avg(), stdev(), stdevp(), var(), varp(), sum(), sumsq(), min(), max(), range() -- median() is not among them."
851,Transforming,What is the default value of the bins option in the chart command's bin options?,10,1000,30,300,D,The default for bins as 300.
852,Transforming,"For the chart command, what does the bins option control?",The exact size of each bin in seconds,The number of columns shown in the output table,The number of clusters formed from the results,The maximum number of bins to discretize into,D,"Bins as setting the maximum number of bins to discretize into, finding the smallest bin size that results in no more than that many bins."
853,Transforming,"For the chart command, what happens to data outside the range set by the start and end options?",It is discarded,It is placed into an OTHER bin,It is clamped to the nearest boundary,It causes the search to fail,A,"Data outside of the [start, end] range is discarded."
854,Transforming,"For the chart command, when is the aligntime option ignored?",If a column-split field is used,"If span is in days, months, or years",If the dedup_splitvals option is set to true,If span is in seconds or minutes,B,"Aligntime is ignored if span is in days, months, or years."
855,Transforming,"For the chart command, what constraint applies to the coefficient (first number) in a log-span, if supplied?",It must be a real number between 0 and 1,It must be an integer greater than the base,It must be exactly equal to the base,It must be a real number >= 1.0 and < base,D,"If the first number in a log-span is supplied, it must be a real number >= 1.0 and < base."
856,Transforming,Which of the following abbreviations represents a time scale in hours?,d | day | days,h | hr | hrs | hour | hours,s | sec | secs | second | seconds,m | min | mins | minute | minutes,B,"The timescale table lists h, hr, hrs, hour, and hours as valid syntax for the hour time scale."
857,Transforming,Which subsecond time scale units are supported for chart bin spans?,"ns, us, ms, cs","ms, cs, ds, fs","us, ms, ns, ps","us, ms, cs, ds",D,"The subseconds time scale as microseconds (us), milliseconds (ms), centiseconds (cs), or deciseconds (ds)."
858,Transforming,"For the chart command, what is the default value for the nullstr tc-option?",UNKNOWN,NULL,OTHER,N/A,B,The default for nullstr as NULL.
859,Transforming,"For the chart command, what is the default value for the otherstr tc-option?",NULL,MISC,OTHER,REST,C,The default for otherstr as OTHER.
860,Transforming,"For the chart command, what is the default value of the usenull tc-option?",true,null,false,10,A,The default for usenull as true.
861,Transforming,"For the chart command, what is the default value of the useother tc-option?",10,null,true,false,C,The default for useother as true.
862,Transforming,"For the chart command, what does the default where-clause value select for a column-split?","All series equally, without ranking",The top ten series by area under the curve (sum),The single series with the highest peak value,The bottom ten series by area under the curve,B,"The default value finds the top ten series by area under the curve, using sum, and that replacing sum with max would find the series with the highest spikes instead."
863,Transforming,"In the chart command's where-clause, are wildcard characters allowed in the single-agg?","Yes, wildcards are always allowed",Only when using a column-split,"No, no wildcards are allowed","Only in the count function, not others",C,"Single-agg is a single aggregation applied to a single field, and no wildcards are allowed."
864,Transforming,What is the syntax of a wherein-comp in a chart where-clause?,(top | bottom) (in | notin) <int>,(within | outside) <int>,(< | >) <int>,(in | notin) (top | bottom) <int>,D,The wherein-comp syntax as (in | notin) (top | bottom) <int>.
865,Transforming,What does a wherethresh-comp specify in a chart where-clause?,That the aggregated series value must fall within the top or bottom N values,That the aggregated series value must exceed or fall below a numeric threshold,That the series must contain a specific string value,That the series must have a null value,B,"Wherethresh-comp as a threshold, where the aggregated series value must be greater than or less than the specified numeric threshold."
866,Transforming,Why might you replace the distinct_count function with estdc when using the chart command?,estdc can significantly lower memory usage and run time,estdc produces more precise results than distinct_count,estdc is required whenever a split-by field is used,distinct_count is not supported by the chart command,A,The estdc function might result in significantly lower memory usage and run times compared to distinct_count.
867,Transforming,For which function does the chart command implicitly apply to all available fields if no field is specified?,distinct_count,sum,avg,count,D,The chart command allows the implicit-wildcard behavior only with the count function; other functions require an explicit wildcard such as chart sum(*).
868,Transforming,What is a key difference between the chart command and the timechart command?,timechart is a streaming command while chart is a transforming command,"chart always uses _time as the x-axis, while timechart uses an arbitrary field","timechart always uses _time as the x-axis, while chart uses an arbitrary field","chart cannot use the BY clause, while timechart requires it",C,"Unlike timechart, which generates a chart with the _time field as the x-axis, the chart command produces a table with an arbitrary field as the x-axis."
869,Transforming,When are the limit and agg options ignored in the chart command?,If dedup_splitvals is set to true,If a row-split field is not specified,If an explicit where-clause is provided,If the OVER keyword is used,C,The limit and agg options are ignored if an explicit where-clause is provided.
870,Transforming,Why can't you run '... | chart sum(A) by A span=log2'?,The chart command does not support a BY clause with a single field,The span=log2 option cannot be combined with the sum() function,Field A cannot be both the function field and the row-split field,The sum function cannot be used with numeric bins in chart,C,"You cannot specify the same field in a function and as the row-split field, giving 'chart sum(A) by A' as an example of this restriction."
871,Transforming,The search '... | chart max(delay) OVER site' returns what?,The maximum delay for each value in the site field,The maximum delay across all events combined,The maximum delay for each value in the site field split further by org,The average delay for each value in the site field,A,"'s basic example, this search returns the maximum delay for each value in the site field."
872,Transforming,"In the search '... | chart count BY date_mday span=3 date_hour span=12', what does the span option control?",It applies globally to every field in the search,It applies only to the first field listed in the BY clause,It applies only to the field immediately preceding it,It sets the total number of output columns,C,"The span applies to the field immediately prior to the command, allowing different spans for date_mday and date_hour."
873,Transforming,"For the chart command, what does 'aligntime=@d+5h' with span=12h accomplish?",It discards all events before 5am,"It aligns the time bins to 5am local time, e.g., 5am-5pm, then 5pm-5am",It aligns the time bins to midnight local time in 5-hour increments,It shifts every bin backward by 5 hours from UNIX epoch,B,"Example explains that this aligns the bins to 5am local time, with the span set to 12h so bins represent 5am-5pm, then 5pm-5am, and so on."
874,Transforming,"In the search 'chart sum(sales) BY products quarter', which field is the row-split field?",sales,source,products,quarter,C,"In 'chart sum(sales) BY products quarter', the products field is the row-split field, forming the X-axis, while quarter is the column-split field."
875,Transforming,Why is useother=f used in '| chart count BY mag place useother=f'?,To force the chart to use logarithmic binning on place,To prevent the chart from including a totals row,Because the mag field values are non-numeric,"Because place is non-numeric, to exclude non-matching events",D,"Because the place value is non-numeric, the search uses useother=f to exclude events that don't match the criteria of the where-clause."
876,Dataset Processing,What type of command is the cluster command?,Always a generating command that creates new events from external data,"A report-generating command only, regardless of arguments used","A streaming command or dataset-processing command, depending on arguments",Always a transforming command that produces summarized tables,C,"Usage section states the cluster command is a streaming command or a dataset processing command, depending on which arguments are specified."
877,Dataset Processing,Which field does the cluster command analyze by default if you don't specify a different field?,source,_raw,host,_time,B,"Unless you specify a different field, cluster groups events based on the contents of the _raw field, and the field option's default is _raw."
878,Dataset Processing,What is the valid range and default for the t (threshold) option of the cluster command?,"Greater than 0.0 and less than 1.0, default 0.8","Greater than or equal to 1.0, default 1.0","Greater than 0 and less than 100, default 80","Between -1.0 and 1.0, default 0.0",A,"T must be a number greater than 0.0 and less than 1.0, with a default of 0.8."
879,Dataset Processing,What is the default set of delimiters used by the delims option of the cluster command?,"Everything except 0-9, A-Z, a-z, and '_'","Only commas and periods, nothing else",Only punctuation characters like commas,Only whitespace characters such as spaces and tabs,A,"By default, everything except 0-9, A-Z, a-z, and '_' are delimiters."
880,Dataset Processing,What happens when showcount=false is used with the cluster command?,Clustering is disabled entirely and the events pass through unchanged,"Indexers cluster their own events first, then the search head; no count is added",The event count for each cluster is recorded and each event is annotated with the count,The cluster command fails to run and returns an error to the user,B,"If showcount=false, indexers cluster their own events before clustering on the search head, and the event count is not added to the event."
881,Dataset Processing,What are the default field names written by the cluster command's countfield and labelfield options?,cluster_total and cluster_name,cluster_count and cluster_label,count and label,cluster_size and cluster_id,B,The default for countfield as cluster_count and the default for labelfield as cluster_label.
882,Dataset Processing,What is the difference between labelonly=true and labelonly=false in the cluster command?,labelonly=true sorts clusters by size; labelonly=false leaves them unsorted,labelonly=true disables clustering; labelonly=false enables it,labelonly=true removes all events; labelonly=false preserves all events,labelonly=true tags events with their cluster; false outputs only cluster fields,D,"Labelonly=true preserves incoming events and annotates them with the cluster they belong to, while labelonly=false outputs only the cluster fields as new events."
883,Dataset Processing,"For the cluster command, how does the match=ngramset option compare events, and for what is it best suited?",It compares only the first character of each term and is best for host names,"It compares 3-character trigram sets, best for short non-textual fields like punct",It requires the exact same ordering of terms and is best for long text fields,It compares an unordered set of terms and is best for numeric fields,B,"Ngramset compares sets of trigrams (3-character substrings), and is most useful for short non-textual fields, like punct, since it is significantly slower on large field values."
884,Dataset Processing,What distinguishes match=termlist from match=termset for the cluster command?,"termlist compares trigrams, while termset compares whole events","termlist is the slowest method, while termset is the fastest","termlist requires exact ordering of terms, while termset allows an unordered set","termlist allows an unordered set of terms, while termset requires exact ordering",C,"Termlist breaks down the field into words and requires the exact same ordering of terms, while termset allows for an unordered set of terms."
885,Dataset Processing,"In the search 'error | cluster t=0.9 showcount=t | sort - cluster_count | head 20', what effect does raising t to 0.9 have compared to the default?","It makes clustering more discriminating, requiring greater similarity to group events",It switches the match method from termlist to ngramset,"It makes the command less discriminating, grouping more dissimilar events together than before",It disables the showcount option in the search,A,"The closer the threshold is to 1, the more similar events have to be for them to be considered in the same cluster, so t=0.9 is more discriminating than the default of 0.8."
886,Transforming,What does the cofilter command determine?,Whether the two fields are statistically independent of each other,The total count of distinct values across two fields,The correlation coefficient between two numeric fields of the events,How many times a field1 value and a field2 value occur together,D,The cofilter command is used to determine how many times a value in <field1> and a value in <field2> occur together.
887,Transforming,What analysis technique does the cofilter command implement one step of?,Linear regression trend analysis,Collaborative filtering analysis,Time series decomposition analysis,Cluster analysis of grouped events,B,Cofilter implements one step in a collaborative filtering analysis for making recommendations.
888,Transforming,What is the required syntax for the cofilter command?,cofilter <field1> BY <field2>,cofilter <field1> OVER <field2>,cofilter <field1> <field2>,cofilter field=<field1> field=<field2>,C,The syntax as: cofilter <field1> <field2>.
889,Transforming,What type of command is cofilter?,A stateless streaming command,An orchestrating (search-control) command,A transforming (reporting) command,A generating (event-producing) command,C,Usage section states the cofilter command is a transforming command.
890,Transforming,"In 'cofilter user item', in what order must the fields be specified?","The user field must be specified first, followed by the item field",The fields can be specified in any order with no effect on output,Both fields must be specified together as one comma-separated argument,"The item field must be specified first, followed by the user field",A,The user field must be specified first and followed by the item field.
891,Transforming,"For the cofilter command, in a search that turns a space-separated user string into a multivalue field before running mvexpand, which command does the conversion?",spath,makemv,mvcombine,nomv,B,Example uses 'makemv user' to turn the space-separated user string into a multivalue field before mvexpand.
892,Transforming,What columns does the output of the cofilter command contain?,"field1, field2, count, and a popularity percentage column","user, item, and a computed cofilter_count column","Item 1, Item 1 user count, Item 2, Item 2 user count, Pair count","Item 1, Item 2, and a single Total count column",C,"Example results table shows columns: Item 1, Item 1 user count, Item 2, Item 2 user count, and Pair count."
893,Transforming,"Along with cofilter, which two commands help analyze relationships between field values?","stats, chart","contingency, ctable","cluster, dedup","associate, correlate",D,"associate and correlate analyze relationships between fields, like cofilter does for co-occurrence."
894,Dataset Processing,What must exist before you invoke the collect command?,A data model built on the summary index,A saved search referencing the summary index,The summary index you specify,A lookup table matching the summary index name,C,"The collect command adds results to a summary index that you specify, and that you must create the summary index before you invoke the collect command."
895,Dataset Processing,For which type of index is the index argument required when using collect?,Metrics indexes,Both metrics and event indexes equally,Neither; index is always optional,Event indexes,A,"The index argument is required for metrics indexes only, since a metrics index must exist before events are added and is not created automatically."
896,Dataset Processing,What happens if you omit the index argument when collecting into an event index?,Events are written to the _internal index,The default summary index is used,The command fails with an error message,Events are discarded without being written,B,"For event indexes, the index argument is optional, and if omitted, the default summary index is used."
897,Dataset Processing,Why is the collect command flagged with a CAUTION as a 'risky' command?,Because it is deprecated entirely in favor of the newer collect_ng command,"Because misused, it can pose a security risk or lose data, triggering SPL safeguards",Because it requires admin credentials to execute,Because it always deletes the source index after running,B,"The CAUTION notes that the collect command is considered risky because, if used incorrectly, it can pose a security risk or potentially lose data, which triggers SPL safeguards."
898,Dataset Processing,"For the collect command, what is the default value of addinfo when summary events are destined for an events index?",It has no default; it must always be specified,false,null,true,D,"The default for addinfo as True when summary events are destined for an events index or when output_format=raw, and False for a metrics index."
899,Dataset Processing,"For the collect command, when addinfo=true, which fields are prefixed onto each summary index event?","_indextime, _time, _raw","info_min_time, info_max_time, info_search_time","search_earliest, search_latest, search_id","info_host, info_source, info_sourcetype",B,"Addinfo=true adds fields in the format info_min_time=<search_earliest_time>, info_max_time=<search_latest_time>, info_search_time=<search_exec_time>."
900,Dataset Processing,What timestamp do collected events use if the search results contain an _time field?,"Always the time the collect search ran, ignoring any existing _time value",The current system time at index time only,The info_max_time value only,"The existing _time value, not the time the collect command ran",D,"If search results contain an _time field, collected events use that _time value as the timestamp, so the event _time can be earlier than _indextime."
901,Dataset Processing,What is the default filename format used for the file option of the collect command?,collect_summary_output_file.stash,<index-name>_summary_events.raw,<timestamp>_summary_events.log,<random-number>_events.stash,D,The default for the file option as <random-number>_events.stash.
902,Dataset Processing,"For the collect command, in the marker option, how must multiple key-value pairs be separated?",By a comma and a space,By a newline,By a pipe character,By a semicolon only,A,Each key-value pair in the marker option must be separated by a comma and a space.
903,Dataset Processing,What output does the collect command generate when output_format=hec is used?,HTTP Event Collector (HEC) JSON formatted output,A CSV file suitable for direct import,An XML-formatted summary file,"A raw unstructured log-style stash file, same as the default",A,"If output_format=hec, the collect command generates HTTP Event Collector (HEC) JSON formatted output."
904,Dataset Processing,What is the default value of output_format for the collect command?,hec,json,raw,stash,C,The default for output_format as raw.
905,Dataset Processing,When is license usage NOT counted by default for events collected with the collect command?,Only when addinfo=false is set in the command,"Whenever the collect command is used at all, regardless of the sourcetype or the output_format",Only when the destination index is a metrics index,"When output_format=raw and sourcetype=stash, or output_format=hec and sourcetype=stash_hec",D,"License usage is not counted when output_format=raw and the source type is stash, or when output_format=hec and the source type is stash_hec."
906,Dataset Processing,"For the collect command, which options can you NOT use when output_format=hec is set?","addinfo, run_in_preview, spool, or testmode","timeformat, dedup_splitvals, and sort options","index, file, testmode, or sourcetype","addtime, host, marker, source, sourcetype, or uselb",D,"When using output_format=hec, you can't use the addtime, host, marker, source, sourcetype, or uselb options."
907,Dataset Processing,What happens when spool=false is set for the collect command?,The file is deleted immediately after the search completes running,"It is written to $SPLUNK_HOME/var/run/splunk/collect, not indexed automatically",The file is written to the Splunk spool directory and is then indexed automatically,The command fails because spooling is required to run it,B,"If spool=false, the file is written to the $SPLUNK_HOME/var/run/splunk/collect directory, where it remains unless further automation or administration is done."
908,Dataset Processing,What is the default sourcetype used by the collect command?,stash,collect,summary,stash_hec,A,"The default for sourcetype as stash, and notes that specifying a different sourcetype counts against your license."
909,Dataset Processing,What happens in testmode=true for the collect command?,The command runs twice to verify consistency,Results are written to the index but flagged for later deletion,Results are written to a temporary index that is deleted after one hour,"Results aren't written to the new index, but appear as if they were sent there",D,"In testing mode, results are not written into the new index but the search results are modified to appear as they would if sent to the index."
910,Dataset Processing,What is the default timeformat value used by the collect command?,%m/%d/%Y%H:%M:%S%z,%d/%m/%Y %H:%M:%S,%H:%M:%S %m/%d/%Y,%Y-%m-%d %H:%M:%S,A,The default for timeformat as %m/%d/%Y%H:%M:%S%z.
911,Dataset Processing,What happens when uselb=true for the collect command (the default)?,Data is never split into individual events at all,The LINE_BREAKER setting is read live from props.conf at search time,Data is split using a hardcoded LINE_BREAKER for stash_new,Data is split using a simple line break only,C,"When uselb=true, a string identical to the LINE_BREAKER setting for the stash_new source type is used, but this is hardcoded, so changes to props.conf do not affect it."
912,Dataset Processing,"If you apply the collect command to events without timestamps over a search range of the past four hours, what timestamp is assigned?",The timestamp of the most recent event already in the summary index,The current system time when the collect command executes,"The earliest time of the search range, four hours before launch",No timestamp is assigned; the events are timestamp-less,C,The command designates a time for events without timestamps using the earliest (minimum) time of the search range.
913,Dataset Processing,"In the search 'index=foo | ... | collect index=bar', what sourcetype do the copied events receive?",stash,summary,hec,The original sourcetype from index=foo,A,This search writes results into the bar index and the sourcetype is changed to stash.
914,Dataset Processing,What limits.conf setting controls whether collect breaks multivalue fields into separate field-value pairs rather than a single multivalue field?,multivalue_split_collect,collect_ignore_minor_breakers,collect_field_format,format_multivalue_collect,D,Setting format_multivalue_collect to true in limits.conf causes collect to break multivalue fields into separate field-value pairs.
915,Dataset Processing,Why can quotation marks added by the collect command around field values cause problems for tstats searches?,Because PREFIX() does not support major breakers like quotation marks,Because tstats cannot process quoted strings of any kind,Because quotation marks conflict with the stash sourcetype definition,"Because quotation marks are stripped automatically, causing data loss",A,"Field values with quotation marks around them can't be used in tstats searches with the PREFIX() directive, because PREFIX() does not support major breakers like quotation marks."
916,Dataset Processing,What setting in the [collect] stanza of limits.conf allows PREFIX()-based tstats searches to work with quoted field values from collect?,collect_ignore_minor_breakers,prefix_allow_quotes_in_tstats_all,format_multivalue_collect_output,tstats_ignore_breakers_setting,A,Changing the collect_ignore_minor_breakers setting in the [collect] stanza from its default to true to address this issue.
917,Dataset Processing,"In a search that collects VPN events into a summary index, what is the purpose of including the addinfo command before collect?",It renames the vpn_action field to a standard field name,It converts multivalue fields into single-value fields before indexing,It compresses the summary events to save space,"It adds fields specifying when the search ran, to populate index time values",D,The addinfo command ensures that the search results contain fields that specify when the search was run to populate these particular index values.
918,Dataset Processing,"When you run '... | eval _time=now() | collect ... addtime=true', what does eval _time=now() accomplish?",It forces the collect command to use output_format=hec,It disables timestamping entirely for the collected events,It converts the _time field to a string for display purposes,It sets the summary events' timestamp to the current search time,D,"Eval _time=now() sets the _time value for each summary event to the current search time, and because addtime=true, the collect command uses that value as the event timestamp."
919,Dataset Processing,"For the collect command, what happens to license usage when a custom sourcetype (not stash_hec) is specified with output_format=hec?",It only counts if the events lack a _raw field,It never counts against your license usage regardless of sourcetype,It counts against your license usage,It only counts against metrics indexes,C,This search counts against license usage because it assigned a value to the source type and didn't use the default stash_hec sourcetype.
920,Dataset Processing,What does the concurrency command measure?,The average time between consecutive events,The number of events whose spans overlap the start of each event,The number of distinct hosts reporting events concurrently,The total duration of all events combined,B,Concurrency measures the number of events which have spans that overlap with the start of each event.
921,Dataset Processing,What units must the duration field share with the start field when using the concurrency command?,"The same units, both numeric",duration must be in milliseconds and start in seconds,duration must always be in seconds regardless of start,There is no unit requirement between the two fields,A,The duration field must be numeric with the same units as the start field.
922,Dataset Processing,What is the default value of the start argument for the concurrency command?,0,_time,_indextime,now(),B,The default for start as _time.
923,Dataset Processing,What is the default name of the output field written by the concurrency command?,overlap_count,concurrent_events,concurrency,active_count,C,"The default for output as ""concurrency""."
924,Dataset Processing,What type of command is concurrency?,An orchestrating (search-control) command,A dataset processing command,A stateless streaming command,A generating (event-producing) command,B,Usage section states the concurrency command is a dataset processing command.
925,Dataset Processing,Event X is concurrent with event Y under which condition?,If X.duration is greater than Y.duration,If X and Y share the same value of the output field,If X.start is between Y.start and (Y.start + Y.duration),If X.start equals Y.start exactly,C,This precisely: an event X is concurrent with event Y if X.start is between Y.start and (Y.start + Y.duration).
926,Dataset Processing,"For the concurrency command, what workaround is suggested when your events have a completion time and a span before the completion, rather than a start time?",eval new_start = start + duration | concurrency start=new_start duration=duration,Use the delta command instead of concurrency in this case,Simply swap the start and duration field names in the concurrency command,eval new_start = start - duration | concurrency start=new_start duration=duration,D,This exact workaround: subtract duration from the start time before running concurrency.
927,Dataset Processing,What is the default value of max_count in the [concurrency] stanza of limits.conf?,"100,000","10,000,000","1,000,000","1,000",B,"This limit defaults to 10000000, or ten million."
928,Dataset Processing,What happens if the maximum tracked concurrency exceeds max_count?,The search fails immediately with an error and returns no results,Excess events are silently dropped from the results with no warning,"A warning is shown and values are clamped, so they may be inaccurate",The concurrency command automatically raises max_count for that search,C,"Exceeding max_count produces a warning in the UI/search output, and the values are clamped, making them potentially inaccurate."
929,Dataset Processing,"A search runs concurrency on request events whose 'spent' field holds the milliseconds spent handling each request, after first computing spent_in_seconds = spent / 1000. Why is the field divided by 1000?",Because 'spent' is in milliseconds and needs converting to seconds,To reduce the number of overlapping events tracked,Because 'spent' needs to be converted from seconds to milliseconds,Because the concurrency command requires all durations under 1000,A,"Example states 'spent' is the number of milliseconds spent handling the request, so eval spent_in_seconds = spent / 1000 converts it to seconds, matching the default start field _time."
930,Dataset Processing,What does the search '... | concurrency duration=total_time output=foo' do?,Filters out events where total_time exceeds a threshold named foo,Calculates the total duration of all events and stores it in field 'foo',Renames the total_time field to foo without calculating concurrency,Calculates the concurrent events for each event and emits it as foo,D,This exact example as calculating the number of concurrent events for each event and emitting it as field 'foo'.
931,Dataset Processing,"For the concurrency command, in a search that groups web events with the transaction command using startswith and endswith, which two fields define how events are grouped into transactions when the search uses 'transaction JSESSIONID clientip'?",JSESSIONID and duration,clientip and duration,JSESSIONID and clientip,host and clientip,C,This search groups events into transactions if they have the same values of JSESSIONID and clientip.
932,Dataset Processing,"In a search that uses the delta command to compute timeDelta between consecutive purchases before running concurrency, why is abs(timeDelta) used?",Because the delta command always produces negative values by default,Because the concurrency command does not work with negative duration values,Because abs() is required to convert timeDelta from milliseconds to seconds,Because negative timeDelta values indicate corrupted events that must be flagged,B,"Because the concurrency command does not work with negative values, the eval command is used to redefine timeDelta as its absolute value."
933,Dataset Processing,"Which command is used to calculate the time between one purchase event and the purchase event immediately preceding it, before applying concurrency?",timechart,delta,streamstats,transaction,B,Example uses the delta command with the _time field to calculate the time between one purchase event and the immediately preceding purchase event.
934,Dataset Processing,"In a search that runs delta over transaction results to compute timeDelta before running concurrency, what is used as the duration for calculating concurrent transactions, rather than the transaction command's own duration field?",The eventcount field produced by the transaction command,A fixed 10-minute maxspan value,"The transaction command's built-in duration field, unmodified",The absolute value of timeDelta from the delta command,D,"This example uses delta to compute timeDelta between consecutive transactions, takes its absolute value, and uses that as the duration for concurrency."
935,Dataset Processing,"After running the concurrency command, which command would you use to chart concurrent events over time?",timechart,chart,cluster,cofilter,A,Timechart under 'See also' for the concurrency command.
936,Transforming,Which statistical metrics can be calculated based on contingency tables?,The Pearson correlation coefficient or R-squared,The mean absolute deviation or median,The phi coefficient or Cramer's V,The standard deviation or variance,C,"Many metrics of association or independence, such as the phi coefficient or Cramer's V, can be calculated based on contingency tables."
937,Transforming,What does each cell in the contingency command's output matrix represent?,A boolean indicating whether the two values ever co-occur,The count of events in which both cross-tabulated field values exist,The percentage of total events matching either field value,The average value of a third numeric field for that combination,B,Each cell in the matrix displays the count of events in which both of the cross-tabulated field values exist.
938,Transforming,Can you use wildcard characters in the field1 or field2 arguments of the contingency command?,Only when usetotal=false,"No, wildcard characters can't be used in field names","Only in field2, not field1","Yes, wildcards are fully supported in both fields",B,You cannot specify wildcard characters in the field name for either <field1> or <field2>.
939,Transforming,"What is the default value of maxrows and maxcols for the contingency command, and where does this limit come from?",There is no default; it must always be specified,"10000, from the [ctable] stanza of limits.conf","1000, from the maxvalues setting in the [ctable] stanza of limits.conf","100, from the maxvalues setting in the [contingency] stanza of limits.conf",C,"The default is 1000, and this limit comes from the maxvalues setting in the [ctable] stanza in limits.conf."
940,Transforming,What is the default value of mincolcover and minrowcover for the contingency command?,1.0,100,0.5,0.0,A,The default for mincover (mincolcover/minrowcover) as 1.0.
941,Transforming,What is the default value of usetotal for the contingency command?,true,null,auto,false,A,"The default for usetotal as true, adding row, column, and complete totals."
942,Transforming,What is the default field name (totalstr) used for the totals row and column of a contingency table?,GRAND_TOTAL,TOTAL,SUM,ALL,B,The default for totalstr as TOTAL.
943,Transforming,What type of command is contingency?,A transforming (reporting) command,A dataset processing command,A generating (event-producing) command,A stateless streaming command,A,Usage section states the contingency command is a transforming command.
944,Transforming,"In the results of the contingency command, how are empty string ('') values represented?",As blank cells with no label,As EMPTY_STR,As N/A,As NULL,B,Values which are empty strings ('') will be represented in the results table as EMPTY_STR.
945,Transforming,The component field has more than 50 values. Why use maxcols=5 in 'contingency maxcols=5 log_level component'?,To disable the totals row and column entirely,Because log_level only has 5 possible values to display,To restrict the search results to only 5 matching events,Because component has 50+ values; maxcols keeps the top 5,D,"The component field has more than 50 values, so maxcols is used to show only the 5 components with the highest values."
946,Distributable Streaming,What happens to the original field values when you use a convert function without an AS clause?,The original values are replaced by the new converted values,The convert command fails and requires an AS clause,The original values are preserved alongside a new field with an auto-generated name,The original values are moved to a field named _raw,A,"Unless you use the AS clause, the original values are replaced by the new values."
947,Distributable Streaming,What type of command is the convert command?,A distributable streaming command,A dataset processing command,A transforming (reporting) command,A generating (event-producing) command,A,Usage section states the convert command is a distributable streaming command.
948,Distributable Streaming,What is the default value of the timeformat argument for the convert command?,%m/%d/%Y %H:%M:%S,%Y-%m-%d %H:%M:%S,%m/%d/%y %I:%M %p,%d-%m-%Y %H:%M:%S,A,"The default timeformat as %m/%d/%Y %H:%M:%S, noting that this default does not conform to locale settings."
949,Distributable Streaming,What happens with the auto() convert function if not all values of a field can be converted using a known conversion type?,"Only the convertible values are converted, and the rest are removed",The search fails with an error,The unconvertible values are replaced with null,The field is left untouched and no conversion at all is done for that field,D,"If not all values of a particular field can be converted, the field is left untouched and no conversion at all is done for that field."
950,Distributable Streaming,What does the ctime() convert function do?,Converts a duration format to seconds,Converts a [MM:]SS.SSS format to seconds,Converts a UNIX time to an ASCII human readable time,Converts a human readable time string to an epoch time,C,"Ctime() as converting a UNIX time to an ASCII human readable time, using the timeformat option to control the output format."
951,Distributable Streaming,What does the dur2sec() convert function do?,Converts a duration format '[D+]HH:MM:SS' to seconds,Converts a [MM:]SS.SSS format to seconds,Removes trailing units of measure from a numeric value,Converts a UNIX time to a human readable time,A,Dur2sec() as converting a duration format '[D+]HH:MM:SS' to seconds.
952,Distributable Streaming,"If no letter suffix is specified for the memk() convert function, what unit is assumed?",Megabytes,Kilobytes,Bytes,Gigabytes,B,"Memk() accepts a number followed by an optional k, m, or g, and if no letter is specified, kilobytes is assumed."
953,Distributable Streaming,What does the mktime() convert function do?,Converts a UNIX time to an ASCII human readable time,Converts a duration format to seconds,Removes commas from a numeric value,Converts a human readable time string to an epoch time,D,"Mktime() as converting a human readable time string to an epoch time, using the timeformat option to specify the exact format to convert from."
954,Distributable Streaming,What does the mstime() convert function do?,Converts kilobytes to megabytes,Converts a UNIX time to a human readable time,Converts a [MM:]SS.SSS format to seconds,Converts a duration format '[D+]HH:MM:SS' to seconds,C,Mstime() as converting a [MM:]SS.SSS format to seconds.
955,Distributable Streaming,What is the purpose of the none() convert function?,It converts a field's value to a numeric 0,It disables the convert command entirely for the search,"It removes all field values, replacing them with an empty string","With other wildcards present, it marks fields as not to convert",D,"None() as indicating, in the presence of other wildcards, that the matching fields should not be converted."
956,Distributable Streaming,How does the num() convert function differ from auto()?,"num() requires an AS clause, while auto() does not","num() converts to kilobytes by default, while auto() does not","num() removes non-convertible values, unlike auto() which leaves the field untouched","num() only works on numeric fields, while auto() only works on string fields",C,"Num() is like auto(), except non-convertible values are removed, contrasting with auto()'s behavior of leaving the field entirely untouched if not all values convert."
957,Distributable Streaming,"For the convert command, what does rmcomma(1,000,000.00) return?",1000000,"1,000,000",1000000.00,"1,000,000.00",C,"This exact example: rmcomma(1,000,000.00) returns 1000000.00."
958,Distributable Streaming,What does the rmunit() convert function do?,Removes all commas from the value,Converts a unit-labeled value to kilobytes,"Keeps leading numbers, strips the trailing text",Removes leading zeroes from a numeric string,C,Rmunit() as looking for numbers at the beginning of the value and removing trailing text.
959,Transforming,What does the correlate command calculate?,The Pearson correlation coefficient between two numeric fields only,"The correlation between fields, shown as a percentage co-occurrence matrix",The standard deviation of a field across all events,The count of events in which two specific field values co-occur,B,"Correlate calculates the correlation between different fields, with results presented in a matrix format where the cell value represents the percentage of times two fields exist in the same events."
960,Transforming,What is the syntax for invoking the correlate command?,correlate BY <field>,correlate,correlate <field1> <field2>,correlate maxfields=<int>,B,"The syntax simply as: correlate, with no required arguments."
961,Transforming,"What is the default value of maxfields for the correlate command, and where is it configured?","1000, from the [ctable] stanza in limits.conf","1000, from the [correlate] stanza in limits.conf",There is no configurable limit,"100, from the [correlate] stanza in limits.conf",B,The maxfields setting in the [correlate] stanza of limits.conf defaults to 1000.
962,Transforming,What is the key difference between the correlate command and the contingency command?,correlate examines relationships among all fields; contingency counts co-occurring field-value pairs,"correlate only works on numeric fields, while contingency only works on string fields",There is no functional difference; they are aliases of each other,"correlate counts co-occurrence of pairs of field values, while contingency looks at all fields at once",A,"The note clarifies that correlate looks at the relationship among all the fields in a set of search results, whereas contingency counts the co-occurrence of pairs of field values in events."
963,Transforming,"For the correlate command, what does a correlation value of 1.0 between two fields mean?",The two fields are never present in the same event,The correlate command could not compute a result for that pair,The two fields have identical numeric values in every event,The values co-occur in 100% of the search results,D,A correlation of 1.0 means the values co-occur in 100% of the search results.
964,Transforming,What is the ctable command an alias for?,The correlate command,The contingency command,The cofilter command,The chart command,B,"The ctable, or counttable, command is an alias for the contingency command."
965,Transforming,What other name is the ctable command also known by?,crosstable,corrtable,cotable,counttable,D,"'The ctable, or counttable, command is an alias for the contingency command.'"
966,Transforming,The ctable command is an alias for which command?,stats,correlate,chart,contingency,D,"ctable is an alias for the contingency command, which builds a contingency table of co-occurrence counts."
967,Generating,What does the datamodel command let you do from the search interface?,Examine and search data model datasets,Delete accelerated data model summaries,Convert a data model into a lookup table,Create new data models interactively here,A,The Description states the datamodel command is used to examine and search data model datasets.
968,Generating,"What type of command is the datamodel command, and where must it appear in a search?",A generating command that should be the first command in the search,A streaming command that must be the last command in the search,A transforming command that can appear anywhere in the search,A dataset processing command that requires a preceding search,A,"The datamodel command is a generating command and should be the first command in the search, using a leading pipe character."
969,Generating,What does '| datamodel <data model name>' return if only the data model name is specified (no dataset)?,"A tabular list of dataset names only, without JSON",The JSON for the single data model,"An error, since a dataset name is required",The JSON for every dataset in every data model,B,"When only the data model is specified, the search returns the JSON for the single data model."
970,Generating,Where must a dataset name be specified relative to the data model name in a datamodel search?,Before the data model name,After the data model name,Inside parentheses following the strict_fields argument,"It can be specified independently, with no data model name required",B,The dataset name must be specified after the data model name.
971,Generating,"For the datamodel command, when does the allow_old_summaries argument apply?",Only to non-accelerated data models,Only to accelerated data models,To all data models regardless of acceleration,Only when strict_fields=false is set,B,This argument applies only to accelerated data models.
972,Generating,"For the datamodel command, what is the default value of allow_old_summaries, and what does that default mean?",true; old and new summary data are always merged automatically,false; the datamodel command refuses to run against any accelerated data models,true; the search head always uses the oldest available summary data,false; the search head skips summary directories older than the new definition,D,"The default is false, meaning the search head does not use summary directories that are older than the new summary definition, ensuring results reflect the current configuration."
973,Generating,What does summariesonly=true return for the datamodel command?,"A count of how many events are summarized, without the events themselves",Only results from data that has been summarized in TSIDX format,Both summarized and unsummarized data,"Only unsummarized, raw data",B,"When summariesonly=true, the search returns results only from the data that has been summarized in TSIDX format for the selected data model."
974,Generating,"For the datamodel command, what is the default value of summariesonly, and to which data models does the argument apply?",false; applies to all data models,false; applies only to accelerated data models,true; applies only to accelerated data models,true; applies to all data models,B,The default as false and states this argument applies only to accelerated data models.
975,Generating,"For the datamodel command, what is the default value of strict_fields, and what does it restrict when true?",false; the search returns only default fields and fields included in the constraints of the specified dataset,false; strict_fields has no effect on returned fields,true; the search returns all fields including inherited and lookup-derived fields,true; the search returns only default fields and fields included in the constraints of the specified dataset,D,"The default for strict_fields as true, and states that when true, the search returns only default fields and fields included in the constraints of the specified data model dataset."
976,Generating,"For the datamodel command, what does the 'flat' data model search result mode do?",Returns the SPL search string instead of actual results,"Returns results using only streaming commands, restricted to root datasets","Returns the same results as search mode, minus hierarchical field names",Returns only the raw JSON definition of the data model with no results,C,"Flat mode returns the same results as search mode, except it strips the hierarchical information from field names, e.g. dmdataset.server becomes server."
977,Generating,"For the datamodel command, on which types of datasets does the acceleration_search mode work?",Only root event and root search datasets using only streaming commands,Only datasets built entirely from lookups,"Any dataset, including child datasets with non-streaming commands",Only datasets that have never been accelerated,A,Acceleration_search mode works only on root event datasets and root search datasets that only use streaming commands.
978,Generating,"For the datamodel command, what do the data model search string modes (search_string, flat_string, acceleration_search_string) return?","The list of field names used by the data model, as plain strings",The actual search strings Splunk runs for that data model's result mode,The raw JSON definition of the data model,A count of how many search strings were generated for the data model,B,These modes return the strings for the searches that the Splunk software is actually running against the data model when it runs your SPL through the corresponding search result mode.
979,Generating,What type of command is the datamodel command?,A transforming (reporting) command,A stateless streaming command,A report-generating command,A dataset processing command,C,Usage section states the datamodel command is a report-generating command.
980,Generating,What does the search '| datamodel' (with no arguments) return?,"An error, since a data model name is required",JSON for all data models available in the current app context,Only the names of accelerated data models,A single flattened table listing every field across all data models,B,This search returns JSON for all data models available in the current app context.
981,Generating,What does the search '| datamodel internal_audit_logs' return?,Search results from the internal audit log events themselves,A list of all datasets in every data model except internal_audit_logs,An error because internal_audit_logs requires a dataset name,JSON for the Splunk's Internal Audit Logs - SAMPLE data model,D,"This example returns JSON for the Splunk's Internal Audit Logs - SAMPLE data model, which has the model ID internal_audit_logs."
982,Generating,What does the search '| datamodel Tutorial Client_errors' return?,Search results (not JSON) for events matching Client_errors,"JSON for the entire Tutorial data model, ignoring the Client_errors argument",JSON for the Client_errors dataset within the Tutorial data model,"An error, since dataset names cannot be combined with data model names",C,"This example returns JSON for Buttercup Games's Client_errors dataset, within the Tutorial data model."
983,Generating,What is the primary purpose of the dbinspect command?,To return information about the searches run against a specified index,To return information about the buckets in a specified index,To return information about the fields present in a specified index,To return information about the users who accessed a specified index,B,Dbinspect 'Returns information about the buckets in the specified index.'
984,Generating,Why might the dbinspect command be helpful to a Splunk Enterprise user?,It helps you understand which users have deleted data from an index,It helps you understand where your data resides so you can optimize disk usage,It helps you understand which forwarders are sending data to an index,It helps you understand which searches are consuming the most CPU,B,Dbinspect 'helps you understand where your data resides so you can optimize disk usage as required.'
985,Generating,"On an indexer cluster, what does a dbinspect search return results from?",Only the primary buckets on the cluster master,Only the replicated copies on peer nodes,Only the buckets on the search head,Primary buckets and replicated copies on peer nodes,D,'Searches on an indexer cluster return results from the primary buckets and replicated copies on other peer nodes.'
986,Generating,What is the default index that dbinspect inspects if no index argument is specified?,All indexes that exist on the instance,The default index (usually main),The _audit index for the instance,The _internal index for the instance,B,"The default for the index argument as 'The default index, which is typically main.'"
987,Generating,"Under the dbinspect syntax, what value can be specified in the index name to inspect all internal and non-internal indexes?",An asterisk (*),"The keyword ""all""",A question mark (?),A percent sign (%),A,"'For all internal and non-internal indexes, you can specify an asterisk ( * ) in the index name.'"
988,Generating,"With the dbinspect command, what happens when the span argument uses a timescale unit such as hour or day?",The span is used as an absolute bucket length rather than a time range,The span argument is ignored entirely,The span is used as a time range,The span causes the search to fail,C,"'If using a timescale unit (second, minute, hour, day, month, or subseconds), this is used as a time range. If not, this is an absolute bucket ""length.""'"
989,Generating,What does the timeformat argument of dbinspect control?,The time format used for the modTime field,The time zone applied to all returned fields,The time format used for the startEpoch field,The time range over which the dbinspect search runs,A,Timeformat 'Sets the time format for the modTime field.'
990,Generating,What is the default value of the timeformat argument for dbinspect?,%m-%d-%Y %H:%M:%S,%d/%m/%Y %H:%M:%S,%m/%d/%Y:%H:%M:%S,%Y-%m-%d %H:%M:%S,C,The default as timeformat=%m/%d/%Y:%H:%M:%S.
991,Generating,What does setting corruptonly=true do in a dbinspect search?,Prevents any further writes to corrupted buckets,Automatically repairs any corrupted buckets it finds,Deletes any corrupted buckets it finds,Checks each bucket and displays only the corrupted buckets,D,Corruptonly 'Specifies that each bucket is checked to determine if any buckets are corrupted and displays only the corrupted buckets.'
992,Generating,"For the dbinspect command, when is a bucket considered corrupt?",When the bucket has not been searched within the past 30 days,"When bucket files are incorrect or missing (e.g., Hosts.data, tsidx)",When the bucket's index has been renamed by an administrator,When the bucket has exceeded its configured maximum disk size,B,'A bucket is corrupt when some of the files in the bucket are incorrect or missing such as Hosts.data or tsidx.'
993,Generating,What is the default value of the cached argument in dbinspect for non-SmartStore indexes?,There is no default; the argument is required,It matches the value of corruptonly,false,true,C,"'For non-SmartStore indexes, the default is false. For SmartStore indexes, the default is true.'"
994,Generating,"For SmartStore buckets, what does cached=true examine in a dbinspect search?",The indexer's local copy of the bucket's raw data files and index files,The bucket's manifest for the remote store's canonical version,The replicated copy of the bucket stored on a peer node,The tsidx files cached temporarily on the search head instance node,B,"'specifying cached=true examines instead the bucket's manifest, which contains information about the canonical version of the bucket that resides in the remote store.'"
995,Generating,Which timescale syntax represents a time scale in months for the dbinspect span argument?,mon | month | months,mth | mths | monthly,mo | mnth | mnths,m | mn | mns,A,The time scale table lists <month> syntax as 'mon | month | months'.
996,Generating,"In dbinspect output, what does the bucketId field consist of?",The MD5 hash of the bucket path,A string comprised of <index>~<id>~<guId>,A numeric identifier assigned sequentially by the indexer,A string comprised of <index>_<id>_<hostname>,B,"BucketId as 'A string comprised of <index>~<id>~<guId>, where the delimiters are tilde characters.'"
997,Generating,"In dbinspect output, what does the state field indicate?",Whether the bucket is corrupted or healthy,"Whether the bucket is warm, hot, or cold",Whether the bucket has been replicated already,Whether the bucket is searchable or non-searchable,B,"State as 'Specifies whether the bucket is warm, hot, cold.'"
998,Generating,"In dbinspect output, what does a tsidxState value of ""mini"" indicate about a bucket?",The tsidx files are reduced,The bucket is marked as corrupted,The bucket contains no tsidx files at all,The tsidx files are full-size,A,"'If the value is mini, the tsidx files are reduced.'"
999,Generating,What type of command is dbinspect?,A stateless streaming command,An orchestrating (search-control) command,A generating (event-producing) command,A transforming (reporting) command,C,'The dbinspect command is a generating command.'
1000,Generating,"For hot non-searchable bucket copies on target peers, which of the following fields is reported as NULL because accurate information cannot be reported?","eventCount, the number of events in the bucket","path, the bucket's file system location","bucketId, the bucket's unique identifier string","state, whether the bucket is hot, warm, or cold",A,"EventCount, hostCount, sourceCount, sourceTypeCount, startEpoch, and endEpoch as NULL for hot non-searchable bucket copies."
1001,Generating,What Splunk add-on is the dbxquery command used with?,Splunk Enterprise Security,Splunk Common Information Model Add-on,Splunk DB Connect,Splunk App for Lookup File Editing,C,'The dbxquery command is used with Splunk DB Connect.'
1002,Generating,Which Splunk app provides the dbxquery command for running SQL statements and stored procedures against external databases?,Splunk DB Connect,Splunk Stream,Splunk Common Information Model Add-on,Splunk Enterprise Security,A,dbxquery is provided by Splunk DB Connect and executes SQL statements and stored procedures against configured databases.
1003,Generating,What kind of operations does the dbxquery command let you run?,REST API endpoint calls to remote services,SQL statements and stored procedures,Regular expression extractions from raw events,KV store collection queries and updates,B,The dbxquery documentation reference is titled 'Execute SQL statements and stored procedures with the dbxquery command.'
1004,Distributable Streaming,What does the dedup command remove from search results?,Events with an identical combination of specified field values,Events that were indexed more than 24 hours ago,Events that contain any null field values,Events that do not match the current search's sourcetype,A,'Removes the events that contain an identical combination of values for the fields that you specify.'
1005,Distributable Streaming,"For historical searches, in what order does dedup search events to determine which to keep?",Events are searched in random order,Events are searched in alphabetical order by host,The oldest events are searched first,The most recent events are searched first,D,"'For historical searches, the most recent events are searched first.'"
1006,Distributable Streaming,"For real-time searches, which events does dedup search first?",Events are never processed by dedup in real-time searches,"The most recent events, based on their timestamp values",The last events received before the search is finalized,"The first events received, not necessarily the newest",D,"'For real-time searches, the first events that are received are searched, which are not necessarily the most recent events.'"
1007,Distributable Streaming,What is the required argument for the dedup command?,keepevents,sortby,consecutive,field-list,D,The dedup syntax shows <field-list> as the only required argument.
1008,Distributable Streaming,"If consecutive=true is set on dedup, what happens?","Every duplicate event in the entire result set is removed, regardless of position",Duplicate fields are removed but all events are kept,Only events with duplicate combinations of values that are consecutive are removed,Events are sorted before duplicates are removed,C,"Consecutive 'If true, only remove events with duplicate combinations of values that are consecutive.'"
1009,Distributable Streaming,What is the default behavior of dedup regarding events where one or more specified fields is null?,Null fields are treated as duplicates of each other,Events with any selected field null are dropped,The search fails if any specified field is null,All events with null fields are automatically kept,B,The default for keepempty is 'false. All events where any of the selected fields are null are dropped.'
1010,Distributable Streaming,"For the dedup command, how can you keep N representative events for field combinations that include null values?",Use fillnull to supply a non-null value before piping to dedup,Set keepempty=false before piping the results to dedup,Use the fields command to remove the null-containing fields first,Set consecutive=true before piping the results to dedup,A,"The example '...| fillnull value=""MISSING"" field1 field2 | dedup field1 field2' to keep representative events including nulls."
1011,Distributable Streaming,"If you do not specify a number N with the dedup command, how many events are kept for each combination of values?",All of the events are kept in the results,Only the first occurring event is kept,Only the last occurring event is kept per combination,Exactly two events are kept for each combination,B,"'If you do not specify a number, only the first occurring event is kept. All other duplicates are removed from the results.'"
1012,Distributable Streaming,"In a dedup sortby clause, what does the dash symbol (-) indicate for a sort field?",Ascending order,The field should be excluded from sorting,Descending order,The field should be treated as numeric,C,'Use the dash symbol ( - ) for descending order and the plus symbol ( + ) for ascending order.'
1013,Distributable Streaming,When does the dedup command act as a dataset processing command rather than a streaming command?,When the consecutive argument is set to true instead of false,When more than one field is listed in the field-list argument,"When a sort-by-clause is specified, requiring results collected first",When the keepevents argument is set to true instead of false,C,"'if you specify the <sort-by-clause, the dedup command acts as a dataset processing command. All of the results must be collected before sorting.'"
1014,Dataset Processing,What does the delete command do to the events returned by a search?,Marks them as deleted so subsequent searches do not return them,Moves them into a separate archive index,Exports them to a CSV file before removing them,Immediately removes them from disk and reclaims the space,A,'Using the delete command marks all of the events returned by the search as deleted. Subsequent searches do not return the marked events.'
1015,Dataset Processing,Does the delete command reclaim disk space?,"Yes, but only after the next scheduled maintenance window","Yes, disk space is reclaimed immediately","No, the delete command does not reclaim disk space",Disk space is reclaimed only for SmartStore indexes,C,'The delete command does not reclaim disk space.'
1016,Dataset Processing,Can the delete command be used in a real-time search to delete events as they arrive?,"Yes, but only on SmartStore indexes","Yes, but only with the corruptonly argument","Yes, this is the recommended way to delete streaming events","No, you cannot run the delete command in a real-time search",D,'You cannot run the delete command in a real-time search to delete events as they arrive.'
1017,Dataset Processing,What capability is required to use the delete command?,"The ""admin_all_objects"" capability","The ""list_storage_passwords"" capability","The ""edit_indexes"" capability","The ""delete_by_keyword"" capability",D,"'The delete command can be accessed only by a user with the ""delete_by_keyword"" capability.'"
1018,Dataset Processing,"By default, which role has the ability to delete events using the delete command?","The ""admin"" role","The ""power"" role",Any role with search access,"The ""can_delete"" role",D,"'By default, only the ""can_delete"" role has the ability to delete events. No other role, including the admin role, has this ability.'"
1019,Dataset Processing,"In the delete command's output, what does the ""deleted"" field represent?",The quantity of events removed,The number of search errors encountered,The number of buckets affected,The disk space reclaimed in bytes,A,'The quantity of deleted events is in the deleted field.'
1020,Dataset Processing,Which of the following prevents the delete command from working?,Using delete on an index that holds fewer than 100 events in total,Using delete without specifying an explicit time range,Using delete after the eval command in the search,Using delete after a centralized streaming command like head,D,"'You cannot use the delete command after a centralized streaming command,' giving head as an example."
1021,Dataset Processing,"For the delete command, what must you do with the clean command to permanently remove data from an index?","Run it from the CLI, and it removes all data in the index without letting you select specific data",Run it with the delete command chained afterward to select specific data,"Run it from Splunk Web, and it lets you select specific events to remove","Run it as part of a saved search, and it deletes events older than the retention period",A,'you must use the clean command from the CLI to permanently remove the data. The clean command removes all of the data in an index. You cannot select the specific data that you want to remove.'
1022,Centralized Streaming,What does the delta command compute?,The percentage change between the first and last search results,The difference between a field's current and previous numeric values,The running sum of a numeric field across all prior events,The average value of a field across the entire time range,B,"'the delta command computes the difference, in search order, between the <field> value for the current event and the <field> value for the previous event.'"
1023,Centralized Streaming,What happens if the field specified with the delta command is not a numeric field?,The delta command uses 0 as the value for that field,The field is automatically converted to a number using tostring,An error message is displayed and the search stops,No output field is generated,D,"'If <field> is not a numeric field, no output field is generated.'"
1024,Centralized Streaming,What is the required argument for the delta command?,field,p,newfield,span,A,"The delta syntax shows <field> [AS <newfield>] [p=int], with field being the required argument."
1025,Centralized Streaming,What is the default name of the new field created by the delta command if AS newfield is not specified?,change(<field>),delta(<field>),<field>_delta,diff(<field>),B,The default for newfield as 'delta(<field>)'.
1026,Centralized Streaming,What does the p argument in the delta command control?,How many results prior to the current one to compare against,The maximum number of events processed by delta,"The precision, in decimal places, of the computed difference value",The percentage format applied to the output field,A,P 'Specifies how many results prior to the current result to use for the comparison to the value in field in the current result.'
1027,Centralized Streaming,What is the default value of the p argument for the delta command?,-1,0,2,1,D,The default for p as 1.
1028,Centralized Streaming,"If p=2 is specified with delta, what is the current result's field value compared against?",The value in the result immediately following the current result,The average of the two results prior to the current result,The value in the result that is two results prior to the current result,"The value two results prior and two results after, averaged",C,"'If p=2, compares the current result value against the value in the result that is two results prior to the current result.'"
1029,Centralized Streaming,"By default, in what order are events processed by the delta command for historical searches?",The order determined solely by the p argument,Alphabetical order by field name,"Chronological order, from old events to new events","Reverse time order, from new events to old events",D,"'By default, the events for historical searches are in reverse time order from new events to old events.'"
1030,Centralized Streaming,What do values that are ascending over time show when passed through delta?,Zero for every event,Negative deltas,Alternating positive and negative deltas,Positive deltas,B,'Values ascending over time show negative deltas.'
1031,Centralized Streaming,"For real-time search, in what order does the delta command compare events?",In strict chronological order regardless of receipt order,In the order they are received,In the reverse order of their receipt,Delta cannot be used with real-time search,B,"'For real-time search, the events are compared in the order they are received.'"
1032,Centralized Streaming,The delta command can be applied after any sequence of commands. What does this imply about input order?,The input must first be piped through the sort command in ascending order,The input must always be sorted by _time before delta runs,There is no input order guaranteed for the delta calculation,Delta always re-sorts results into time order automatically,C,"'The delta can be applied after any sequence of commands, so there is no input order guaranteed.'"
1033,Centralized Streaming,"In the search '... | delta count p=3', where is the computed difference stored by default?",delta(count),countdiff,count_delta,diff(count),A,"The result is stored 'in the default field, delta(fieldname), which in this example is delta(count).'"
1034,Centralized Streaming,"When you run '... | top clientip | delta count p=1', what is true about the first event in the results?",The first event has the highest delta(count) value,The first event has a delta(count) value of 0,The first event is automatically removed from the results,The first event does not have a delta(count) value,D,'The first event does not have a delta(count) value.'
1035,Dataset Processing,What does the diff command do?,Computes the numeric difference between a field's current and previous values,"Compares two results and returns their line-by-line difference, like *nix diff",Merges two datasets based on a common field,Removes duplicate events that share identical field values,B,"'The diff command mimics *nix diff output and compares two search results at a time by returning the line-by-line difference, or comparison, of the two.'"
1036,Dataset Processing,"By default, which field is compared between the two search results by the diff command?",_raw,_time,_index,host,A,"'By default, the text (_raw field) of the two search results is compared.'"
1037,Dataset Processing,What are the default values of position1 and position2 for the diff command?,position1=1 and position2=2,position1=1 and position2=10,position1=0 and position2=1,position1=2 and position2=1,A,'These values default to 1 and 2 to compare the first two results.'
1038,Dataset Processing,What is required of the value specified for position2 in the diff command?,It must equal position1,It must be less than position1,It must be greater than position1,It must be a negative integer,C,For position2: 'This value must be greater than position1.'
1039,Dataset Processing,"What is the default value of maxlen for the diff command, and what does maxlen=0 mean?","The default is 1000, and maxlen=0 disables the diff command entirely","The default is 0, and maxlen=100000 means there is no limit","The default is unlimited, and maxlen=0 sets a 100KB cap","The default is 100000 (100KB), and maxlen=0 means there is no limit",D,"'Default: maxlen=100000, which is 100KB' and 'If maxlen=0, there is no limit.'"
1040,Dataset Processing,The entitymerge command is used with which Splunk product?,Splunk Enterprise Security,Splunk Common Information Model Add-on,Splunk IT Service Intelligence,Splunk DB Connect,A,'The entitymerge command is used with Splunk Enterprise Security.'
1041,Dataset Processing,The entitymerge command overwrites what kind of data in Splunk Enterprise Security?,Bucket metadata,Asset or identity data,Lookup table data,Calculated field definitions,B,The entitymerge command is documented as 'Overwrite asset or identity data with entitymerge in Splunk Enterprise Security.'
1042,Dataset Processing,Which Splunk product includes the entitymerge command for overwriting asset or identity data?,Splunk DB Connect,Splunk IT Service Intelligence,Splunk Enterprise Security,Splunk Add-on for AWS,C,entitymerge is used with asset and identity data in Splunk Enterprise Security.
1043,Distributable Streaming,When is the erex command useful?,When you want to extract field data but don't know the regex to use,When you want to remove duplicate field values,When you already have a working regular expression and want to test it,When you need to merge two fields into one,A,'Use the erex command to extract data from a field when you do not know the regular expression to use.'
1044,Distributable Streaming,What does the erex command automatically extract?,Field values that are similar to the example values you specify,Every value that matches any regular expression found in the event,All numeric values found in the _raw field,Only values that exactly match the counterexamples,A,'The command automatically extracts field values that are similar to the example values you specify.'
1045,Distributable Streaming,"Besides extracting values, what else does the erex command return that can be reused with the rex command?",A regular expression,A lookup table,A saved search,A calculated field definition,A,The search 'also returns a regular expression that you can then use with the rex command to extract the field.'
1046,Distributable Streaming,What is the required argument for the erex command?,examples,maxtrainers,fromfield,counterexamples,A,"The erex syntax shows examples=<string> as bold/required; field, counterexamples, fromfield, and maxtrainers are optional or a separate argument."
1047,Distributable Streaming,What is the default value of the fromfield argument for erex?,_raw,source,host,_time,A,The default for fromfield as _raw.
1048,Distributable Streaming,What is the valid range for the maxtrainers argument in erex?,Between 1 and 100,Between 0 and 10000,Between 1 and 1000,Between 10 and 500,C,'The maximum number values to learn from. Must be between 1 and 1000.'
1049,Distributable Streaming,What is the default value of maxtrainers for erex?,1,1000,50,100,D,The default for maxtrainers as 100.
1050,Distributable Streaming,"For the erex command, what does the counterexamples argument specify?",A list of regular expressions to reject during extraction,A comma-separated list representing information to exclude,A comma-separated list of fields to exclude from the search,A list of sourcetypes that erex should ignore,B,Counterexamples as 'A comma-separated list of example values that represent information not to be extracted.'
1051,Distributable Streaming,What happens if a value specified in the examples or counterexamples argument does not exist in the events piped into erex?,The command substitutes the closest matching value,The command creates a new event containing that value,The value is silently ignored and the command continues,The command fails,D,"'The values specified in the examples and counterexample arguments must exist in the events that are piped into the erex command. If the values do not exist, the command fails.'"
1052,Distributable Streaming,Under what condition are the erex command's informational log messages not displayed in the search jobs manager window?,When infocsv_log_level is set to INFO,When maxtrainers is set below 10,When infocsv_log_level is WARN or ERROR,When fromfield is set to _raw,C,These messages 'aren't displayed if the infocsv_log_level setting is set to WARN or ERROR.'
1053,Distributable Streaming,Where is the search.log file located that captures the output of the erex command?,$SPLUNK_HOME/var/run/splunk/dispatch/,$SPLUNK_HOME/etc/system/local/ directory,$SPLUNK_HOME/var/log/splunk/ directory,$SPLUNK_HOME/bin/scripts/ directory (legacy),A,'The search.log file is located in the $SPLUNK_HOME/var/run/splunk/dispatch/ directory.'
1054,Distributable Streaming,"For the erex command, in Splunk Enterprise, under which stanza in limits.conf do you change the infocsv_log_level setting?",[search_erex],[default],[search_info],[general],C,"'Under the [search_info] stanza, change the value for the infocsv_log_level setting.'"
1055,Distributable Streaming,Why might you replace the erex command with the rex command and its generated regular expression in a search?,erex cannot be used more than once per search,Using rex with a regex is more cost-effective than erex,rex supports counterexamples while erex does not,rex automatically updates its pattern as new data arrives,B,'Using the rex command with a regular expression is more cost effective than using the erex command.'
1056,Distributable Streaming,What does the eval command do with the result of its expression?,Calculates the expression and writes it only to the job's search.log,Calculates the expression and displays it only in the Statistics tab title,Calculates the expression and stores it as a new index,Calculates the expression and puts the resulting value into a search results field,D,'The eval command calculates an expression and puts the resulting value into a search results field.'
1057,Distributable Streaming,"If the field name specified with eval matches a field name that already exists in the search results, what happens?","A second field with a ""_2"" suffix is created automatically",The eval command fails and reports a duplicate field error,The existing field's value is appended to the new value,The eval results overwrite the values in that field,D,"'If the field name that you specify matches a field name that already exists in the search results, the results of the eval expression overwrite the values in that field.'"
1058,Distributable Streaming,What is the key difference between the eval and stats commands?,"eval works only with numeric fields, while stats works with any field type","eval always requires a BY clause, while the stats command does not",stats calculates statistics from event fields; eval creates fields from an expression,"stats creates new fields in events, while eval outputs a table of aggregated results",C,'The stats command calculates statistics based on fields in your events. The eval command creates new fields in your events by using existing fields and an arbitrary expression.'
1059,Distributable Streaming,How do you chain multiple eval expressions in a single eval command?,Separate them with a semicolon,Separate them with a comma,Separate them with the AND keyword,Use a separate eval command for each expression on the same line,B,'You can chain multiple eval expressions in one search using a comma to separate subsequent expressions.'
1060,Distributable Streaming,"When multiple comma-separated eval expressions are used in one command, in what order are they processed?","Right-to-left, and earlier expressions can reference later fields",All expressions are evaluated simultaneously and cannot reference each other,The order is undefined and may vary between runs,"Left-to-right, and later expressions can reference previously evaluated fields",D,'The search processes multiple eval expressions left-to-right and lets you reference previously evaluated fields in subsequent expressions.'
1061,Distributable Streaming,Can the result of an eval expression be a Boolean value assigned directly to a field?,Only when using the case function,"Yes, Booleans can always be assigned directly to fields","No, the result of an eval expression cannot be a Boolean",Only if the field name is quoted,C,'The result of an eval expression cannot be a Boolean.'
1062,Distributable Streaming,"If a field name referenced in an eval expression contains a hyphen, such as server-1, how must it be specified?","Surrounded by single quotation marks, e.g. 'server-1'",Escaped with a backslash before the hyphen,"Surrounded by double quotation marks, e.g. ""server-1""",Field names with hyphens cannot be referenced in eval,A,Such field names 'need to be surrounded by single quotation marks. For example... you specify the field name like this new=count+'server-1'.'
1063,Distributable Streaming,How must a literal string be specified in an eval expression?,No quotation marks are needed for literal strings,Surrounded by square brackets,Surrounded by double quotation marks,Surrounded by single quotation marks,C,"'If the expression references a literal string, that string needs to be surrounded by double quotation marks.'"
1064,Distributable Streaming,What type of command is eval?,A distributable streaming command,A dataset processing command,An orchestrating (search-control) command,A generating (event-producing) command,A,'The eval command is a distributable streaming command.'
1065,Distributable Streaming,What happens when you divide a number by zero in an eval expression?,Division by zero results in a null field,"Division by zero returns ""inf"" as a string",Division by zero throws an exception and stops the search,Division by zero returns 0,A,'Division by zero results in a null field.'
1066,Distributable Streaming,How is a floating-point NaN (Not a Number) value represented in eval results?,"As ""nan""",As an empty field,"As ""NaN_error""","As ""null""",A,"'If the calculation results in the floating-point special value NaN (Not a Number), it is represented as ""nan"" in your results.'"
1067,Distributable Streaming,"In eval decimal1=8.250 * 0.2, decimal2=8.250 * 0.20, why do decimal1 and decimal2 display different numbers of decimal places?",The tostring function is applied automatically to decimal2,eval always rounds the second expression in a comma-separated list to one fewer decimal,The precision of the results is limited by the precision of the least-precise input,decimal2 uses the exact() function while decimal1 does not,C,"'The precision of the results can be no greater than the precision of the least-precise input,' illustrated by this decimal example."
1068,Distributable Streaming,Which function lets you return an arbitrary number of digits of precision in an eval calculation?,sigfig,round,tostring,exact,D,"'If you want to return an arbitrary number of digits of precision, use the exact function.'"
1069,Distributable Streaming,"What is the limit to precision for long numbers in Splunk eval calculations, in significant digits?",24 significant digits,32 significant digits,10 significant digits,17 significant digits,D,"'The limit to precision is 17 significant digits, or -253+1 to 253-1.'"
1070,Distributable Streaming,"For the eval command, which function would you use to specify the number of digits to return when a calculation produces a long number?",sigfig,exact,tostring,round,A,'you can specify the number of digits to return using the sigfig function.'
1071,Distributable Streaming,Which set of operators are Boolean operators in eval expressions?,AND OR NOT XOR < > <= >= != = == LIKE,The period (.) operator only,"LIKE and == only, with AND, OR, NOT, and XOR excluded",+ - * / %,A,The operators table lists 'AND OR NOT XOR < > <= >= != = == LIKE' under the Boolean type row.
1072,Distributable Streaming,What does the plus (+) operator do when applied to two strings in an eval expression?,It concatenates them,It throws an error because + only works on numbers,It returns a Boolean indicating whether the strings are equal,It converts both strings to numbers first,A,"'The plus ( + ) operator accepts two numbers for addition, or two strings for concatenation.'"
1073,Distributable Streaming,What does the period (.) operator do in an eval expression?,Accesses a specific value within a multivalue field,"Concatenates strings and numbers, converting numbers to strings",Separates multiple field names within a BY clause,Performs floating-point division between two numeric operands,B,'The period ( . ) operator concatenates both strings and number. Numbers are concatenated in their string represented form.'
1074,Distributable Streaming,"In eval expressions, what pattern-matching characters does the LIKE operator support?",A percent (%) character for a wildcard and an underscore (_) for a single character match,An asterisk (*) for a wildcard and a question mark (?) for a single character match,A percent (%) character for a single character match and an underscore (_) for a wildcard,Square brackets for character classes only,A,"'The pattern operator supports literal text, a percent (% ) character for a wildcard, and an underscore ( _ ) character for a single character match.'"
1075,Distributable Streaming,How does the single equal sign (=) typically differ in usage from the double equal sign (==) in eval expressions?,The == sign is deprecated in favor of the = sign,= typically assigns a value to a field; == typically compares two values,The = sign can be used only inside the case function,"The = sign only works with strings, while == only works with numbers",B,"'The = operator...is typically used to assign a value to a field...The == operator means ""is equal to"". This operator is typically used to compare 2 values.'"
1076,Distributable Streaming,What is the evaluation order of Boolean expressions with the eval command?,"NOT, then AND, then OR, then XOR, then parentheses","Parentheses, then OR, then AND, then NOT, then XOR","Parentheses, then XOR, then OR, then AND, then NOT","Parentheses, then NOT, then AND, then OR, then XOR",D,The order: '1. Expressions within parentheses 2. NOT clauses 3. AND clauses 4. OR clauses 5. XOR clauses.'
1077,Distributable Streaming,How does the eval command's Boolean evaluation order differ from that of the search command?,"The search command evaluates AND before NOT, while eval does not support NOT",The search command evaluates OR before AND and does not support XOR,There is no difference; both commands use the same evaluation order,"The search command does not support parentheses, while eval does",B,"'This evaluation order is different than the order used with the search command, which evaluates OR before AND clauses, and doesn't support XOR.'"
1078,Distributable Streaming,"How can you specify a field name that contains a period, such as Last.Name, in an eval expression?",Escape the period with a backslash,Field names with periods cannot be used in eval,Replace the period with an underscore automatically,"Surround it with single quotation marks, e.g. 'Last.Name'",D,"'To specify a field name with special characters, such as a period, use single quotation marks. For example... use 'Last.Name'.'"
1079,Distributable Streaming,What happens if a field name used in an eval assignment has a leading space?,The search does not produce valid results,The field is treated as a new calculated field,The leading space is automatically trimmed and the search works normally,The leading space is converted to an underscore,A,A search with a leading space in the field name 'does not produce valid results because first has a leading space.'
1080,Distributable Streaming,How do you dynamically create a field name based on the value of another field in an eval expression?,"Use curly braces, such as {aName}=aValue","Use a percent sign prefix, such as %aName=aValue",Use the dynamicfield() function,"Use square brackets, such as [aName]=aValue",A,"'You can use the value of one field as the name of another field by using curly braces ({}), which dynamically creates a field name.'"
1081,Distributable Streaming,Where can you define an eval statement to create a calculated field in Splunk Enterprise?,In indexes.conf,In limits.conf,In transforms.conf,In props.conf,D,'You can use eval statements to define calculated fields by defining the eval statement in props.conf.'
1082,Distributable Streaming,"In eval error = if(status == 200, ""OK"", ""Problem""), what value is assigned to error when status is not 200?","The literal string ""status""",A null value,"""OK""","""Problem""",D,"This example as setting the error field to OK if status is 200, 'Otherwise set the error field value to Problem.'"
1083,Distributable Streaming,"In eval full_name = first_name."" "".last_name, what is the purpose of the quoted space between the two field references?",To escape the period operator,To indicate the end of the eval expression,To insert a space between the two names during concatenation,To convert both fields to strings before concatenation,C,'Quotation marks are used to insert a space character between the two names.'
1084,Distributable Streaming,"When you run eval x=tostring(x,""commas"") on a value of 1000000.1278, what result is returned?",1000000.13,"1,000,000.1278","$1,000,000.13","1,000,000.13",D,"The search 'returns x as 1,000,000.13.'"
1085,Distributable Streaming,"For the eval command, what value does coalesce(number, subscriberNumber) return?",The sum of both fields if both are non-NULL,A concatenation of both field values,The value of the first non-NULL field among the arguments,The value of the last non-NULL field among the arguments,C,"'The coalesce() function takes the value of the first non-NULL field (that means, it exists in the event).'"
1086,Distributable Streaming,"In an eval that uses if(cidrmatch(""<subnet>"", clientip), ""local"", ""other"") to set the network field, what value does network get when clientip falls in the specified subnet?","""internal""","""matched""","""local""","""other""",C,"'if the value of clientip falls in the subnet range, then the network field value is local. Otherwise, network=other.'"
1087,Distributable Streaming,Does the eval command apply any special formatting to your results?,"Yes, eval automatically right-aligns all of the string fields shown","Yes, but only when piped to the table command","No, eval does not apply any special formatting to your results","Yes, eval automatically formats all numeric fields with commas",C,'The eval command does not do any special formatting to your results.'
1088,Distributable Streaming,"For the eval command, if accountname is a multivalue field created by splitting an email address on the @ symbol, what does mvindex(accountname,-1) return?",The second (last) value of the multivalue field accountname,A count of the values in accountname,The first value of the multivalue field accountname,The entire accountname field concatenated into one string,A,"'the second value is everything after' the @ symbol, and mvindex(accountname,-1) is used to set from_domain 'to the second value in accountname.'"
1089,Distributable Streaming,"What format does the ""duration"" option of tostring convert a numeric seconds value into, as in eval durationstr=tostring(duration,""duration"")?",HH:MM:SS,ISO 8601 date-time format,MM:SS,A count of minutes only,A,The duration argument 'specifies to convert the value to a readable time format HH:MM:SS.'
1090,Generating,What does the eventcount command return?,The number of unique hosts in specified indexes,The number of sourcetypes in specified indexes,The number of buckets in specified indexes,The number of events in specified indexes,D,'Returns the number of events in specified indexes.'
1091,Generating,"If no index is specified with eventcount, what does the command report on by default?",The default index,All internal indexes only,All indexes on the instance,The index used by the most recent search,A,"'If no index is specified, eventcount returns information about the default index.'"
1092,Generating,What is the default value of the list_federated_remote argument for eventcount?,There is no default; it must always be specified,It defaults to the value of summarize,false,true,C,The default for list_federated_remote as false.
1093,Generating,What does setting report_size=true do for the eventcount command?,Returns the index size in bytes,Returns the number of buckets per index,Returns the search runtime in milliseconds,Returns the number of unique sourcetypes per index,A,"'If report_size=true, the command returns the index size in bytes.'"
1094,Generating,What is the default value of the summarize argument for eventcount?,It matches list_vix,true,There is no default,false,B,The default for summarize as true.
1095,Generating,"When summarize=false is set on eventcount, what additional information does the command provide beyond splitting counts by index?",The disk compression ratio for each index listed,The provider and server values for each index,The exact timestamp of the first and last event,The list of sourcetypes contained in each index,B,"'If summarize=false, the command splits the event counts by index, and additionally provides the provider and server values that correspond to each index.'"
1096,Generating,What type of command is eventcount?,A dataset processing command,A report-generating command,An orchestrating (search-control) command,A stateless streaming command,B,'The eventcount command is a report-generating command.'
1097,Generating,Does specifying a time range affect the results returned by the eventcount command?,"Yes, but only when the summarize argument is set to false","No, a time range has no effect; all events are counted","Yes, only events within the specified time range are counted","Yes, but only for searches run in real time",B,'Specifying a time range has no effect on the results returned by the eventcount command. All of the events on the indexes you specify are counted.'
1098,Generating,"Can you use eventcount to exclude specific indexes from the results, such as with index!=foo?","Yes, index!=foo is valid and is commonly used syntax","No, indexes cannot be excluded; index!=foo is invalid","Yes, but only when list_vix is set to false explicitly","Yes, but only within Splunk Cloud Platform deployments",B,"'You cannot specify indexes to exclude from the results. For example, index!=foo is not valid syntax.'"
1099,Generating,"To get event counts for indexes on federated providers, which two arguments must you set together?",summarize=false and list_federated_remote=true,summarize=false and list_federated_remote=false,summarize=false and report_size=true and list_vix=true,report_size=true and list_vix=false and summarize=true,A,'you can find the count of events in specified indexes on your federated providers by running eventcount with summarize=false and list_federated_remote=true.'
1100,Generating,What platform value is assigned to indexes present on your local Splunk platform deployment in federated eventcount results?,internal,default,local,primary,C,'Indexes that are present on your local Splunk platform deployment have a platform value of local.'
1101,Generating,Why should you avoid using eventcount to compare event counts in indexer clustered environments?,It does not support clustered environments and returns an error,"It checks buckets only on the cluster master, ignoring the peer nodes",It requires the corruptonly argument when it is run in clustered environments,"It counts replicated and primary buckets on each indexer, so counts can be off",D,"'the eventcount command checks all buckets, including replicated and primary buckets, across all indexers in a cluster. As a result, the search may return inaccurate event counts.'"
1102,Generating,"When you specify summarize=false with eventcount (without report_size), which fields does the command return?",count and index only,"count, index, provider, and server","count, provider, server, and size_bytes","count, index, and size_bytes only",B,"'When you specify summarize=false, the command returns four fields: count, index, provider, and server.'"
1103,Dataset Processing,What does the eventstats command generate?,A regular expression based on example field values,A table of aggregated results that replaces your events,A list of buckets in a specified index,"Summary statistics from event fields, saved into a new field",D,'Generates summary statistics from fields in your events and saves those statistics in a new field.'
1104,Dataset Processing,Which events does eventstats use to generate its summary statistics?,"Every event returned by the search, regardless of field content",Only events within the last 24 hours,Only the first event in the result set,Only those events that have fields pertinent to the aggregation,D,'Only those events that have fields pertinent to the aggregation are used in generating the summary statistics.'
1105,Dataset Processing,What is the required argument for the eventstats command?,"The field-list argument, listing fields to aggregate","A BY clause, to group the aggregated statistics","The allnum argument, for numeric-only aggregation","At least one stats-agg-term, an aggregation function",D,"The eventstats syntax shows <stats-agg-term> ... as the required (bold) argument, while allnum and the BY clause are optional."
1106,Dataset Processing,What does the allnum argument do when set to true for eventstats?,Converts all null values to zero before computing statistics,Requires that the BY clause specify only numeric fields,Computes stats on a field only if every value in it is numerical,Forces all output fields to be converted to strings,C,"'If set to true, computes numerical statistics on each field, if and only if, all of the values of that field are numerical.'"
1107,Dataset Processing,What is the default value of allnum for eventstats?,false,true,There is no default,It matches the summarize argument,A,The default for allnum as false.
1108,Dataset Processing,How many BY clauses can be used per invocation of the eventstats command?,Up to two,None; BY clauses are not supported by eventstats,An unlimited number,Only one,D,"'you can use one or more functions. However, you can only use one BY clause.'"
1109,Dataset Processing,"Which type of eventstats function includes earliest(), first(), last(), and latest()?",Event order functions,Time formatting functions,Aggregate functions,Multivalue stats and chart functions,A,The function table lists 'earliest() first() last() latest()' under Event order functions.
1110,Dataset Processing,What type of command is eventstats?,A dataset processing command,A generating (event-producing) command,A report-generating type of command,A centralized streaming command,A,'The eventstats command is a dataset processing command.'
1111,Dataset Processing,What does the max_mem_usage_mb setting in limits.conf control for the eventstats command?,The maximum number of BY clause fields allowed,How much memory eventstats can use to track information,The maximum number of events eventstats can process per search,The time-to-live of cached eventstats results,B,'The eventstats search processor uses a limits.conf file setting named max_mem_usage_mb to limit how much memory the eventstats command can use to keep track of information.'
1112,Dataset Processing,"For the eventstats command, why should you avoid setting max_mem_usage_mb=0?","It removes the memory bound, risking search failures",It causes eventstats to ignore the BY clause in the search,It forces eventstats to run only on SmartStore indexes,It disables the eventstats command entirely for the search,A,'Do not set max_mem_usage_mb=0 as this removes the bounds to the amount of memory the eventstats command processor can use. This can lead to search failures.'
1113,Dataset Processing,What is a key difference between stats and eventstats?,stats supports a BY clause while eventstats does not,"stats places aggregations into a new field added to each event, while eventstats transforms events into a table of aggregated results","eventstats can only be used with numeric fields, while stats works with any field type","eventstats places aggregations into a new field added to each event, while stats transforms events into a table of aggregated results",D,The comparison table states stats produces 'Events are transformed into a table of aggregated search results' while eventstats produces 'Aggregations...placed into a new field that is added to each of the events.'
1114,Dataset Processing,"With eventstats, once results are aggregated, which fields can subsequent commands in the search use?","No fields, since eventstats terminates the search pipeline","Only the newly aggregated field, because the original events are transformed",Only fields listed in the BY clause,"The fields in the original events, because the events have not been transformed",D,"'You can use the fields in your events in subsequent commands in your search, because the events have not been transformed.'"
1115,Dataset Processing,"If 5 events are searched but only 3 contain the field being aggregated, how does eventstats apply the resulting aggregation?",The aggregation is added only to the first of the 5 events,The aggregation causes the other 2 events to be dropped from the results,"The aggregation is added to all 5 events, even those lacking the field",The aggregation is added only to the 3 events that contained the field,C,"'A new field is added to every event and the aggregation is added to that field in every event,' even events not used to generate it."
1116,Dataset Processing,"What happens when you use eventstats with a function like avg that is not applied to a specific field (e.g., ""| eventstats avg"")?",The function defaults to being applied to the _time field,The search fails immediately with a syntax error,The function is applied only to the _raw field by default,"It's applied as a wildcard, as if avg(*) were specified",D,"'when you have | eventstats avg in a search, it returns results for | eventstats avg(*).'"
1117,Dataset Processing,What is the status of the 'implicit wildcard' syntax for eventstats functions?,The recommended approach,Required for all aggregate functions,Only available in Splunk Cloud Platform,Deprecated,D,"'This ""implicit wildcard"" syntax is officially deprecated, however.'"
1118,Dataset Processing,Which function can you use instead of distinct_count to reduce memory usage and run time?,"exactperc, the exact percentile function","stdevp, the population standard deviation function","sumsq, the sum of squares function","estdc, the estimated distinct count function",D,'consider replacing the distinct_count function with the estdc function (estimated distinct count).'
1119,Dataset Processing,"For the eventstats command, why shouldn't you rely on the first and last functions when searching based on time order?",first and last were deprecated in favor of earliest and latest,They don't give accurate time-based results; use earliest and latest instead,"first and last cannot be combined with a BY clause, whereas earliest and latest can be","first and last work only with numeric fields, unlike earliest and latest",B,"'Using the first and last functions when searching based on time does not produce accurate results,' recommending earliest and latest instead."
1120,Dataset Processing,"When you run eventstats avg(duration) AS avgdur with no BY clause, how many aggregation values are generated?",One aggregation per distinct value of duration,"One aggregation per event, each one different","A single aggregation, added to every event","No aggregation, since a BY clause is required",C,"'Because no BY clause is specified, a single aggregation is generated and added to every event in a new field called avgdur.'"
1121,Dataset Processing,"When you run eventstats avg(duration) AS avgdur BY date_minute, how is the avgdur value determined for each event?",Based on the median duration for that date_minute,"Based on the average duration across the entire result set, ignoring date_minute",Based on the average duration for that event's particular value of date_minute,Based on the single highest duration value recorded for that date_minute,C,'The new field avgdur is added to each event with the average value based on its particular value of date_minute.'
1122,Dataset Processing,What is the search '... | eventstats avg(bytes) AS avg | where bytes>avg' used to detect?,The single event with the maximum bytes value,Duplicate events that have identical byte counts,Events that are missing the bytes field entirely,"Spikes, where the count exceeds the average",D,'This searches for spikes in error volume. You can use this search to trigger an alert if the count of errors is higher than average.'
1123,Dataset Processing,"Suppose eventstats avg(age) BY city produces an average age of 28 for San Francisco, calculated from ages 25 and 31. What average age is calculated for Seattle, which has one event with an age value of 39 and one event with a null age?","39, but the average is not added to the event with the null value",39; excluded from the calculation but still applied to that event,"19.5, because the null value is treated as 0 in the average","0, because eventstats cannot aggregate when any value is null",B,"'The average is 39 = 39 / 1. The eventstats command places that average in every event for Seattle, including events that did not contain a value for age.'"
1124,Dataset Processing,How do you rename the field generated by an eventstats aggregation?,Use the RENAME argument within the eventstats syntax,"Use the AS keyword, e.g., eventstats avg(age) AS ""average age by city"" BY city",The generated field name cannot be changed,"Use the rename command after eventstats, since eventstats cannot rename fields itself",B,"'You can rename the new field using the AS keyword,' shown in the example eventstats avg(age) AS ""average age by city"" BY city."
1125,Dataset Processing,"How does eventstats treat an alphabetic character value found in a field being aggregated, such as avg(age)?",The alphabetic value is automatically converted to 0,The alphabetic value causes the entire search to fail,The alphabetic value is excluded from the event but not from the aggregation calculation,The alphabetic value is treated like a null value,D,'The alphabetic values are treated like null values.'
1126,Dataset Processing,"For the eventstats command, when allnum=true is set and a city's age values include one non-numeric (""test"") value, what happens to the average for that city?","The entire set of values for that city is ignored, and no average is calculated",The non-numeric value is treated as 0 in the average,"The non-numeric value is skipped, and the average is calculated from the remaining numeric values",The search fails with an error,A,"'Because the age field contains values for Seattle that are not all numbers, the entire set of values for Seattle are ignored. No average is calculated.'"
1127,Distributable Streaming,What does the extract command do?,Extracts statistical aggregations from a field,Extracts duplicate events based on field combinations,Extracts field-value pairs from the search results,Extracts the raw text of an event into a new index,C,'Extracts field-value pairs from the search results.'
1128,Distributable Streaming,Which field does the extract command work on?,Any field specified with a fromfield argument,The _time field only,Only the _raw field,All fields simultaneously,C,"'The extract command works only on the _raw field. If you want to extract from another field, you must perform some field renaming before you run the extract command.'"
1129,Distributable Streaming,What is the required argument for the extract command?,None,extractor-name,kvdelim,extract-options,A,The Required arguments section for extract states 'None.'
1130,Distributable Streaming,What does the extractor-name argument reference?,A stanza in the props.conf configuration file,A saved search name for the extraction,A stanza in the transforms.conf file,A lookup table definition for the fields,C,'A stanza in the transforms.conf file. This is used when the props.conf file does not explicitly cause an extraction.'
1131,Distributable Streaming,What does specifying auto=f do with the extract command?,Enables fuzzy matching during key-value extraction,Forces Splunk software to extract every key-value pair it can find,Forces a reload of the props.conf and transforms.conf files,Tells Splunk not to auto-extract key-value pairs from _raw,D,"'When you include auto=f in a search with the extract command, you are explicitly telling Splunk software not to perform automatic key-value field extraction by default on the _raw field.'"
1132,Distributable Streaming,What does the kvdelim argument specify for the extract command?,The maximum number of key-value pairs to extract,A list of character delimiters that separate the key from the value,A list of character delimiters that separate key-value pairs from each other,The number of characters to look into an event,B,Kvdelim is 'A list of character delimiters that separate the key from the value.'
1133,Distributable Streaming,What is the default value of the limit argument for the extract command?,0,50,100,10240,B,The default for limit as 50.
1134,Distributable Streaming,"For the extract command, what does the maxchars argument control, and what is its default value?",How many key-value pairs to extract; default 50,How many characters separate keys from values; default 1,The maximum length of a field name; default 255,How many characters to look into the event; default 10240,D,Maxchars 'Specifies how many characters to look into the event. Default: 10240.'
1135,Distributable Streaming,What type of command is extract?,A distributable streaming command,A dataset processing command,A centralized streaming command,A generating (event-producing) command,A,'The extract command is a distributable streaming command.'
1136,Distributable Streaming,What is the alias for the extract command?,fx,kvform,ext,kv,D,'The alias for the extract command is kv.'
1137,Distributable Streaming,What does the fieldformat command change about search results?,"Only the appearance of results, not the underlying field value",The order in which fields are displayed,The name of the field only,"The underlying, raw value of the field, permanently and irreversibly",A,Fieldformat 'changes the appearance of the results without changing the underlying value of the field.'
1138,Distributable Streaming,Why should you use the fieldformat command as late as possible in the search pipeline?,Because commands later in the pipeline cannot modify the formatted results,Because fieldformat requires all fields to already be renamed,Because fieldformat runs slowly and should be deferred for performance,Because fieldformat only operates on the final result set in Splunk Web,A,"'commands that come later in the search pipeline cannot modify the formatted results, use the fieldformat command as late in the search pipeline as possible.'"
1139,Distributable Streaming,"Does the fieldformat command apply to commands that export data, such as outputcsv and outputlookup?","Yes, but only for outputcsv, not outputlookup","No, the export keeps the original data format, not the rendered one","Yes, exported files always use the fieldformat-rendered value in each row","No, because outputcsv cannot follow fieldformat in a pipeline",B,The export 'retains the original data format and not the rendered format.'
1140,Distributable Streaming,What should you use instead of fieldformat if you want a changed format to apply to exported data?,The rename command,The convert command,The table command,The eval command,D,"'If you want the format to apply to exported data, use the eval command instead of the fieldformat command.'"
1141,Distributable Streaming,What is the syntax of the fieldformat command?,fieldformat <eval-expression>=<field>,fieldformat <wc-field-list> <eval-expression>,fieldformat <field> AS <eval-expression>,fieldformat <field>=<eval-expression>,D,The Syntax section lists 'fieldformat <field>=<eval-expression>'.
1142,Distributable Streaming,What constraint applies to the <field> argument of fieldformat?,It must be an internal field,It must already exist prior to the search,It must be numeric,It must be non-wildcarded,D,"<field> as 'The name of a new or existing field, non-wildcarded, for the output of the eval expression.'"
1143,Distributable Streaming,How many <eval-expression> values can you specify with a single fieldformat command?,"Up to two eval-expressions, separated by the AND keyword only","Exactly four eval-expressions, one for each supported data type","As many eval-expressions as needed, comma-delimited between them",Only one; extra formats need separate fieldformat commands,D,'You can specify only one <eval-expression> with the fieldformat command. To specify multiple formats you must use multiple fieldformat commands.'
1144,Distributable Streaming,What type of command is fieldformat?,An orchestrating (search-control) command,A distributable streaming command,A dataset processing command,A generating (event-producing) command,B,'The fieldformat command is a distributable streaming command.'
1145,Distributable Streaming,"Which type of eval function includes md5(X), sha1(X), sha256(X), and sha512(X)?",Informational functions,Conversion functions,Cryptographic functions,Text functions,C,"The table lists md5, sha1, sha256, and sha512 under 'Cryptographic functions'."
1146,Distributable Streaming,"Which type of eval function includes mvappend(X,...), mvcount(MVFIELD), and mvdedup(X)?",Text functions,Statistical eval functions,Multivalue eval functions,Mathematical functions,C,"Mvappend, mvcount, and mvdedup are listed under 'Multivalue eval functions' in the supported functions table."
1147,Distributable Streaming,"In '| fieldformat totalCount=tostring(totalCount, ""commas"")', what does this accomplish?",It removes the totalCount field from the results,It converts totalCount from a string field into a number field,It formats the totalCount values to display with commas,It renames totalCount to a field containing commas in its name,C,This reformats the appearance so 'the values in the totalCount field are formatted to display the values with commas.'
1148,Distributable Streaming,"Which function would you use with fieldformat to display a UNIX time field as only hours, minutes, and seconds, as in ... | fieldformat start_time = <function>(start_time, ""%H:%M:%S"")?",strftime,tostring,relative_time,now,A,"The example shows: '... | fieldformat start_time = strftime(start_time, ""%H:%M:%S"")'."
1149,Distributable Streaming,"In the expression '...| fieldformat totalSales=""$"".tostring(totalSales,""commas"")', what role does the period character play?",An escape character placed just before the dollar sign literal,A decimal separator marking dollars apart from the cents value,"An operator concatenating the literal ""$"" with the tostring result",A field-access operator used to reference a nested subfield,C,"'Use a period character as a binary concatenation operator, followed by the tostring function...'"
1150,Distributable Streaming,What is the primary purpose of the fields command?,To sort search results by field value,To rename fields in the search results,To calculate summary statistics for fields,To keep or remove the listed fields,D,The Description states: 'Keeps or removes fields from search results based on the field list criteria.'
1151,Distributable Streaming,What is the syntax of the fields command?,fields [+|-] <wc-field-list>,fields <wc-field-list> [+|-],fields <field>=<wc-field-list>,fields keep|remove <wc-field-list>,A,The Syntax section lists 'fields [+|-] <wc-field-list>'.
1152,Distributable Streaming,What is the default behavior of the fields command's +/- argument if neither is specified?,All fields are kept regardless of the wc-field-list,"All fields in the wc-field-list are removed, since the default is -","Only the fields in the wc-field-list are kept, since the default is +",The search returns an error requiring an explicit +/- symbol,C,"'Default: +' for the +|- argument, meaning only listed fields are kept by default."
1153,Distributable Streaming,What type of command is fields?,A dataset processing command,An orchestrating (search-control) command,A generating (event-producing) command,A distributable streaming command,D,'The fields command is a distributable streaming command.'
1154,Distributable Streaming,"By default, do the internal fields _raw and _time remain in Splunk Web search results after using the fields command?","Yes, unless you explicitly specify that they should not appear","No, the fields command always strips both _raw and _time","No, internal fields are never displayed regardless of the search","Yes, but only _time is retained, never _raw",A,'the fields command does not remove these internal fields unless you explicitly specify that the fields should not appear in the output in Splunk Web.'
1155,Distributable Streaming,Which search correctly removes all internal fields from the results?,... | fields remove internal,... | fields - _*,... | fields + _*,... | fields - _raw _time,B,The example: '... | fields - _*' to remove all internal fields.
1156,Distributable Streaming,"For the fields command, which internal field should you be cautious about removing, since statistical commands like timechart and chart cannot display date or time information without it?",_raw,_bkt,_time,_indextime,C,"The Note states: 'Be cautious removing the _time field. Statistical commands, such as timechart and chart, cannot display date or time information without the _time field.'"
1157,Distributable Streaming,"For the fields command, how can you display an internal field such as _bkt in results, since it won't display even when explicitly specified?",Use the ++ operator on the fields command to display them all,Add internal=true as an argument to the fields command itself,Place the fields command before any generating command,Copy or rename it to a field without the leading underscore,D,"'To display an internal field in the results, the field must be copied or renamed to a field name that does not include the leading underscore character.'"
1158,Dataset Processing,What does the fieldsummary command calculate?,The percentage of null values across the dataset,A histogram of event counts over time,Summary statistics for all or a subset of fields,The correlation between pairs of numeric fields,C,The Description states fieldsummary 'calculates summary statistics for all fields or a subset of the fields in your events.'
1159,Dataset Processing,What is the syntax of the fieldsummary command?,fieldsummary <wc-field-list> [maxvals=<unsigned_int>] required,fieldsummary field=<wc-field-list> maxvals=<int>,fieldsummary [maxvals=<unsigned_int>] [<wc-field-list>],fieldsummary summarize=<wc-field-list>,C,The Syntax section lists 'fieldsummary [maxvals=<unsigned_int>] [<wc-field-list>]'.
1160,Dataset Processing,What is the default value of the maxvals argument in the fieldsummary command?,0,10,1000,100,D,'Default: 100' for the maxvals argument.
1161,Dataset Processing,What happens when you set maxvals=0 with the fieldsummary command?,"The command returns a syntax error, since 0 is invalid",It automatically reverts to the default of 100,"No distinct values are returned, only field counts",All available distinct values for each field are returned,D,'Set maxvals = 0 to return all available distinct values for each field.'
1162,Dataset Processing,What type of command is fieldsummary?,A generating (event-producing) command,A centralized streaming command,A distributable streaming command,A dataset processing command,D,'The fieldsummary command is a dataset processing command.'
1163,Dataset Processing,"In the output of the fieldsummary command, what does the is_exact field indicate?",Whether the distinct count is exact (1) or approximate (0),Whether the field name matches the wc-field-list exactly or not,Whether the field has zero null values in it,Whether the field contains only numeric values,A,"'Whether or not the field is exact... 1 means it is exact, 0 means it is not,' noting it becomes approximate once distinct values exceed maxvals."
1164,Dataset Processing,What does the numeric_count field represent in fieldsummary's output?,"The count of all values in the field, including nulls",The average of all numeric values in the field,The total number of numeric fields in the dataset,"The count of numeric values in the field, excluding NULLs",D,'The count of numeric values in the field. This would not include NULL values.'
1165,Dataset Processing,How are the values in the 'values' summary field of fieldsummary sorted?,By the order in which the events were indexed in Splunk,Alphabetically by field name only,"Randomly, since sort order is not guaranteed","By highest count, then value in ascending order",D,"'The values are sorted first by highest count and then by distinct value, in ascending order.'"
1166,Centralized Streaming,What does the filldown command do?,Interpolates null values between neighboring non-null values,Replaces null values with a fixed default value of zero,Replaces nulls with the last non-null value for a field or fields,Removes all events containing null field values,C,The Description states: 'Replaces null values with the last non-null value for a field or set of fields.'
1167,Centralized Streaming,What happens with filldown when there are no previous non-null values available for a field?,The search returns an error and fails,The field is filled with zero by default,The event containing the null value is dropped,The field is left blank (NULL),D,"'If there are not any previous values for a field, it is left blank (NULL).'"
1168,Centralized Streaming,"If no field list is given to the filldown command, what fields does it apply to?",Only internal fields beginning with an underscore,No fields; a field list is mandatory,"All fields present in the results, with none excluded",Only the first field in the event,C,"'If no list of fields is given, the filldown command will be applied to all fields.'"
1169,Distributable Streaming,What is the default value used by the fillnull command to replace null values when no value argument is specified?,"An empty string, with zero length","The literal string ""NULL"" in capitals","The number 0, a literal zero value",The negative integer -1,C,The value argument's default is listed as '0' in the Syntax/Optional arguments section.
1170,Distributable Streaming,What is meant by 'null values' in the context of the fillnull command?,Fields containing only whitespace characters,Any field whose literal string value is 'null',Fields that were never indexed by Splunk,Values missing in one result but present in another,D,The Description states: 'Null values are field values that are missing in a particular result but present in another result.'
1171,Distributable Streaming,"If you specify a field-list with fillnull that includes a field that did not previously exist, what happens?",The field is created but left permanently null,The field is silently ignored,The command returns an error,The field is created and populated as specified,D,"'If you specify a field that didn't previously exist, the field is created.'"
1172,Distributable Streaming,What type of command is fillnull depending on whether a field-list is specified?,"Always a generating command, regardless of field-list","Always a distributable streaming command, regardless of field-list",Distributable streaming when a field-list is specified; dataset processing when none is specified,Dataset processing when a field-list is specified; distributable streaming when none is specified,C,"'The fillnull command is a distributable streaming command when a field-list is specified. When no field-list is specified, the fillnull command fits into the dataset processing type.'"
1173,Distributable Streaming,"For a field to be processed by the fillnull command, what condition must it meet in the event set?",It must appear in every single event,It must be explicitly declared in props.conf,It must be numeric,It must have at least one non-null value present,D,"'In order for a field to exist in the schema, it must have at least one non-null value in the event set... downstream commands like the fillnull command can't process it' otherwise."
1174,Distributable Streaming,"In '| makeresults | eval test=""123123"", test2=null() | fillnull value=NULL', why does the test2 field not appear in the results?","Because test2 has no non-null value, so it is nonexistent","Because fillnull only operates on numeric fields, not strings",Because value=NULL is not valid syntax for the fillnull command,Because test2 was excluded by an implicit fields command earlier,A,'the test2 field isn't in the results is that there isn't at least one non-null value for the field in the event set.'
1175,Distributable Streaming,"A search creates test2=if(test1=""123"", null(), ""abc""), expands events with mvexpand, and then runs fillnull value=NULL. Why does fillnull correctly display the NULL string for test2 in this case, when it would not for a field that is null in every event?","Because mvexpand creates multiple events, giving test2 a non-null value",Because null() was replaced with a numeric literal in this search,Because the field-list explicitly names test2 in the command,Because a table command was added before fillnull,A,'This search generates at least one non-null value for each field and shows the expected behavior by setting the null value of the test2 field to the NULL string.'
1176,Distributable Streaming,What value does fillnull use to fill empty cells when it is run with no arguments?,"An empty string, with no characters","The literal string ""NULL""","The literal string ""unknown""","The number 0, the default fill value",D,"With no value specified, fillnull uses its default of 0, as shown filling the empty ACCESSORIES cell with 0."
1177,Distributable Streaming,"For the fillnull command, which search fills all empty field values with the string ""NULL""?",... | eval fillnull=NULL,... | filldown value=NULL,... | fillnull NULL,... | fillnull value=NULL,D,Example 2 search is: '... | fillnull value=NULL'.
1178,Distributable Streaming,"Which search fills only the host and kbps fields with the string ""unknown""?",... | fillnull host=unknown kbps=unknown,... | fillnull value=unknown,... | fillnull value=unknown host kbps,... | fillnull host kbps value=unknown NULL,C,Example 3 search is: '... | fillnull value=unknown host kbps'.
1179,Distributable Streaming,"If you run '... | fillnull value=unknown host kbps bytes' and the bytes field did not previously exist, what happens?",The command fails because bytes doesn't exist,"The bytes field is created and filled with the string ""unknown""",The bytes field is created but left as NULL,The bytes field is ignored since it wasn't in the original results,B,'If you specify a field that does not exist the field is created and the value you specify is added to the new field.'
1180,Distributable Streaming,"Which search fills all empty fields with the string ""NULL"" after building a time series chart with timechart?","sourcetype=""web"" | timechart count by host | filldown value=NULL","sourcetype=""web"" | timechart count by host fillnull=NULL","sourcetype=""web"" | fillnull value=NULL | timechart count by host","sourcetype=""web"" | timechart count by host | fillnull value=NULL",D,"Example 4 search is: 'sourcetype=""web"" | timechart count by host | fillnull value=NULL'."
1181,Distributable Streaming,"Which command fills null values with the last non-null value from a previous result, rather than a fixed value like fillnull does?",filldown,eventstats,rename,makecontinuous,A,filldown replaces null values with the last non-null value in the same field.
1182,Dataset Processing,What does the findtypes command generate?,A list of potential event types from the results,A summary of null and non-null field counts,A list of all field names used in the search,A ranked list of hosts by event volume,A,The Description states: 'Generates suggested event types by taking the results of a search and producing a list of potential event types.'
1183,Dataset Processing,At most how many events does the findtypes command analyze for discovering event types?,10000,5000,50,500,B,"'At most, 5000 events are analyzed for discovering event types.'"
1184,Dataset Processing,"What is the default value of the max argument in the findtypes command, and what does it control?",Default 100; controls the maximum number of event types to return,Default 1; controls the minimum matching events that are required,Default 10; controls the maximum number of events to return,Default 5000; controls the maximum number of events analyzed,C,Max's description as 'The maximum number of events to return' with 'Default: 10'.
1185,Dataset Processing,What is the primary purpose of the folderize command?,To sort search results into alphabetical folders,To split single events into multiple sub-events,To group filenames into broader directories,To create actual directories on disk for exported files,C,"The Description states: 'Creates a higher-level grouping, such as replacing filenames with directories.'"
1186,Dataset Processing,How does the folderize command determine the more generic replacement value for the attr attribute?,"By counting matching events only, with no tokenization",By hashing the original attribute value,"By grouping the attr value with others, tokenized on sep",By randomly assigning a folder ID to each value,C,"Folderize 'Replaces the attr attribute value with a more generic value, which is the result of grouping the attr value with other values from other results, where grouping occurs by tokenizing the attr value on the sep separator value.'"
1187,Dataset Processing,Which argument of the folderize command is required?,sep,size,attr,minfolders,C,"The Syntax is 'folderize attr=<string> [sep=<string>] [size=<string>] [minfolders=<int>] [maxfolders=<int>]', where only attr is outside brackets."
1188,Dataset Processing,What is the default separator (sep) value used by the folderize command?,/,::,A hyphen,A comma,B,'sep ... Default: ::'.
1189,Dataset Processing,"What is the default value of the size argument in folderize, which supplies a name for the folder's size field?",memberCount,groupSize,totalCount,count,C,'size ... Default: totalCount'.
1190,Dataset Processing,What are the default minimum and maximum number of folders the folderize command will group results into?,"minfolders=0, maxfolders=100","minfolders=1, maxfolders=10","minfolders=5, maxfolders=50","minfolders=2, maxfolders=20",D,'minfolders ... Default: 2' and 'maxfolders ... Default: 20'.
1191,Dataset Processing,"In the search 'index=_internal | stats count(uri) by uri | folderize size=count(uri) attr=uri sep=""/""', what character is used to tokenize the uri values?",.,/,-,::,B,"The example explicitly sets sep=""/"" to tokenize the URI strings."
1192,Introduction,What does the search '... | dedup host' do?,Removes the host field from every event in the results,Counts the events for each host and returns the totals,Sorts the events by host in ascending order,Keeps the first event per distinct host,D,"dedup removes duplicate results, keeping the first event for each distinct value of the specified field."
1193,Distributable Streaming,What three types of elements can the foreach command iterate over in a subsearch template?,"Each distinct value pair, each subsearch depth level, and each time bucket","Fields in a wildcard list, values in a multivalue field, or a JSON array field","Each row in a lookup table, each saved search, and each dashboard panel","Each event, each index, and each sourcetype",B,'Each field in a wildcard field list; Each value in a single multivalue field; A single field representing a JSON array.'
1194,Distributable Streaming,What is the required syntax structure of the foreach command?,foreach mode=(...) <field-list> [options] <subsearch> [sub-options],foreach <subsearch> mode=(...) <field-list>,foreach [<mode-options>] <subsearch> mode=(...) <field-list>,foreach <field-list> [<subsearch-options>] mode=(...),A,"The Syntax block lists mode, then the field list/field, then mode-options, subsearch, and subsearch-options in that order."
1195,Distributable Streaming,With which foreach mode can you use the wildcard-field-list argument?,multifield mode only,multivalue mode only,All modes equally,json_array mode only,A,'You can use this argument only with the multifield mode.'
1196,Distributable Streaming,"If no mode is specified for the foreach command, which mode does it default to?",json_array,multivalue,multifield,auto_collections,C,"'If a mode is not specified, the foreach command defaults to the mode for multiple fields, which is the multifield mode.'"
1197,Distributable Streaming,"Which foreach mode dynamically iterates over a JSON array or multivalue field depending on which is present, so you don't need to know in advance which type your functions return?",the json_array mode,the auto_collections mode,the multivalue mode,the multifield mode,B,"Auto_collections mode: 'Dynamically iterates over a JSON array or multivalue field depending on which element is present in the search. When you use this mode, you don't need to know whether your functions return JSON arrays or multivalue fields.'"
1198,Distributable Streaming,"In contrast to multifield mode, which of the following foreach modes can only be used with the eval command?",Only the json_array mode is restricted to eval,"auto_collections, multivalue, and json_array modes",multifield mode only,None of the modes are restricted to eval,B,"For auto_collections, multivalue, and json_array modes: 'can only be used with the eval command,' while multifield 'can be used with any streaming command.'"
1199,Distributable Streaming,"Which foreach mode can be used with any streaming command, rather than being restricted to eval?",json_array,multivalue,multifield,auto_collections,C,'The multifield mode can be used with any streaming command.'
1200,Distributable Streaming,What type of command is foreach?,An orchestrating (search-control) command,A dataset processing command,A generating (event-producing) command,A streaming command,D,'The foreach command is a streaming command.'
1201,Distributable Streaming,The foreach command with mode=multifield supports searches using which commands?,Only generating commands,Any streaming command,Only the eval command,Only the stats command,B,'The foreach command with mode=multifield supports searches with any streaming command.'
1202,Distributable Streaming,"The foreach command with mode=auto_collections, mode=multivalue, or mode=json_array only supports searches that use which command?",The table command,The eval and stats commands together,The eval command,The stats command,C,'The foreach command with all other modes... only supports searches with the eval command.'
1203,Distributable Streaming,"For the foreach command, in multifield mode, what does the default <<FIELD>> template value represent?",Only the wildcard-matched portion of the field name,The first segment before the first wildcard,The whole field name,An iterator index number,C,The template value table lists: 'fieldstr <<FIELD>> The whole field name. multifield'.
1204,Distributable Streaming,"For the foreach command, in multifield mode, what does the default <<MATCHSTR>> template value represent?",The part of the field name matching the wildcard,The number of wildcard matches found across all the fields,"The whole field name, including any prefix or suffix",The separator character that is used in the field names,A,The template value table lists: 'matchstr <<MATCHSTR>> The part of the field name that matches the wildcard values in the wildcard field. multifield'.
1205,Distributable Streaming,"For the foreach command, what does the default <<ITEM>> template value match, and with which modes is it used?",Each element of a multivalue or JSON array field; used by the three collection modes,The full JSON object being iterated over; used only with json_array mode,The zero-based index position of the matched field element; used only with multifield mode,Each field name in a wildcard list; used only with multifield mode,A,"The template value table lists: 'itemstr <<ITEM>> Matches each element in a multivalue field or JSON array. auto_collections, multivalue, json_array'."
1206,Distributable Streaming,"For the foreach command, what is the purpose of the default <<ITER>> template value?",A placeholder for the total count of items in the array,A placeholder for a zero-based index in a multivalue field or JSON array,A placeholder for the field name being iterated,A placeholder for the separator character used between array items,B,Iterstr's <<ITER>> as matching 'each number in a multivalue field or JSON array. Use as a placeholder for a zero-based iterator...'
1207,Distributable Streaming,What is the purpose of the fieldstr option in foreach's multifield mode?,It specifies which streaming command is placed after foreach,It customizes the string that replaces the <<FIELD>> template,It sets the separator used between multivalue elements,It defines the maximum number of fields to iterate over,B,'fieldstr ... A customizable string that replaces the <<FIELD>> template value with the name that you specify.'
1208,Distributable Streaming,Why should you avoid using the matchstr option together with any matchseg* option in foreach?,Because matchstr and matchseg* options are functionally identical,Because matchseg* options silently override the matchstr setting,Because Splunk syntax only allows one option per foreach command,Because using them together can cause unpredictable results,D,"This warning multiple times: 'To avoid unpredictable results in searches, do not use the matchstr option with any matchseg* options.'"
1209,Distributable Streaming,What does the itemstr option let you do in the foreach command?,Limit the number of items processed per iteration,Redefine the placeholder for the <<ITEM>> template value,Set the default separator for multivalue output,Redefine the wildcard pattern used to match fields,B,'The itemstr option lets you redefine the placeholder for the item.'
1210,Distributable Streaming,What does the iterstr option let you redefine in the foreach command?,The name of the subsearch that foreach runs,The separator between rows of the output table,The placeholder for the item value in the eval,The iterator placeholder: count or index,D,"'The iterstr option lets you redefine the placeholder for the iterator, which is the count or index.'"
1211,Distributable Streaming,"For the foreach command, in multifield mode, which part of a matching field name does the default <<MATCHSEG1>> template value represent?",The segment of the field name that matches the first wildcard,The separator character between segments,The entire matched field name,The segment of the field name that matches the last wildcard,A,<<MATCHSEG1>> as a replacement 'for the segment of the field name that matches the first segment before the first wildcard.'
1212,Distributable Streaming,In which foreach modes are the <<ITEM>> and <<ITER>> template values available?,"Only in multifield mode, not the others","In all four modes, including multifield",In all modes except multifield,"Only in json_array mode, not the others",C,These template values 'are available with all modes except the multifield mode.'
1213,Distributable Streaming,"For the foreach command, when field names contain nonalphanumeric characters such as dashes or underscores, how should the <<FIELD>> template value be written on the right side of the eval command in the subsearch?",Enclosed in double quotation marks,Enclosed in single quotation marks,Preceded by a backslash escape character,Wrapped in square brackets,B,'enclose the <<FIELD>> template value in single quotation marks on the right side of the eval command portion of the search to avoid unpredictable results.'
1214,Distributable Streaming,"If you need to include multiple eval statements with the foreach command, which mode must you use?",the multifield mode,the json_array mode,the multivalue mode,the auto_collections mode,A,"'If you need to include multiple eval statements with the foreach command, use the default multifield mode.'"
1215,Distributable Streaming,"In foreach searches using multivalue mode or json_array mode, how many eval statements are permitted in the search pipeline?","Unlimited eval statements, as long as each uses <<ITEM>>","Exactly two eval statements, one for each mode requirement listed","Only one eval statement, though it may have several assignments",Zero — eval statements are not permitted in these modes,C,"'your searches on multivalue fields or JSON arrays must contain only a single eval statement in the pipeline. However, your eval statement can include as many assignments as you want.'"
1216,Distributable Streaming,Do the multivalue and json_array modes of foreach support wildcards in search expressions the way multifield mode does?,"Yes, but only a single trailing wildcard is supported","No, these modes treat a wildcard as part of the field name literally","Yes, wildcards work identically across all modes","No, using a wildcard causes an immediate search error in these two modes",B,"'Unlike multifield mode, the modes for multivalue fields and JSON arrays don't support wildcards in search expressions. Instead, these modes treat a wildcard as part of the field name.'"
1217,Distributable Streaming,What type consistency is required for the elements used in a foreach multivalue or JSON array eval expression?,Elements must alternate between string and number types,There is no type requirement; any mix of types is allowed,Elements in the subsearch and eval expression must share one type,Elements must always be converted to strings before evaluation,C,'Elements in a subsearch and the eval expression must be of the same type as either strings or numbers.'
1218,Distributable Streaming,"Why does the search '| foreach json_array(1, 2, ""hello"") [eval total = total + <<ITEM>>]' result in an error?",Because foreach requires at least four elements in the array,Because <<ITEM>> is not a valid template value for json_array mode,Because adding a number to a string isn't allowed,Because json_array cannot contain string literals at all,C,This search 'results in an error because adding a number to a string isn't allowed.'
1219,Distributable Streaming,"A search uses 'foreach www* [eval total=total + <<FIELD>>]'. For a row where www1=3000 and www2=750, what is the resulting total?",3750,3000,750,3750.5,A,"The results table shows the SIMULATION row with www1=3000, www2=750, and total=3750."
1220,Distributable Streaming,"With test1=1, test2=2, and test3=3, what is the final value of total after running 'foreach test* [eval total=total + <<FIELD>>]' starting from total=0?",0,3,5,6,D,'The final total after all of the test fields are processed is 6.'
1221,Distributable Streaming,"When '... | foreach test* [eval total=total + <<FIELD>>]' iterates over test1=1, test2=2, and test3=3 with total starting at 0, what is the total field's start value at the second iteration (processing test2)?",3,2,0,1,D,"The iteration table shows row 2 (test2): 'total field start value' = 1, then '1+2=3'."
1222,Distributable Streaming,"Which eval-based search is equivalent to '| makeresults | foreach name price category [eval <<FIELD>> = ""<<FIELD>>""]'?","| makeresults | eval name=""name"" price=""price"" category=""category""",| makeresults | fields name price category,| makeresults | foreach mode=multivalue name price category,"| makeresults | eval name=price=category=""field""",A,"This foreach search 'is equivalent to this search that uses the eval command: | makeresults | eval name=""name"" | eval price=""price"" | eval category=""category""'."
1223,Distributable Streaming,A search has one field per sourcetype holding daily license usage in bytes. What does '| foreach * [eval <<FIELD>>='<<FIELD>>'/1024/1024/1024]' calculate for each field?,The daily license usage converted from bytes to megabytes,The daily license usage converted from bytes to gigabytes,The running cumulative total of license usage over 30 days,The percentage of total license usage per sourcetype,B,Dividing by 1024 three times converts bytes to gigabytes; this as calculating 'the daily license usage in gigabytes for each field.'
1224,Distributable Streaming,"Given 'eval test1 = 5, test2 = 10' followed by 'foreach test* [eval <<FIELD>> = <<FIELD>> + <<MATCHSTR>>]', what is the resulting value of test1?",1,10,6,5,C,"'for the test1 field, 5 + 1 = 6.'"
1225,Distributable Streaming,"Given 'eval test1ab2=5, test2ab3=10' followed by 'foreach test*ab* fieldstr=MYFIELD matchseg1=SEG1 matchseg2=SEG2 [eval MYFIELD = MYFIELD + SEG1 + SEG2]', what is the resulting value of test1ab2?",3,5,8,15,C,'The value of the test1ab2 field in the search results is 8 because 5 + 1 + 2 = 8.'
1226,Distributable Streaming,"Given 'eval mvfield=mvappend(""1"",""2"",""3""), total=0' followed by 'foreach mode=auto_collections [eval total = total + <<ITEM>>]', what is the final value of total?",3,0,123,6,D,Results table for this example shows total=6.
1227,Distributable Streaming,"A search uses foreach in multivalue mode over student_grades=mvappend(""50"", ""100"", ""30"") to compute a sum and a count. What is the calculated average?",180,50,3,60,D,"Results table shows average=60, sum=180, count=3 (180/3=60)."
1228,Distributable Streaming,"Given 'eval jsonfield=json_array(1,2,3), total=0' followed by 'foreach mode=json_array jsonfield [eval total = total + <<ITEM>>]', what is the resulting total?",6,1,3,123,A,"Results table shows jsonfield=[1, 2, 3] with total=6."
1229,Distributable Streaming,"In a foreach subsearch that builds employees_array from the multivalue employees field, which function appends each <<ITEM>> to the array?",json_object,mvappend,json_append,json_extract,C,"The subsearch is: '[eval employees_array=json_append(employees_array, """", <<ITEM>>)]'."
1230,Distributable Streaming,"In a foreach subsearch that builds ID_array by appending values, which function pulls each employee's ID out of a JSON object field IDs, as in json_append(ID_array, """", <function>(IDs, <<ITEM>>))?",json_array,mvindex,json_extract,json_append,C,"The subsearch is: '[eval ID_array=json_append(ID_array, """", json_extract(IDs, <<ITEM>>))]', using json_extract to retrieve each ID."
1231,Distributable Streaming,"If price=json_array(1,2,3,4) and each element is doubled with foreach, what does the resulting double_price array contain?","[2,4,6,8]","[1,2,3,4]","[2,4,6,8,10]","[0.5,1,1.5,2]",A,"Results table shows double_price=[2,4,6,8] and price=[1,2,3,4]."
1232,Distributable Streaming,"A search uses foreach over grades=json_array(1,2,3,4) to compute a sum, and then divides each grade by that sum to build a weight array. What sum does the first foreach loop compute?",24,10,4,1,B,"Results table shows sum=10 and weight=[0.1,0.2,0.3,0.4] for grades=[1,2,3,4]."
1233,Distributable Streaming,"A search iterates over a multivalue field of letters (A, B, C, ...) using foreach with mvindex and <<ITER>> to concatenate each letter with its index number. What value does word_and_num contain for the third element (index 2, letter C)?",B1,2C,D3,C2,D,"The results table shows row index 2: word=C, and word_and_num=C2."
1234,Distributable Streaming,When should you use foreach's multifield mode versus its multivalue mode?,There is no functional difference between them; the mode names are interchangeable,multifield mode is only for JSON arrays; multivalue mode is only for wildcard field lists,multifield iterates across matching fields per row; multivalue iterates values in one field,multifield mode requires the eval command; multivalue mode works with any streaming command available,C,"Multifield mode is used 'To obtain results across multiple fields in each result row,' while multivalue mode is used 'To iterate over multiple values within a single row's field.'"
1235,Distributable Streaming,"In foreach, which template values are associated specifically with multifield mode (as opposed to auto_collections, multivalue, or json_array mode)?","<<FIELD>>, <<MATCHSTR>>, <<MATCHSEG1>>, <<MATCHSEG2>>, and <<MATCHSEG3>>","<<ITEM>> and <<ITER>> only, along with <<FIELD>> in every collection mode","<<FIELD>> and <<ITEM>> only, plus <<ITER>> when used with json_array mode","<<MATCHSTR>>, <<MATCHSEG1>>, <<MATCHSEG2>>, and <<ITER>> only",A,"The option table lists fieldstr, matchstr, matchseg1, matchseg2, and matchseg3 as all being associated with 'multifield' mode only."
1236,Dataset Processing,What does the format command do with the results of a subsearch?,Filters the results down to unique values only,Sorts the results and outputs them as a table,Converts the results into JSON format,"Puts results into one result, in field 'search'",D,"The Description states format 'takes the results of a subsearch, formats the results into a single result and places that result into a new field called search.'"
1237,Dataset Processing,The format command performs functions similar to which other command?,The return command,The eval command,The table command,The from command,A,'The format command performs similar functions as the return command.'
1238,Dataset Processing,"What is the default value for mvsep, the separator for multivalue fields, in the format command?","OR, the default keyword separator","AND, the logical opposite keyword",A single pipe character used as separator,A single comma character used as separator,A,'mvsep ... Default: OR'.
1239,Dataset Processing,"What is the default value of the maxresults argument in the format command, and what does it mean?","10, meaning only the first 10 results are formatted","1, meaning only a single result is ever formatted","0, meaning there is no limit on the results returned","100, which is the maximum that Splunk allows by default",C,"'maxresults ... Default: 0, which means no limitation on the number of results returned.'"
1240,Dataset Processing,What are the default row prefix and column prefix characters used by the format command?,"""("" for row prefix and ""["" for column prefix","The open bracket character ""["" for both","The open parenthesis character ""("" for both",An empty string for both,C,"The default for both <row prefix> and <column prefix> as 'The open parenthesis character ""(""'."
1241,Dataset Processing,What is the default value used for the column separator in the format command?,A comma,AND,OR,&&,B,'<column separator> ... Default: AND'.
1242,Dataset Processing,What is the default value used for the row separator in the format command?,||,OR,AND,A semicolon,B,'<row separator> ... Default: OR'.
1243,Dataset Processing,What does the emptystr argument of the format command control?,The prefix added to every row when results are empty,Whether the format command runs at all on empty result sets,The character used to separate empty values in multivalue fields,The value output instead of the default empty string,D,Emptystr is 'The value that the format command outputs instead of the default empty string NOT( ) if the results generated up to that point are empty.'
1244,Dataset Processing,"For the format command, what is the default output value when a search's results are empty and emptystr has not been customized?","An empty string """"",NOT( ),NULL,0,B,'emptystr ... Default: NOT( )'.
1245,Dataset Processing,"By default, when no optional row and column arguments are specified, what does the output of the format command default to?","""("" ""("" ""AND"" "")"" ""OR"" "")""","""{"" ""{"" ""OR"" ""}"" ""AND"" ""}""",An empty string with no delimiters,"""["" ""["" ""&&"" ""]"" ""||"" ""]""",A,"'the output of the format command defaults to: ""("" ""("" ""AND"" "")"" ""OR"" "")"".'"
1246,Dataset Processing,What must you do if you want to specify row or column options for the format command?,Specify only the column separator; the rest are inferred,First disable the implicit format at the end of the subsearch,Specify only the row prefix and leave the rest at default,Specify all of the row and column options,D,"'If you want to specify a row or column options, you must specify all of the row and column options.'"
1247,Dataset Processing,"Compared to the default delimiters, which custom delimiters does the search '... | format ""["" ""["" ""&&"" ""]"" ""||"" ""]""' produce?",The default delimiters are unchanged; only mvsep is customized,"Curly braces for row/column prefix and end, AND for column separator, OR for row separator","Square brackets for row/column prefix and end, && for column separator, || for row separator","Parentheses for row/column prefix, comma for column separator",C,"The search substitutes square brackets for the prefixes/ends, && for the column separator, and || for the row separator."
1248,Dataset Processing,"In the 'emptystr in a subsearch as a failsafe' example, why is emptystr set to ""splunkd"" in the subsearch '[search index=does_not_exist | head 1 | fields sourcetype | format emptystr=""splunkd""]'?",To force the subsearch to always search the _internal index regardless of what's specified,So a subsearch with no results still lets the outer search return results,"Because ""splunkd"" is the only valid value the format command accepts for emptystr","To rename the sourcetype field to ""splunkd"" in the output",B,"This lets you set emptystr 'to a default source type that you know is always present, such as splunkd,' so the outer search 'return[s] some results that you can use for further filtering' instead of nothing."
1249,Generating,What does the from command retrieve data from?,Only CSV lookup files,Only data models created with the Data Model Editor,"A dataset: data model, lookup, saved search, or table",Only saved searches that have been scheduled,C,"The Description states: 'The from command retrieves data from a dataset, such as a data model dataset, a CSV lookup, a KV Store lookup, a saved search, or a table dataset.'"
1250,Generating,What is the syntax of the from command?,| from <dataset_type>:<dataset_name> | <dataset_type> <dataset_name>,from dataset=<dataset_type> name=<dataset_name> required,| from <dataset_name>:<dataset_type> reversed order,| from [<dataset_type>] <dataset_name> as a required argument,A,The Syntax section shows: '| from <dataset_type>:<dataset_name> | <dataset_type> <dataset_name>'.
1251,Generating,What are the valid values for <dataset_type> in the from command?,"datamodel, index, and sourcetype","report, alert, and dashboard","lookup, csv, and kvstore","datamodel, lookup, and savedsearch",D,"'Valid values are: datamodel, lookup, and savedsearch.'"
1252,Generating,"Between <dataset_type> and <dataset_name> in the from command's syntax, which separator(s) can be used?",Either a colon (:) or a space,A comma character only,"Only a colon character, never a space","Only a space character, never a colon",A,'You can specify a colon (:) or a space between <dataset_type> and <dataset_name>.'
1253,Generating,"For the from command, for a datamodel dataset_type, what is the required syntax for dataset_name?",<datamodel_name>:<dataset_name>,<datamodel_name>.<dataset_name>,<dataset_name>.<datamodel_name>,"Just the dataset_name alone, without the data model name",B,"'If the dataset_type is a data model, the syntax is <datamodel_name>.<dataset_name>.'"
1254,Generating,What type of command is from?,A dataset processing command only,"A distributable streaming command only, never generating",A report- or event-generating command,An orchestrating command only,C,'The from command is a generating command. It can be either report-generating or event-generating depending on the search or knowledge object that is referenced by the command.'
1255,Generating,"By default, when searching a data model with the from command, what fields are returned?",Only the default fields and fields in the constraint search,Only fields that have numeric data types in the model,Only fields marked required in datamodel.conf,All fields ever indexed in any sourcetype used by the data model,A,'by default the search returns a strictly-filtered set of fields. It returns only default fields and fields that are explicitly identified in the constraint search that defines the data model.'
1256,Generating,"What setting can you add to a data model's stanza in datamodel.conf to disable field filtering, so that | from returns all related fields?",strict_fields=false,allow_all_fields=true,strict_fields=true,field_filter=none,A,'you can disable field filtering for specific data models by adding the strict_fields=false setting to their stanzas.'
1257,Generating,"Besides being the first command in a search, in which other command can you use the from command?",Inside the format command,Inside the append command,Inside the eval command,Inside the fields command,B,"'Generating commands use a leading pipe character and should be the first command in a search. However, you can use the from command inside the append command.'"
1258,Generating,"If you are concerned about the number and frequency of searches run against a scheduled search, which command can you use instead of the from command to retrieve the saved search results?",The datamodel command,The loadjob command,The return command,The inputlookup command,B,"'Alternatively, you can use the loadjob command instead of the from command in conjunction with a scheduled search if you are concerned about the number and frequency of searches...'"
1259,Distributable Streaming,What does the fromjson command do?,Validates whether a string is properly formatted JSON,Converts multivalue fields into a single JSON object,Removes all JSON formatting characters and brackets from a string field,"Converts JSON objects into multivalue fields, keys as field names",D,"The Description states: 'Converts JSON-formatted objects into multivalue fields. If you give the fromjson command a single field name that points to proper JSON objects, fromjson returns keys as fields and key values as field values.'"
1260,Distributable Streaming,What does the optional prefix argument of fromjson do?,Restricts extraction to only fields beginning with that prefix,Prepends a string to fields that fromjson extracts,Sets the JSON key used to identify the root object,Appends a string to the end of extracted field values,B,'prefix ... Prepends a string to the fields that fromjson extracts from a JSON-formatted object.'
1261,Distributable Streaming,What type of command is fromjson?,An orchestrating (search-control) command,A streaming command,A generating (event-producing) command,A dataset processing command,B,"'The fromjson command is a streaming command, which means that it turns JSON-formatted objects into fields as each JSON object is received.'"
1262,Distributable Streaming,"Which field names appear in the results of '| eval object=json_object(""name"", ""Albert"", ""age"", 63) | fromjson object prefix=my_'?",name and age,my_age and my_name,object_name and object_age,extracted_name and extracted_age,B,"Results table for this example shows the fields _time, my_age, my_name, and object."
1263,Distributable Streaming,What happens to a nested JSON object such as another_json_object when fromjson expands the outer object?,It is flattened into two new separate top-level fields called school and city in the results,"It causes fromjson to throw an error, since nesting is not supported by it","It stays as JSON, appearing as {""school"":""city""} in the another_json_obj field",It is converted into a multivalue field with two separate values in it,C,"You 'can retain the formatting of JSON objects by nesting them within the main object,' and the results table shows another_json_obj as {""school"":""city""}."
1264,Transforming,What does the gauge command transform search results into?,A choropleth map format,A format usable with gauge charts,A time series format for use with timechart,A JSON array format for use with foreach,B,The Description states: 'Use the gauge command to transform your search results into a format that can be used with the gauge charts.'
1265,Transforming,The output of the gauge command is a single numerical value stored in a field called what?,A field literally named gauge,A field literally named y1,A field literally named x,A field literally named value,C,'The output of the gauge command is a single numerical value stored in a field called x.'
1266,Transforming,What is the default range used by the gauge command if no range values are specified?,0 to 1,1 to 1000,0 to 100,-100 to 100,C,'You can specify a range to display in the gauge or use the default range of 0 to 100.'
1267,Transforming,"If you specify a numeric field (rather than a literal number) as the value argument for gauge, which value from that field is used?",The maximum value in that field,The last value in that same field,The first value in that field,The average of all values in that field,C,"'If you specify a numeric field, the gauge command uses the first value in that field as the value for the gauge.'"
1268,Transforming,What happens if you specify only a single range value with the gauge command instead of two or more?,"It defaults to being treated as the maximum, with 0 as the minimum",The search returns an error requiring at least two values,It is used as both the minimum and maximum,The single range value is ignored,D,"'If a single range value is specified, it is ignored.'"
1269,Generating,What does the gentimes command generate?,"Timestamps starting at the exact start time, non-overlapping",A histogram chart of events per time bucket,A list of all indexes containing events within a time range,A random sample of timestamps within a range,A,"The Description states: 'Generates timestamp results starting with the exact time specified as start time. Each result describes an adjacent, non-overlapping time range as indicated by the increment value.'"
1270,Generating,Does the gentimes command include the end time value itself in its generated results?,"No, gentimes generates events up to, but not including, the end time","Yes, but only when the increment is set to days or longer","Yes, the end time is always included as a final result at the end of the series",No results are generated at all unless the end time is included explicitly,A,"'The gentimes command generates events up to the end time, but not including the end time.'"
1271,Generating,Which argument of the gentimes command is required?,start,end,increment,max,A,"The Syntax is '| gentimes start=<timestamp> [end=<timestamp>] [increment=<increment>]', with start outside brackets as required."
1272,Generating,What is the default value for the end argument of gentimes if it is not specified?,There is no default; end must always be specified,24 hours after the start time,The current exact time,"Midnight, prior to the current time in local time",D,"'end ... Default: midnight, prior to the current time in local time.'"
1273,Generating,What is the default increment value for the gentimes command?,7d,1h,1s,1d,D,'increment ... Default: 1d.'
1274,Generating,Which time increments does the increment argument of the gentimes command support?,"Seconds, minutes, hours, and days",Only days,"Minutes, hours, days, and months","Seconds, minutes, hours, days, and weeks",A,"'Supported increments are seconds, minutes, hours, and days.'"
1275,Generating,What type of command is gentimes?,A distributable streaming command,An event-generating command,A report-generating command,A dataset processing command,B,'The gentimes command is an event-generating command.'
1276,Generating,The gentimes command does not support a week increment. How can you generate weekly time ranges?,By running gentimes seven separate times with increment=1d,Weekly ranges cannot be generated with gentimes under any circumstances,By specifying increment=1w,By specifying increment=7d,D,"'Although the week increment is not supported, you can generate a weekly increment by specifying increment=7d.'"
1277,Distributable Streaming,"What field does the geom command add to each result, and what does it contain?",A field named bbox containing the bounding box coordinates,A field named featureId containing the name of the matched geographic feature,A field named shape containing latitude/longitude pairs,A field named geom containing geographic data structures for polygon geometry in JSON,D,"The Description states: 'The geom command adds a field, named geom, to each result. This field contains geographic data structures for polygon geometry in JSON.'"
1278,Distributable Streaming,The geographic data structures added by the geom command are used to create which type of visualization?,Scatter plot visualizations,Choropleth map visualizations,Sankey diagram visualizations,Gauge chart visualizations,B,'These geographic data structures are used to create choropleth map visualizations.'
1279,Distributable Streaming,"For the geom command, which two geographic lookup files are included by default with Splunk software?",geo_us_counties and geo_world_regions,geo_states_us and geo_nations_all,geo_us_states and geo_countries,geo_world_map and geo_regions_all,C,'Two geographic lookup files are included by default with Splunk software: geo_us_states and geo_countries.'
1280,Distributable Streaming,"Besides the default lookups, from what file formats can you install your own geographic lookups for use with geom?",JSON or XML files,CSV or TSV files,GeoTIFF or shapefile formats,KMZ or KLM files,D,'You can install your own geographic lookups from KMZ or KLM files.'
1281,Distributable Streaming,What does the allFeatures argument of the geom command do?,Merges all features into a single combined geometric shape,Restricts the output to only features that have non-zero aggregate values,"Includes every feature, appending rows for any not already present",Removes any features that don't match the featureIdField setting,C,AllFeatures 'Specifies that the output include every geometric feature in the feature collection... Additional rows are appended for each feature that is not already present in the search results when this argument is used.'
1282,Distributable Streaming,What is the default value of the allFeatures argument in the geom command?,false,There is no default; it must be specified,0.1,true,A,'allFeatures ... Default: false'.
1283,Distributable Streaming,"When a shape has no values and allFeatures is used with geom, what do aggregate fields such as average or count display?",Zero,"The value ""unknown""",NULL,They are omitted from the row entirely,A,"'When a shape has no values, any aggregate fields, such as average or count, display zero when this argument is used.'"
1284,Distributable Streaming,What does the featureIdField argument of geom let you specify?,The field holding featureId values when not named featureId,The lookup file that supplies the geographic boundaries and shapes,The name of the output field where the geographic data is stored,The maximum number of features that can be matched in a search,A,"'If the event contains the featureId in a field named something other than ""featureId"", use this option to specify the field name.'"
1285,Distributable Streaming,"What does the gen argument of geom control, and what is its default value?",The number of recursive simplification generations; default 1,The generation timestamp of the lookup file; default is the current time,Whether to overwrite the existing geom field; default true,Generalization (reduction of geometry size) in the units of the data; default 0.1,D,"'gen ... Specifies generalization, in the units of the data. For example, gen=0.1 generalizes... Default: 0.1'."
1286,Distributable Streaming,Which algorithm does the geom command run on the polygons to perform generalization based on the gen parameter?,The Kalman filter algorithm,The Douglass Puiker Ramer algorithm,The Dijkstra shortest-path algorithm,The Ramer-Voronoi algorithm,B,"'gen=0.1 generalizes, or reduces the size of, the geometry by running the Douglass Puiker Ramer algorithm on the polygons with a parameter of 0.1 degrees.'"
1287,Distributable Streaming,What are the default values and valid ranges for the min_x and max_x arguments of geom?,"min_x defaults to -180, max_x defaults to 90","min_x defaults to -90, max_x defaults to 90, both within the range -90 to 90","min_x defaults to -180, max_x defaults to 180, both within the range -180 to 180","min_x defaults to 0, max_x defaults to 360",C,Min_x's 'range for the coordinate is -180 to 180... Default: -180' and max_x's 'range for the coordinate -180 to 180... Default: 180'.
1288,Distributable Streaming,What are the default values and valid ranges for the min_y and max_y arguments of geom?,"min_y defaults to -180, max_y defaults to 180","min_y defaults to 0, max_y defaults to 180","min_y defaults to -90, max_y defaults to 180",min_y defaults to -90 and max_y to 90,D,Min_y's 'range for the coordinate is -90 to 90 ... Default: -90' and max_y's 'range is -90 to 90. Default: 90'.
1289,Distributable Streaming,"When no optional arguments are specified for the geom command, which two fields does it look for in the event?",the shape field and the boundary field,featureCollection and featureIdField,the lat field and the long field,the geom field and the geoJSON field,B,"'When no arguments are specified, the geom command looks for a field named featureCollection and a field named featureIdField in the event.'"
1290,Distributable Streaming,"In transforms.conf, what setting must be set in a lookup stanza to configure it as a geospatial lookup for use with geom?",lookup_type=geospatial,external_type=geo,external_type=kmz,geo_enabled=true,B,'Set external_type=geo in the stanza.'
1291,Distributable Streaming,"What are the min_x, min_y, max_x, and max_y arguments of the geom command used for?",To specify the color range of the map legend,To set the default zoom level of the resulting choropleth map,To define the resolution of the generated JSON structure,To clip the geometry using a bounding box,D,"'The min_x, min_y, max_x, and max_y arguments are used to clip the geometry. Use these arguments to define a bounding box for the geometric shape.'"
1292,Distributable Streaming,"In '... | geom geo_us_states featureIdField=""state""', what does the featureIdField argument specify?",The bounding box coordinate system used for the state boundaries,That only the state of California should be mapped,"That the lookup file used is named ""state"" instead of geo_us_states","That feature IDs are in a field named ""state"", not the default ""featureId""",D,"'Use the featureIdField argument when the event contains the feature IDs in a field named something other than ""featureId"".'"
1293,Distributable Streaming,What does the geomfilter command do?,Adds a geom field containing polygon geometry to each result,Specifies points of a bounding box for clipping choropleth maps,Filters out events with missing geographic coordinates,Converts JSON geometry into multivalue fields,B,The Description states: 'Use the geomfilter command to specify points of a bounding box for clipping choropleth maps.'
1294,Distributable Streaming,What is the default value and valid range for the min_x argument of geomfilter?,"Default -180, range [-180, 180]","Default 0, range [-180, 180]","Default -180, range [-90, 90]","Default -90, range [-90, 90]",A,"'min_x ... The x coordinate of the bounding box's bottom-left corner, in the range [-180, 180]. Default: -180.'"
1295,Distributable Streaming,What is the default value and valid range for the min_y argument of geomfilter?,"Default -90, range [-90, 90]","Default -180, range [-180, 180]","Default 90, range [-90, 90]","Default 0, range [-90, 90]",A,"'min_y ... The y coordinate of the bounding box's bottom-left corner, in the range [-90, 90]. Default: -90.'"
1296,Transforming,"For the geostats command, in the geomfilter command, what is the default value of max_x for the bounding box?",180,45,90,-180,A,"The default for max_x as 180, the x coordinate range being [-180, 180]."
1297,Transforming,"For the geostats command, in the geomfilter command, what is the default value of max_y for the bounding box?",45,-90,90,180,C,"The default is max_y=90, the y coordinate range being [-90, 90]."
1298,Transforming,"For the geostats command, what happens to points that fall outside the bounding box specified in geomfilter?","They are grouped into an ""OTHER"" category",They are marked as low-confidence,They are snapped to the nearest edge,They are filtered out,D,"""Points that fall outside of the bounding box will be filtered out."""
1299,Transforming,What is the primary purpose of the geostats command?,To convert IP addresses into latitude and longitude fields,To filter and constrain events to a defined geographic bounding box area,To generate map-ready geographic statistics,To extract key-value pairs from geographic form templates,C,"""Use the geostats command to generate statistics to display geographic data and summarize the data on maps."""
1300,Transforming,What are events clustered by when using the geostats command?,Latitude and longitude fields,IP address and hostname fields,"Timezone and region fields, as configured",City and country name text fields,A,"Events ""are clustered based on latitude and longitude fields in the events."""
1301,Transforming,What is the default value of the binspanlat argument in geostats?,45.0,33,22.5,90,C,The default for binspanlat as 22.5.
1302,Transforming,What is the default value of the binspanlong argument in geostats?,22.5,33,45.0,8.0,C,The default for binspanlong as 45.0.
1303,Transforming,"If the default values for binspanlat and binspanlong are used in geostats, what grid size is generated?",10x10,16x16,4x4,8x8,D,Using the default binspanlat and binspanlong values generates a grid size of 8x8.
1304,Transforming,What does the globallimit argument control in the geostats command?,The number of zoom levels created in the quadtree,The number of named categories added to each pie chart,The number of bins generated at the lowest zoom level,The maximum number of events read from the source data,B,"Globallimit ""controls the number of named categories to add to each pie chart,"" with the rest grouped under an ""OTHER"" category."
1305,Transforming,What is the default value of globallimit in the geostats command?,10,0,100,9,A,The default value of globallimit as 10.
1306,Transforming,"In geostats, what happens when locallimit is set to 0?",Only the single top value is kept,"All series are grouped into ""OTHER""",No filtering occurs,The search returns an error,C,"""If locallimit=0, no filtering occurs."""
1307,Transforming,What is the default field name geostats uses for latitude when latfield is not specified?,lat,latitude,geo_lat,y,A,"The default for latfield as ""lat""."
1308,Transforming,What is the default field name geostats uses for longitude when longfield is not specified?,geo_lon,longitude,x,lon,D,"The default for longfield as ""lon""."
1309,Transforming,"With the default maxzoomlevel setting, how many zoom levels does geostats create?","10 zoom levels, numbered 1-10","8 zoom levels, numbered 0-8","10 zoom levels, numbered 0-9","9 zoom levels, numbered 1-9",C,"The default maxzoomlevel is 9, which ""specifies that 10 zoom levels are created, 0-9."""
1310,Transforming,What is the default output field name for longitude produced by the geostats command?,lon,longitude,geo_long,outputlong,B,"The default for outputlongfield as ""longitude""."
1311,Transforming,"When translatetoxy=true (the default) in geostats, what does the command produce?","One result per locationally binned location, for map rendering","One result per zoom level only, ignoring bin location",One raw result for every event without any binning,"One result per category per binned location, broken down by category",A,"With translatetoxy=true, ""geostats produces one result per each locationally binned location. This mode is appropriate for rendering on a map."""
1312,Centralized Streaming,"If no options or limits are specified, how many results does the head command return?",The first 10 results,The first 100 results,All matching results,The first 1 result,A,"""If no options or limits are specified, the head command returns the first 10 results."""
1313,Centralized Streaming,"For a real-time search, what does the head command's ""first N results"" mean?",The most recent N events,The N events with the highest event_count,The first N captured events,A random sample of N events,C,"Head returns ""the most recent N events for a historical search, or the first N captured events for a real-time search."""
1314,Centralized Streaming,What are the two types of limits that can be applied with the head command?,"A percentage of total results, or a fixed time-based cutoff value","An absolute number, or an expression evaluated until false","A field name filter, or a wildcard pattern","A byte-size limit, or an event-count limit",B,"""There are two types of limits that can be applied: an absolute number of results, or an expression where all results are returned until the expression becomes false."""
1315,Centralized Streaming,What happens if you use both a numeric limit and limit=<int> in the same head command?,The larger of the two values is used,It results in an error,The smaller of the two values is used,The limit=<int> argument is silently ignored,B,"""Using both the numeric limit and limit=<int> results in an error."""
1316,Centralized Streaming,What is the default value of the limit argument in the head command?,10,100,1,0,A,"The default value of limit as 10, the same as the default for the numeric N."
1317,Centralized Streaming,What must be specified for the keeplast argument of head to have any effect?,A limit=<int> value,An eval-expression,The null argument,A BY clause,B,"""You must specify a eval-expression to use the keeplast argument."""
1318,Centralized Streaming,What is the default value of the null argument in the head command?,10,false,true,NULL,B,The default value of the null argument as false.
1319,Centralized Streaming,"When null=true and an <eval-expression> evaluates to NULL in head, what happens?","Results include the NULL-evaluated events, and processing continues",The search returns an error immediately,The head command immediately stops processing all remaining events,The event is dropped and processing stops,A,"If null=true, results include events for which the expression evaluates to NULL, and the head command continues to process the remaining events."
1320,Centralized Streaming,"When null=false in the head command, how is an <eval-expression> that evaluates to NULL treated?",It causes the search to fail with an error,It is skipped and the next event is evaluated instead,"As if it evaluated to true, so processing continues normally","As if false, so head stops processing",D,"""If null=false, the head command treats the <eval-expression> that evaluates to NULL as if the <eval-expression> evaluated to false. The head command stops processing events."""
1321,Centralized Streaming,What type of command is the head command?,A centralized streaming command,A dataset processing command,A generating (event-producing) command,A distributable streaming command,A,"""The head command is a centralized streaming command."""
1322,Distributable Streaming,Is the string matching performed by the highlight command case sensitive?,It depends on a case argument,"Yes, matching requires an exact case match","No, the matching is not case sensitive",Only for the first string in the list,C,"""The matching is not case sensitive."""
1323,Distributable Streaming,What type of command is the highlight command?,A distributable streaming command,A dataset processing command,A centralized streaming command,A generating (event-producing) command,A,"""The highlight command is a distributable streaming command."""
1324,Distributable Streaming,Why can't the highlight command be used with a command like stats?,Because stats removes the _raw field entirely from every event,"Because stats produces calculated results, not raw events",Because stats runs only on the search head,Because stats always requires a BY clause to run,B,"You cannot use highlight with commands like stats ""which produce calculated or generated results,"" since highlight requires a search that keeps the raw events."
1325,Generating,What does the events argument of the history command control?,Whether history is returned as events or as a table,Whether the history includes events from every application,Whether deleted searches are also included in the history,Whether only real-time searches are included in the history,A,"Events=true ""invokes the event-oriented UI,"" while events=false returns the history ""in a table format for more convenient aggregate viewing."""
1326,Generating,What is the default value of the events argument in the history command?,false,true,There is no default,1,A,The default value of events as false.
1327,Generating,From which application(s) does the history command return search history?,Only the Search & Reporting app itself,All applications on the search head cluster,All applications the user has access to,Only the application it ran from,D,"""The history command returns your search history only from the application where you run the command."""
1328,Generating,Which output field of the history command holds the search job ID?,sid,exec_time,search,splunk_server,A,"The sid field as ""The search job ID."""
1329,Generating,"Which output field of the history command records the total time it took to run the search, in seconds?",total_run_time,api_lt,exec_time,scan_count,A,"Total_run_time as ""The total time it took to run the search in seconds."""
1330,Generating,What does the is_realtime output field of the history command indicate?,Whether the search is currently still running,Whether the search was real-time (1) or historical (0),The number of real-time alerts triggered by the search,The refresh interval of a real-time search in seconds,B,"Is_realtime as indicating ""whether the search was real-time (1) or historical (0)."""
1331,Generating,What does the api_et output field of the history command represent?,The earliest time for which events were requested,The earliest time set for the search to run,The exact time the search results are set to expire,The earliest available event currently in the index,A,"Api_et as ""The earliest time of the API call, which is the earliest time for which events were requested."""
1332,Generating,"What type of command is history, and how must it be used in a search?",A streaming command that can appear anywhere in the search,A generating command that must be the last command in the search,A generating command that should come first in the search,A transforming command that must always follow a stats command,C,"""The history command is a generating command and should be the first command in the search. Generating commands use a leading pipe character."""
1333,Generating,What does the scan_count output field of the history command represent?,The count of results for a transforming search only,The count of events returned along with the search,The count of events read from the index at a low level,The number of scheduled scans configured for the search,C,"Scan_count as ""The number of events retrieved from a Splunk index at a low level."""
1334,Generating,What does the result_count output field of the history command represent?,The number of results displayed on the current page,"For a transforming search, the result count",The total number of searches run in the current application,The number of events retrieved from the index at a low level,B,"Result_count as ""If the search is a transforming search, the count of results for the search."""
1335,Distributable Streaming,What field does the iconify command add to each event?,_icon,_display,_type,_hash,A,"""The iconify command adds a field named _icon to each event. This field is the hash value for the event."""
1336,Distributable Streaming,Can you specify a wildcard character in the field list for the iconify command?,Only when a single field is specified,"No, wildcards are not allowed in the field list","Only for the first field listed, not the others","Yes, wildcards are supported for all fields listed",B,"""You cannot specify a wildcard character in the field list."""
1337,Distributable Streaming,What happens in Splunk Web when multiple fields are listed with the iconify command?,The fields are merged into a single field before an icon is chosen,A different icon is shown per unique combination of field values,The command returns an error since only one field is supported,Only the first field listed is used to select an icon,B,"""If multiple fields are listed, the UI displays a different icon for each unique combination of the field values."""
1338,Dataset Processing,What is the default value of the ingest_processor argument in the ingestpreview command?,metricschema,regexreplacement,metrics,props,B,The default value of ingest_processor as regexreplacement.
1339,Dataset Processing,Which ingest_processor value should you use in ingestpreview to test statsd or collectd data?,metricschema,metrics,regexreplacement,props,B,"The metrics option is used ""for statsd or collectd data."""
1340,Dataset Processing,Which ingest_processor value should you use in ingestpreview to test converting logs to metrics?,metricschema,metrics,regexreplacement,transforms,A,"The metricschema option is used ""for logs to metrics."""
1341,Dataset Processing,What is the default value of the meta_mode argument in the ingestpreview command?,unhide,None,Expand,All,A,The default value of meta_mode as unhide.
1342,Dataset Processing,What does setting meta_mode=Expand do in the ingestpreview command?,It removes the _meta field from the output entirely,It creates an alias to the _meta field named META,It performs both the expand and unhide behaviors together,Indexed field/value pairs each become META.-prefixed fields,D,"Expand ""allows each indexed time field/value pair to become a separate field. Each field will be prefixed with META.."""
1343,Dataset Processing,What does setting meta_mode=Unhide do in the ingestpreview command?,It suppresses the _meta field so it never appears,It performs both the expand and unhide behaviors together,It expands each field/value pair into a separate META.-prefixed field,"It aliases the _meta field as META, visible in Splunk Web",D,"Unhide ""Creates an alias to the _meta field named META so it is visible in Splunk Web. This is equivalent to using |eval META=_meta."""
1344,Dataset Processing,What is the default value of generate_helper_fields in the ingestpreview command?,false,regexreplacement,unhide,true,D,The default value of generate_helper_fields as true.
1345,Dataset Processing,What does setting show_inputs=true do in the ingestpreview command?,It displays a list of all valid ingest_processor values,It shows the props.conf and transforms.conf file names being used,It suppresses all WARNS.ERRS output messages during the run,It generates INPUT.* fields holding each field's pre-transform value,D,"Show_inputs=true ""generates INPUT.* fields for each input field with the original value before transformation."""
1346,Generating,"For a Splunk Enterprise deployment, what relative path must the filename for inputcsv refer to by default?",$SPLUNK_HOME/share/csv,$SPLUNK_HOME/var/run/splunk/csv,$SPLUNK_HOME/etc/system/lookups,$SPLUNK_HOME/var/run/splunk/dispatch,B,"""The filename must refer to a relative path in $SPLUNK_HOME/var/run/splunk/csv."""
1347,Generating,"If dispatch=true is set for inputcsv, where must the path be?",$SPLUNK_HOME/var/run/splunk/dispatch/<job id>,$SPLUNK_HOME/var/run/splunk/csv,$SPLUNK_HOME/etc/apps/<app_name>/lookups,$SPLUNK_HOME/share/dispatch/<job id>,A,"""If dispatch=true, the path must be in $SPLUNK_HOME/var/run/splunk/dispatch/<job id>."""
1348,Generating,"If the specified inputcsv file does not exist and the filename has no extension, what does the Splunk software assume?",That the filename refers to a lookup table stanza instead,That the filename has a .csv extension,That the search should fail immediately,That the file is located in the dispatch directory,B,"""If the specified file does not exist and the filename does not have an extension, then the Splunk software assumes it has a filename with a .csv extension."""
1349,Generating,What should a CSV file end with to avoid an inputcsv error?,A byte-order mark,A blank line,A closing quotation mark,A trailing comma,B,"""If you run into an issue with the inputcsv command resulting in an error, ensure that your CSV file ends with a BLANK LINE."""
1350,Generating,What is the default value of the append argument in the inputcsv command?,true,0,There is no default,false,D,The default value of append as false.
1351,Generating,What is the default value of the strict argument in the inputcsv command?,false,true,unset,1,A,The default value of strict as false.
1352,Generating,What does setting strict=true do for the inputcsv command?,It requires the CSV file to contain the _time and _raw fields,It disables the WHERE clause prefiltering feature,"It forces the search to fail completely on any inputcsv error, even in a subsearch",It causes inputcsv errors to be logged but always allows the search to continue,C,"""When set to true this argument forces the search to fail completely if inputcsv raises an error. This happens even when the errors apply to a subsearch."""
1353,Generating,What is the default value of the max argument in the inputcsv command?,1000,There is no limit by default,1000000000,10000,C,The default value of max as 1000000000 (1 billion).
1354,Generating,What is the default value of the start argument in the inputcsv command?,0,-1,1,10,A,"The default value of start as 0, representing the 0-based offset of the first event to be read."
1355,Generating,Which set of search query operators does the WHERE clause support in inputcsv?,"=, <>, AND, OR only","=, !=, <, >, <=, >=, AND, OR, NOT","LIKE, IN, BETWEEN, IS NULL","MATCH, REGEX, CONTAINS, STARTSWITH",B,"The WHERE clause ""Supports a limited set of search query operators: =,!=, <, >, <=, >=, AND, OR, NOT."""
1356,Generating,What type of command is inputcsv?,A centralized streaming command,A dataset processing command,A distributable streaming command,An event-generating command,D,"""The inputcsv command is an event-generating command."""
1357,Generating,Is the inputcsv command compatible with search head pooling and search head clustering?,"Compatible with pooling only, not clustering","Yes, it is fully compatible with both","Compatible with clustering only, not pooling","No, it is not compatible with either",D,"""The inputcsv command is not compatible with search head pooling and search head clustering."""
1358,Generating,"When events=true is set for inputcsv, what fields must the imported CSV data have?",source and sourcetype,index and host,start and max,_time and _raw,D,"""If you set events=true, the imported CSV data must have the _time and _raw fields."""
1359,Generating,Which Splunk product is the inputintelligence command used with?,Splunk Enterprise base install,Splunk IT Service Intelligence,Splunk Enterprise Security,Splunk Cloud Platform standalone,C,"""The inputintelligence command is used with Splunk Enterprise Security."""
1360,Generating,The inputintelligence command reads intelligence data for which Splunk product?,Splunk Enterprise Security,Splunk Stream,Splunk Machine Learning Toolkit,Splunk DB Connect,A,inputintelligence is part of Splunk Enterprise Security's threat intelligence framework.
1361,Generating,What must you specify as a required argument for the inputlookup command?,Both a filename and a WHERE clause,"Only a tablename, never a filename","A max value and a start value, both numeric",Either a filename or a tablename,D,"""You must specify either a <filename> or a <tablename>."""
1362,Generating,What file extensions must a filename argument end with for the inputlookup command?,.lookup or .table,.csv or .csv.gz,.gz or .zip,.conf or .csv,B,"""The name of the lookup file must end with .csv or .csv.gz."""
1363,Generating,What happens if the lookup specified in inputlookup does not exist?,The search falls back silently to a default lookup table,"A warning is shown, but no syntax error is generated",An empty CSV file is silently created,A syntax error immediately halts the search,B,"""If the lookup does not exist, a warning message is displayed (but no syntax error is generated)."""
1364,Generating,What does a tablename argument refer to in the inputlookup command?,"A transforms.conf stanza name, for any lookup type","A CSV file name only, which must end in .csv",A saved search configured to generate lookup data,A KV store collection name only,A,"Tablename is ""the name of the lookup table as specified by a stanza name in the transforms.conf file. The lookup table can be configured for any lookup type (CSV, external, or KV store)."""
1365,Generating,What is the default value of the append argument in the inputlookup command?,1,false,true,There is no default,B,"Append ""Defaults to false."""
1366,Generating,"In the inputlookup command, if start=4, which event does the command begin reading from?",The last event,The fourth event,The first event,The fifth event,D,"""If start=4, it begins with the fifth event."""
1367,Generating,What is the default value of the max argument in the inputlookup command?,10000000000,1000000,1000000000,100000,C,"Max ""Defaults to 1000000000."""
1368,Generating,"For KV store lookups, how must string values be specified in the inputlookup WHERE clause?",Written in all uppercase,Enclosed in double quotation marks,Enclosed in single quotation marks,Prefixed with a dollar sign,B,"For KV store lookups, ""if the value is a string it must be enclosed in double quotation marks."""
1369,Generating,What type of command is inputlookup?,A centralized streaming command,A dataset processing command,A distributable streaming command,An event-generating command,D,"""The inputlookup command is an event-generating command."""
1370,Generating,Where can the inputlookup command be used as the first command?,Only at the very start of a scheduled search,Only after a transforming command,"Only inside a subsearch, never in the main search",In a search or in a subsearch,D,"""The inputlookup command can be first command in a search or in a subsearch."""
1371,Generating,Which search verifies that the geometric features in the built-in geo_us_states lookup appear correctly on a choropleth map?,| inputlookup geo_us_states,| geostats geo_us_states,| lookup geo_us_states,| inputcsv geo_us_states.csv,A,"Example for testing geometric lookup files uses ""| inputlookup geo_us_states"" to verify features on the map."
1372,Generating,Which limits.conf setting controls strict error behavior system-wide for both inputcsv and inputlookup searches?,input_errors_fatal,subsearch_maxout,read_final_results_from_timeliner,maxkvalue,A,"You can set strict behavior at the system level ""for all inputcsv and inputlookup searches by changing input_errors_fatal in limits.conf."""
1373,Generating,"In '| inputlookup kvstorecoll_lookup where (CustID>500) AND (CustName=""P*"")', which criteria filter the records?",CustID greater than 500 and CustName beginning with the letter P,CustID greater than 500 or CustName containing the letter P anywhere,"CustID equal to 500 and CustName exactly ""P""",CustID less than 500 or CustName ending with the letter P,A,The example filters the KV store collection for records where CustID has a value greater than 500 and CustName begins with the letter P.
1374,Distributable Streaming,What does the iplocation command use to extract location information from IP addresses?,3rd-party databases,A saved search of prior lookups,A regular expression form template,A built-in Splunk KV store collection,A,"""The iplocation command extracts location information from IP addresses by using 3rd-party databases."""
1375,Distributable Streaming,Which address types does the iplocation command support?,"Only IPv4 addresses, never IPv6","Only IPv6 addresses, never IPv4","IPv4 and IPv6, plus CIDR subnets",MAC addresses only,C,"""This command supports IPv4 and IPv6 addresses and subnets that use CIDR notation."""
1376,Distributable Streaming,What is the required argument for the iplocation command?,allfields,ip-address-fieldname,lang,prefix,B,"Ip-address-fieldname as the required argument, described as an IP address field such as clientip."
1377,Distributable Streaming,"When allfields=true is set for iplocation, which fields are added to the search results?","Only the City, Country, and Region administrative fields, nothing more","Only the lat, lon, and _time fields, with no place-name data","Only clientip, City, Country, and Region fields are added","City, Continent, Country, MetroCode, Region, Timezone, _time, lat, and lon",D,"Allfields=true ""adds the fields City, Continent, Country, MetroCode, Region, Timezone, _time, lat (latitude), and lon (longitude)."""
1378,Distributable Streaming,"What is the default value of allfields, and which fields are added by default in iplocation?",true; only the City and Country fields are added,true; every available database field is added,"false; adds City, Country, Region, _time, lat, and lon",false; only the lat and lon fields are added,C,"The default for allfields is false, and ""Only the City, Country, Region, _time, lat, and lon fields are added to the search results."""
1379,Distributable Streaming,What is the purpose of the prefix argument in the iplocation command?,"To prefix added field names, avoiding collisions with existing fields",To restrict the search to IP addresses beginning with a specific prefix,To specify a CIDR prefix length for subnet matching purposes,To choose which geolocation database file gets used,A,"""With this argument you can add a prefix to the added field names to avoid name collisions with existing fields."""
1380,Distributable Streaming,What is the default value of the prefix argument in iplocation?,"""geo_""","""loc_""","""""","""iploc_""",C,The default value of prefix as NULL/empty string.
1381,Distributable Streaming,How would you configure iplocation to render results in Spanish?,allfields=es,lang=code,prefix=es,lang=es,D,"The example, ""For example, use lang=es for Spanish."""
1382,Distributable Streaming,What does specifying lang=code do for the iplocation command?,It returns results in the code's default programming locale,It returns results using the field's raw database key names,It disables language translation entirely,It returns the fields as two-letter ISO abbreviations,D,"""Specify lang=code to return the fields as two letter ISO abbreviations."""
1383,Distributable Streaming,"For the iplocation command, what is the name of the IP geolocation database file that ships with the Splunk software by default?",splunk-geoip.mmdb,GeoLite2-City.mmdb,GeoIP2-City.mmdb,dbip-city-lite.mmdb,D,"""The Splunk software ships with a copy of the dbip-city-lite.mmdb IP geolocation database file."""
1384,Distributable Streaming,"For the iplocation command, where is the default .mmdb geolocation database file located?",$SPLUNK_HOME/share/ directory,$SPLUNK_HOME/var/run/splunk/csv,$SPLUNK_HOME/etc/apps/search/lookups,$SPLUNK_HOME/etc/system/lookups,A,"This file ""is located in the $SPLUNK_HOME/share/ directory."""
1385,Distributable Streaming,What capability must a user's role have to upload the .mmdb file through Splunk Web?,admin_all_objects,edit_geoip_lookups,upload_mmdb_files,upload_lookup_files,C,"""You must have a role with the upload_mmdb_files capability."""
1386,Distributable Streaming,"For the iplocation command, which two files are the only supported replacements for the default .mmdb geolocation database file?",MaxMind-Free.mmdb and MaxMind-Paid.mmdb,GeoLite2-Country.mmdb and GeoIP2-Country.mmdb,dbip-city-lite.mmdb and dbip-city-full.mmdb,GeoLite2-City.mmdb and GeoIP2-City.mmdb,D,"""Only those two files are supported"" referring to GeoLite2-City.mmdb and GeoIP2-City.mmdb."
1387,Distributable Streaming,"Replacing the default .mmdb file reintroduces which field, while still not reintroducing MetroCode?",Region,Country,Continent,Timezone,D,"""Replacing your mmdb file with one of these two files reintroduces the Timezone field that is absent in the default .mmdb file, but does not reintroduce the MetroCode field."""
1388,Distributable Streaming,What type of command is iplocation?,A centralized streaming command,An event-generating command,A dataset processing command,A distributable streaming command,D,"""The iplocation command is a distributable streaming command."""
1389,Distributable Streaming,"What happens for IP addresses that do not have a location, such as internal addresses, when using iplocation?",No fields are added to the event,"Empty placeholder fields with the value ""unknown"" are added",The event is dropped from the results,An error field named _iplocation_error is added,A,"""For IP addresses which do not have a location, such as internal addresses, no fields are added."""
1390,Centralized Streaming,What is the left-side dataset in a join command sometimes referred to as?,The source data,The merge data,The target data,The base result set,A,"""The left-side dataset is sometimes referred to as the source data."""
1391,Centralized Streaming,What is the default maximum number of rows in the right-side dataset that can be joined with the left-side dataset in a join command?,"50,000","10,000","1,000,000","100,000",A,"""A maximum of 50,000 rows in the right-side dataset can be joined with the left-side dataset."""
1392,Centralized Streaming,What is the default maximum runtime for the right-side subsearch in a join command?,30 seconds,120 seconds,60 seconds,300 seconds,C,"The maximum runtime for the right-side dataset is ""a maximum runtime of 60 seconds."""
1393,Centralized Streaming,When should you consider using lookup instead of join?,When you need to group events by a recycled ID or IP address,When you must break groups larger than a certain duration,When you need to view the raw event data for grouped events,When a result set or source file is static or rarely changes,D,"To use lookup ""when one of the result sets or source files remains static or rarely changes. For example, a file from an external system such as a CSV file."""
1394,Centralized Streaming,"For the join command, in what scenario does the append command not produce correct results?",When used in a real-time search,When the field has a unique identifier,When used only with historical data,When combined with the stats command,A,"For append, ""Use only with historical data. The append command does not produce correct results if used in a real-time search."""
1395,Centralized Streaming,What command can you not use after append?,stats,eval,table,transaction,D,"""You cannot use a transaction command after you use an append command."""
1396,Centralized Streaming,"For the join command, what does the appendcols command do?",It joins datasets using time and geographic location correlation,It groups events by field and performs a statistical function,"It merges subsearch result fields with the input results, row by row",It combines events from two separate sources using the OR operator,C,"Appendcols ""Appends the fields of the subsearch results with the input search result fields. The first subsearch result is merged with the first main result, and so on."""
1397,Centralized Streaming,Which three dataset types can be specified before the dataset name when using join with <dataset-type>:<dataset-name>?,"kvstore_lookup, csv_lookup, rest_api","csv_file, json_file, xml_document","datamodel, savedsearch, inputlookup","eventtype, sourcetype, index_name",C,"""You can specify datamodel, savedsearch, or inputlookup"" as the dataset-type."
1398,Centralized Streaming,Can you use both <dataset-type>:<dataset-name> and a subsearch together in a single join command?,"No, you can use one or the other, but not both","No, neither can be used with join","Yes, but only when type=outer is used","Yes, they can be combined for more flexibility",A,"""You can use either <dataset-type>:<dataset-name> or <subsearch> with the join command, but not both."""
1399,Centralized Streaming,"If no field-list is specified for the join command, which fields are used for the join?",No join is performed without a field-list,Only the _time field,All fields that are common to both datasets,Only fields explicitly aliased with AS,C,"""If no fields are specified, all of the fields that are common to both datasets are used."""
1400,Centralized Streaming,How are the field values used in the join <field-list> treated?,They are case insensitive by default,They ignore leading and trailing whitespace only,They are automatically converted to lowercase,They are case sensitive,D,"""The values of the fields used in <field-list> are case sensitive."""
1401,Centralized Streaming,What is the default value of the type join-option?,full,outer,inner,left,C,The default value of type as inner.
1402,Centralized Streaming,What is the key difference between an inner join and a left (outer) join?,"A left join only works with datamodel datasets, while inner join works with all types",An inner join keeps all main-search events; a left join excludes them,There is no functional difference; they only differ in output field naming,A left join keeps all main-search events; inner join excludes unmatched ones,D,"""The results of an inner join do not include events from the main search that have no matches in the subsearch. The results of a left (or outer) join includes all of the events in the main search."""
1403,Centralized Streaming,What is the default value of the usetime join-option?,false,true,1,There is no default,A,The default value of usetime as false.
1404,Centralized Streaming,What is the default value of the earlier join-option?,There is no default,false,true,0,C,The default value of earlier as true.
1405,Centralized Streaming,"If usetime=true and earlier=false in the join command, which subsearch results are matched against the main search results?",Only results occurring at exactly the same second,All subsearch results regardless of time,Only results that are earlier than the main search results,Only results that are later than the main search results,D,"""If earlier=false, the main search results are matched only against later results from the subsearch."""
1406,Centralized Streaming,What is the default value of the overwrite join-option?,There is no default,false,true,0,C,The default value of overwrite as true.
1407,Centralized Streaming,What does the overwrite join-option control?,Whether the subsearch is re-run whenever the main search re-runs,Whether subsearch fields overwrite same-named main-search fields,Whether prior join results are cached and reused,Whether existing lookup table rows are replaced on disk,B,"Overwrite ""indicates whether fields from the subsearch results overwrite the fields from the main search results"" when field names match."
1408,Centralized Streaming,What is the default value of the max join-option?,0,1,10,50000,B,The default value of max as 1.
1409,Centralized Streaming,"To return matches for one-to-many or many-to-many relationships with join, what should you set the max argument to?",-1,10,1,0,D,"""include the max argument in your join syntax and set the value to 0"" to return multiple results from the subsearch."
1410,Centralized Streaming,"In Splunk Enterprise, which limits.conf stanza do you edit to change subsearch_maxout or subsearch_maxtime for the join command?",[limits],[subsearch],[join],[search],C,"""Under the [join] stanza, add the line subsearch_maxout = <value> or subsearch_maxtime = <value>."""
1411,Dataset Processing,"If no fields are specified for the kmeans command, which fields does it use?",Only the _time field,The fields listed in the most recent stats command,All numeric fields,All string fields,C,"""If no fields are specified, performs the clustering on all numeric fields."""
1412,Dataset Processing,What is the default value of k in the kmeans command?,100,1,2,10,C,The default value of k as 2.
1413,Dataset Processing,"What is the default value of reps, the number of times kmeans repeats using random starting clusters?",5,1,10,100,C,The default value of reps as 10.
1414,Dataset Processing,What is the default field name used to annotate results with the cluster number in kmeans?,CLUSTERNUM,cnum,KMEANS_CLUSTER,CLUSTER_ID,A,The default value of cnumfield as CLUSTERNUM.
1415,Dataset Processing,"What is the default value of maxkvalue, the limit on the number of clusters (k), in the limits.conf [kmeans] stanza?",100,10,10000,1000,D,"""The maxkvalue is specified in the limits.conf file, in the [kmeans] stanza. The maxkvalue default is 1000."""
1416,Distributable Streaming,"What does the kvform command extract, and from what basis?",Numeric statistics from events based on a stats function,Icon assignments from events based on a list of fields,Geographic coordinates from events based on an IP database,Key-value pairs from events based on a form template,D,"""Extracts key-value pairs from events based on a form template that describes how to extract the values."""
1417,Distributable Streaming,What is the default value of the field argument in the kvform command?,eventtype,source,host,sourcetype,D,The default value of the field argument as sourcetype.
1418,Distributable Streaming,"If you specify field=error_code and an event has error_code=404, which form file does kvform look for?",sourcetype.form,error_404.form,error_code.form,404.form,D,"""if you specify field=error_code, and an event has the field value error_code=404, the command looks for a form called 404.form."""
1419,Distributable Streaming,Where must .form files be located for use by the kvform command?,$SPLUNK_HOME/etc/apps/*/forms/,$SPLUNK_HOME/var/run/splunk/csv/,$SPLUNK_HOME/etc/system/lookups/,$SPLUNK_HOME/share/forms/,A,"Form=<string> specifies ""a .form file located in a $SPLUNK_HOME/etc/apps/*/forms/ directory."""
1420,Distributable Streaming,"In a .form file for the kvform command containing the line ""Age: [[int:age]]"", what does the [[int:age]] notation represent?",A named int-type reference that extracts a value into age,"A default value of ""int"" that is assigned to the age field itself",A regular expression that must match literally in the text,A comment describing the data type of the age field,A,"A .form file as interspersed with ""named references to regular expressions,"" such as [[int:age]] extracting the age value."
1421,Distributable Streaming,"If neither the form nor the field argument is specified in kvform, what does the command use by default?","The sourcetype field, looking for matching .form files",A form file named simply default.form,"No form is used, and the command extracts nothing",The eventtype field to find matching .form files,A,"""If no form or field argument is specified, the kvform command uses the default value for the field argument, which is sourcetype."""
1422,Distributable Streaming,What must you create in Splunk Cloud Platform to use the kvform command to extract key-value pairs from events?,A custom index,A KV store collection,A private app,A saved search,C,"""For Splunk Cloud Platform, you must create a private app to extract key-value pairs from events."""
1423,Distributable Streaming,"When kvform is used with field=sourcetype and one of the source types has no matching .form file, what happens for that source type?",A default.form file is used instead,All events are dropped from the results,That source type is ignored,The search fails with an error,C,"""If one of the source types is access_combined but there is no access_combined.form file, that source type is ignored."""
1424,Generating,How can the artifacts to load with loadjob be identified?,"Only by a saved search name, with no time range needed at all",Only by a search job sid value,"By a search job sid, or a scheduled search name and time range",Only by an index name and time range specified,C,"""The artifacts to load are identified either by the search job id <sid> or a scheduled search name and the time range of the current search."""
1425,Generating,Can the loadjob command be run on real-time searches?,No,Only when events=true is set,Only if ignore_running=true,"Yes, without restriction",A,You cannot run the loadjob command on real-time searches.
1426,Generating,"If artifact_offset=1 is specified in loadjob, which artifact is used?",The third most recent artifact,The most recent artifact,The oldest available artifact,The second most recent artifact,D,"""if artifact_offset=1, the second most recent artifact will be used."""
1427,Generating,What is the default value of job_delegate in the loadjob command?,scheduler,admin,owner,search,A,The default value of job_delegate as scheduler.
1428,Generating,What is the default value of ignore_running in the loadjob command?,false,There is no default,true,0,C,The default value of ignore_running as true.
1429,Generating,What is the default value of the events argument in the loadjob command?,"true, but only for scheduled searches","false, loading results by default","true, loading events by default",There is no default value,B,"The default value of events as false, meaning results rather than events are loaded by default."
1430,Generating,"On a search head cluster, what type of saved searches can the loadjob command be run on?",Only real-time saved searches,Only scheduled saved searches,Only ad hoc searches run interactively,"Any saved search, scheduled or not",B,"""A search head cluster can run the loadjob command only on scheduled saved searches."""
1431,Generating,Which limits.conf setting controls whether the loadjob command returns a truncated sample of results or the full result set?,read_final_results_from_timeliner,subsearch_maxout_result_limit_rows,input_errors_fatal,maxkvalue,A,"""you can use the read_final_results_from_timeliner setting in the limits.conf file to control whether results are truncated when running the loadjob command."""
1432,Dataset Processing,What is the default value of maxpause in the localize command?,1m,5m,10s,30s,A,The default value of maxpause as 1m.
1433,Dataset Processing,What is the default value of timeafter in the localize command?,1m,5m,30s,1s,C,The default value of timeafter as 30s.
1434,Dataset Processing,What does the timebefore argument do in the localize command?,"It subtracts time from starttime, expanding the region backward",It sets the maximum pause allowed between two consecutive events,"It adds time to the output endtime field, expanding the region forward in time",It limits how many event regions are returned,A,"Timebefore specifies ""the amount of time to subtract from the output starttime field (expand the time region backwards in time)."""
1435,Dataset Processing,The regions discovered by the localize command are meant to be fed into which other command?,The map command,The transaction command,The stats command,The join command,A,"""The regions discovered by the localize command are meant to be fed into the map command."""
1436,Dataset Processing,How is region density defined in the output of the localize command?,"Events in the range divided by the range duration, in events per second",The number of overlapping regions divided by the total number of regions,The range duration divided by the number of events in the range,The maxpause value divided by the number of events,A,"Region density is ""defined as the number of events in range divided by <range duration> - events per second."""
1437,Orchestrating,What does the localop command do to subsequent commands in a search?,"It forces them to execute on remote peers only, never locally",It caches their results for reuse in later searches,"It prevents remote-peer execution, running them locally instead",It parallelizes them across all available indexers,C,"""Prevents subsequent commands from being executed on remote peers. Tells the search to run subsequent commands locally, instead."""
1438,Orchestrating,Which step of the mapreduce process does the localop command force subsequent commands into?,The reduce step,The filter step,The map step,The shuffle step,A,"""The localop command forces subsequent commands to be part of the reduce step of the mapreduce process."""
1439,Orchestrating,"In the search 'FOO BAR | localop | iplocation clientip', where does the iplocation command run?",Wherever the events are first indexed,On remote peers only,Split between the search head and remote peers,"On the search head only, never on remote peers",D,"""The iplocation command in this case will never be run on remote peers... The search head is where the iplocation command is run."""
1440,Distributable Streaming,What is the required argument for the lookup command?,lookup-table-name,update,OUTPUT clause,local,A,Lookup-table-name as a required argument.
1441,Distributable Streaming,What two things can the lookup-table-name argument refer to in the lookup command?,"A saved search name, or a datamodel name","A CSV file name, or a transforms.conf stanza name","A KV store collection ID, or an index name","A field name, or an eval expression to compute",B,"Lookup-table-name ""Can be either the name of a CSV file that you want to use as the lookup, or the name of a stanza in the transforms.conf file."""
1442,Distributable Streaming,What is the default value of the local argument in the lookup command?,false,true,There is no default,1,A,The default value of local as false.
1443,Distributable Streaming,What does setting local=true do for the lookup command?,It forces the lookup to run only on remote indexers,"It forces the lookup onto the search head, not remote peers",It disables the OUTPUT and OUTPUTNEW clauses entirely,It caches the lookup table locally on each indexer,B,"""If local=true, forces the lookup to run on the search head and not on any remote peers."""
1444,Distributable Streaming,What does setting update=true do for a real-time search using the lookup command?,It writes new rows back to the lookup table after each event,It refreshes the search's time range automatically,It keeps the search reflecting on-disk lookup table updates as it runs,It forces the lookup to be re-downloaded from a remote provider,C,"For real-time searches, ""if the lookup table is modified on disk while the search is running, real-time searches do not automatically reflect the update. To do this, specify update=true."""
1445,Distributable Streaming,What does setting update=true implicitly set in the lookup command?,allfields=true,append=true,local=true,strict=true,C,"""This implies that local=true."""
1446,Distributable Streaming,Does the update argument in the lookup command apply to searches that are not real-time?,"Yes, it applies equally to every search type","No, only real-time searches are affected",Only if strict=true is also set,Only for searches using the OUTPUTNEW clause,B,"""This does not apply to searches that are not real-time searches."""
1447,Distributable Streaming,"If <event-field> is not specified for a lookup-field in the lookup command, what value does it default to?",The lookup-table-name value itself,An empty string by default,The value of the <lookup-field>,"The value ""_raw""",C,"The default for <event-field> as ""The value of the <lookup-field>."""
1448,Distributable Streaming,"If neither OUTPUT nor OUTPUTNEW is specified in a lookup command, which fields are used as output fields?",Only fields explicitly aliased with AS,No fields are output by default,Only the first field listed in the lookup table,All non-match fields in the lookup table,D,"""if an OUTPUT or OUTPUTNEW clause is not specified, all of the fields in the lookup table that are not the match fields are used as output fields."""
1449,Distributable Streaming,What is the difference between the OUTPUT and OUTPUTNEW clauses in the lookup command?,OUTPUT skips events with existing fields; OUTPUTNEW always overwrites them,OUTPUT overwrites existing fields; OUTPUTNEW skips events that already have them,There is no functional difference between the two clauses,OUTPUT only works with CSV lookups; OUTPUTNEW only works with KV store lookups,B,"""If the OUTPUT clause is specified, the output lookup fields overwrite existing fields. If the OUTPUTNEW clause is specified, the lookup is not performed for events in which the output fields already exist."""
1450,Distributable Streaming,"What type of command is lookup when local=false, the default setting?",An event-generating command,A dataset processing command,A centralized streaming command,A distributable streaming command,D,"""The lookup command is a distributable streaming command when local=false, which is the default setting."""
1451,Distributable Streaming,"What creates a ""lookup reference cycle"" when configuring a lookup command?",Running the lookup with local=true set on the command,Using OUTPUTNEW instead of OUTPUT for the fields listed,Specifying more than one <lookup-field> argument value at once,Reusing field names between match fields and output fields,D,"Lookup reference cycles as occurring ""where you intentionally or accidentally reuse the same field names among the match fields and the output fields of a lookup search."""
1452,Distributable Streaming,When should you run the lookup command relative to a transforming command in the same pipeline?,Only as the very first command in the search pipeline,It makes no performance difference either way,"After the transforming command, if the field is retained","Before the transforming command, always",C,"""If you are using the lookup command in the same pipeline as a transforming command, and it is possible to retain the field you will lookup on after the transforming command, do the lookup after the transforming command."""
1453,Distributable Streaming,"Why is the search ""...| stats count by status | lookup status_desc status OUTPUT description"" faster than doing the lookup first?",Because stats automatically caches lookup tables in memory,"Because the lookup matches only the stats results, not every raw event",Because OUTPUT is always faster than OUTPUTNEW,Because lookup commands run faster after any preceding command,B,"""The lookup in the first search is faster because it only needs to match the results of the stats command and not all the Web access events."""
1454,Distributable Streaming,"In a standard mode federated search, how do you force a lookup command to be processed locally on the federated search head?",By applying update=true to it,By omitting the OUTPUT clause,By specifying the lookup table as a tablename instead of a filename,By applying local=true to it,D,"""you can force a lookup command to be processed locally on the federated search head by applying local=true to it."""
1455,Distributable Streaming,"In '... | lookup usertogroup user as local_user OUTPUT group as user_group', which event field receives the matched value?",local_user,group,user_group,user,C,"For matching entries, ""the value of the group field in the lookup table is written to the field user_group in the event."""
1456,Distributable Streaming,Which capability must a role have to upload lookup table files in Splunk Web?,upload_mmdb_files,admin_all_objects,edit_lookup_tables,upload_lookup_files,D,"""Your role must have the upload_lookup_files capability to upload lookup table files in Splunk Web."""
1457,Distributable Streaming,"When configuring a lookup definition to match IPv6 CIDR ranges, which Match type is configured?",WILDCARD(ip),REGEX(ip),Exact(ip),CIDR(ip),D,The steps say to enter a Match type of CIDR(ip).
1458,Transforming,What does the makecontinuous command do to a field on the x-axis?,Adds empty buckets for gaps and quantifies data periods,Sorts the field values in descending numerical order,Removes buckets that contain duplicate values,Converts the field into a multivalue field,A,Makecontinuous 'Makes a field on the x-axis numerically continuous by adding empty buckets for periods where there is no data and quantifying the periods where there is data.'
1459,Transforming,Which two commands can use the x-axis field created by makecontinuous?,bin and bucket,table and fields,stats and eventstats,chart and timechart,D,This x-axis field 'can then be invoked by the chart and timechart commands.'
1460,Transforming,"In the syntax 'makecontinuous <field> [<bin-options>...]', is <field> a required or optional argument?",Required only when bins is used,Required only when span is used,Optional,Required,C,<field> under 'Optional arguments' for makecontinuous.
1461,Transforming,What is required in the makecontinuous syntax?,<bins-options> (bins | span | start-end),"<field>, which must exist in the input search results","annotate=<bool>, which must always be set to true","count=<num>, specifying the number of buckets to create",A,<bins-options> under 'Required arguments' with datatype bins | span | start-end.
1462,Transforming,What does the bins=<int> option set for makecontinuous?,The number of empty buckets to remove from the chart,"The minimum bin size, in seconds, for the field",The maximum number of bins to discretize into,The number of fields to make continuous at once,C,Bins as 'Sets the maximum number of bins to discretize into.'
1463,Transforming,"Using the start-end bin option with makecontinuous, what happens to data outside the [start, end] range?",It is discarded,It is averaged into the closest bin,It is flagged with a null value,It is moved to the nearest bin,A,"'Data outside of the [start, end] range is discarded.'"
1464,Transforming,"For the makecontinuous command, for the log-span option, what constraint applies to the base number if one is supplied?",It must be equal to the coefficient,It must be a real number less than 1.0,It must be an integer equal to 10,It must be a real number greater than 1.0,D,"'Base, if supplied, must be real number > 1.0, meaning it must be strictly greater than 1.'"
1465,Transforming,What command type is makecontinuous classified as?,Generating command,Orchestrating command,Streaming command,Transforming command,D,'The makecontinuous command is a transforming command.'
1466,Distributable Streaming,What is the default value of the delim argument in makemv?,"An empty string ("""")","A single space ("" "")","A comma ("","")","A semicolon ("";"")",B,"The default for delim as 'A single space ("" "").'"
1467,Distributable Streaming,"For the makemv command, what is the default value of the allowempty argument?",There is no default,null,false,true,C,The default for allowempty as false.
1468,Distributable Streaming,What does setting setsv=true do in makemv?,It removes empty values from the multivalue field,It combines the field's decided values into one value,It sorts the multivalue field alphabetically,It saves the multivalue field to a lookup table,B,"'If true, the makemv command combines the decided values of the field into a single value, which is set on the same field.'"
1469,Distributable Streaming,What command type is makemv?,Centralized streaming command,Distributable streaming command,Orchestrating command,Report-generating command,B,'The makemv command is a distributable streaming command.'
1470,Generating,What does the makeresults command generate?,A lookup table of random values,A permanent index of test data,Results in temporary memory,A saved search definition file,C,Makeresults 'Generates the specified number of search results in temporary memory.'
1471,Generating,"If you run makeresults with no optional arguments, what do the results contain?",Zero results until count is specified,One result with all default fields populated,Ten results with _time and _raw fields,One result with only the _time field,D,"'If you do not specify any of the optional arguments, this command runs on the local machine and generates one result with only the _time field.'"
1472,Generating,"For the makeresults command, what is the default value of the count argument?",10,0,1,5,C,The default for count as 1.
1473,Generating,"For the makeresults command, what is the default value of the annotate argument?",false,local,auto,true,A,The default for annotate as false.
1474,Generating,"For the makeresults command, when annotate=true, what value does the host field contain?",The current hostname of the machine running the search,The name of the local search head,None,"The value ""unknown""",C,The table of fields generated with annotate=true lists host: None.
1475,Generating,"For the makeresults command, what is the default value of the splunk_server argument?",none,local,*,all,B,The default for splunk_server as 'local.'
1476,Generating,"For the makeresults command, what is the default value of the splunk_server_group argument?",none,all,*,local,A,The default for splunk_server_group as 'none.'
1477,Generating,"If you provide format and data arguments to makeresults, what happens to arguments like count or annotate?",They are ignored,They cause an error,They override the format and data arguments,They must be specified in the same order,A,"'If you specify these arguments, makeresults ignores other arguments such as count or annotate.'"
1478,Generating,What values can the format argument take in makeresults?,xml or json,text or csv,csv or json,csv or xml,C,The syntax as 'format = csv | json.'
1479,Generating,Where are results created by makeresults stored?,On disk in a temporary index,In the $SPLUNK_HOME/var/run/splunk directory,In the metrics index by default,"In temporary memory, not saved to disk or indexed",D,'The search results created by the makeresults command are created in temporary memory and are not saved to disk or indexed.'
1480,Generating,What command type is makeresults?,Streaming command,Orchestrating command,Dataset processing command,Report-generating command,D,'The makeresults command is a report-generating command.'
1481,Generating,"If you are using Splunk Cloud Platform, what should you do with the server or server group arguments in makeresults?",Always specify splunk_server_group=all,Omit the server or server group argument,Set them to splunk_server=cloud,Always specify splunk_server=local,B,"'If you use Splunk Cloud Platform, omit any server or server group argument.'"
1482,Generating,"On Splunk Enterprise, if you specify a count of 5 and target 3 servers with makeresults, how many total results are generated?",15,10,18,20,A,"'If you specify a count of 5 and you target 3 servers, then you will generate 15 total results.'"
1483,Generating,"For transparent mode federated searches, what must you use to run a makeresults search?","Only the count argument, run locally","The annotate argument, set to true for remote searches",The splunk_server or splunk_server_group argument,"The format argument, set to json for remote results",C,You 'must use either the splunk_server or the splunk_server_group argument to identify the local or remote search head... over which you want to run your makeresults search.'
1484,Generating,What happens if you do not identify the transparent mode server for a makeresults search?,The search runs against the local search head only,The search returns a warning but still runs,Splunk software blocks the makeresults search,The search defaults to the main index,C,"'If you do not identify the transparent mode server or servers that you want to run the search over, Splunk software blocks the makeresults search.'"
1485,Generating,"In makeresults inline JSON data, what must the entire JSON array be enclosed in?",Curly braces only,Single quotation marks,Double quotation marks,Square brackets without quotes,C,'The entire JSON array must be placed within double quotation marks.'
1486,Generating,"In makeresults inline CSV data, what does the first line represent?",A comment line that is ignored by makeresults,The field values of the first event in the data,The sourcetype assigned to the generated events,"The schema, or headers, for the CSV table",D,"'The first line contains the schema, or headers, for the CSV table.'"
1487,Generating,"What is the maximum size, in characters, for an inline dataset used with makeresults?","29,999","99,999","19,999","9,999",A,"'Inline datasets cannot exceed a threshold of 29,999 characters.'"
1488,Generating,What happens if makeresults cannot parse the data for the specified format?,It silently skips the malformed rows,It generates one empty result,It defaults to CSV format,It returns an error,D,"'If makeresults cannot parse the data for the specified format, it returns an error.'"
1489,Generating,"Why would you start a search with '| makeresults | eval newfield=""some value""'?",To create a placeholder event so eval can run first,To combine two saved searches into one result set,To generate a single metric data point for testing,To convert JSON data into CSV format for display,A,'you can create a placeholder event at the beginning of a search by using the makeresults command. You can then use the eval command in your search.'
1490,Generating,"What does relative_time(now(), ""-m"") represent?",Midnight of the current day,The current Unix time,One minute before now,One month before now,C,This as computing 'the relative time... 1 minute before now.'
1491,Generating,"After running '| makeresults count=5', what do the five results initially have in common?",Each has a different count value,Each has the same timestamp,Each has a null _time field,Each has a unique _time value,B,"'Each result has the same timestamp which, by itself, is not very useful.'"
1492,Generating,"In '| makeresults count=5 | streamstats count', what does adding streamstats count accomplish?",It sorts the results by _time in ascending order first,It removes duplicate results based on the timestamp value,It converts single value fields into multivalue fields,It creates a count field with a cumulative count,D,'the streamstats command is used to create the count field. The streamstats command calculates a cumulative count for each event.'
1493,Generating,"For the makeresults command, in ""| eval _time=_time-(count*86400)"", what does 86400 represent?",The number of seconds in a day,The number of seconds in an hour,The number of milliseconds in a second,The number of minutes in a day,A,'The calculation multiplies the value in the count field by the number of seconds in a day.'
1494,Generating,"After makemv creates a multivalue field, which command splits each result into separate results?",mvexpand,makecontinuous,mvcombine,multikv,A,The example search ends with '| mvexpand test' to expand the multivalued list into separate results.
1495,Generating,Suppose eventstats avg(age) BY city runs over events where Seattle has one event with age=39 and one event with a null age. What average age value is placed into every Seattle event?,39,28,31,0,A,"'For Seattle, there is only one event with a value. The average is 39 = 39 / 1. The eventstats command places that average in every event for Seattle.'"
1496,Generating,"In '| makeresults | eval test=random()/random()', what is the purpose of this eval expression?",To calculate the average of two existing fields,To convert a string field into a numeric field,To add a field of randomly generated numbers,"To generate a fixed, repeating sequence of integers",C,This as a way to 'add a field with a set of randomly generated numbers by using the random function.'
1497,Generating,"When makeresults is given JSON-formatted data, what do the keys of each JSON object become?",Fields,Index names,Sourcetypes,Event timestamps,A,Makeresults 'transforms this JSON object array into a result table where the keys have been turned into fields and the values have been transformed into field values.'
1498,Generating,"When makeresults is given CSV-formatted data, why would you add the fields command afterwards?",To keep the fields out of alphabetical order,To rename the age field to something clearer to read,To remove all null values from the results shown,To convert the CSV data into JSON format again,A,'You can add the fields command to reorder the fields so they do not appear in alphabetical order.'
1499,Dataset Processing,What does the map command do?,It creates a continuous numeric field for charting,It merges two saved searches into one,It reruns a search once per input event or result,It converts events into metric data points,C,'The map command is a looping operator that runs a search repeatedly for each input event or result.'
1500,Dataset Processing,Why does the map command trigger SPL safeguards?,It can pose a security risk or lose data if misused,It only works with lookup tables,It requires administrator credentials to run,It always deletes the search head's configuration,A,"'This command is considered risky because, if used incorrectly, it can pose a security risk or potentially lose data when it runs. As a result, this command triggers SPL safeguards.'"
1501,Dataset Processing,"In the map command syntax, what must you specify?",Both a savedsplunkoption and a searchoption,Either a savedsplunkoption or a searchoption,Only the maxsearches argument,A field-list of dimensions,B,'You must specify either <savedsplunkoption> or <searchoption>.'
1502,Dataset Processing,What is the default value of maxsearches for the map command?,10,100,0,1,A,The default for maxsearches as 10.
1503,Dataset Processing,Does setting maxsearches=0 mean unlimited searches for the map command?,"No, zero does not mean unlimited searches",Zero is not an accepted value for maxsearches,Zero disables the map command entirely for the search,"Yes, zero means the searches are unlimited",A,'Zero ( 0 ) does not equate to unlimited searches.'
1504,Dataset Processing,What command type is the map command?,Dataset processing command,Centralized streaming command,Streaming command,Report-generating command,A,'The map command is a dataset processing command.'
1505,Dataset Processing,The map command cannot be used after which commands?,search or metasearch,eval or where,stats or chart,append or appendpipe,D,'You cannot use the map command after an append or appendpipe command in your search pipeline.'
1506,Dataset Processing,What syntax is used to substitute a field-name variable in a map search string?,[variable],%variable%,$variable$,{variable},C,'the map command supports the substitution of $variable$ strings that match field names in the input results.'
1507,Dataset Processing,"When using the map command inside a dashboard <form>, what syntax should you use to specify a variable string?","Double dollar signs, $$count$$","A single dollar sign, $count$","A percent sign, %count%","Curly braces, {{count}}",A,"'When using the map command in a dashboard <form>, use double dollar signs ($$) to specify a variable string. For example, $$count$$.'"
1508,Dataset Processing,What is the $_serial_id$ field used by the map command?,A field that decreases by 1 with each run,A search ID that increases by 1 each run,The timestamp of the first map iteration run,A hash of the name of the saved search,B,"The search ID field 'will have a number that increases incrementally each time that the search is run... the first run search will have the ID value 1, and the second 2, and so on.'"
1509,Dataset Processing,What does the mcollect command do?,Converts events into metric points on the search head,Runs a saved search repeatedly for each input event,Converts metric data points back into raw events,Extracts field-values from table-formatted results,A,Mcollect 'Converts events into metric data points and inserts the metric data points into a metric index on the search head.'
1510,Dataset Processing,What capability must your role have to use the mcollect command?,admin_all_objects,run_mcollect,edit_metric_index,run_mstats,B,'You can use the mcollect command only if your role has the run_mcollect capability.'
1511,Dataset Processing,Is mcollect considered a risky command?,Only when the split argument is left out entirely,"Yes, misuse can pose a security risk or lose data",Only when it is run in real-time searches,"No, it is always safe to use in any context",B,"'This command is considered risky because, if used incorrectly, it can pose a security risk or potentially lose data when it runs.'"
1512,Dataset Processing,What is the default value of the file argument for mcollect?,mcollect_output.csv,$timestamp$_metrics.csv,$random$_metrics.csv,metrics.csv,C,The default for file as '$random$_metrics.csv.'
1513,Dataset Processing,What is the default value of the split argument for mcollect?,true,allnums,There is no default,false,D,The default for split as false.
1514,Dataset Processing,What is the default value of the spool argument for mcollect?,false,local,true,allnums,C,The default for spool as true.
1515,Dataset Processing,"When spool=true for mcollect, where is the metrics data file written and what happens to it?",It is written to the spool directory and removed once indexed,It is emailed to the search head administrator for later archiving and review,It is written to a lookup table and archived for later use,It is written to var/run/splunk and remains there indefinitely,A,"'the metrics data file is written to the Splunk spool directory... where the file is indexed. Once the file is indexed, it is removed.'"
1516,Dataset Processing,The host argument for mcollect is only applicable when which other argument is set?,prefix_field is set,marker is set,split=true,spool=true,D,Host is 'Only applicable when spool=true.'
1517,Dataset Processing,"What is the default sourcetype for data indexed by mcollect, and what is notable about it?",mcollect_default; it cannot ever be changed later,mcollect_stash; license usage is not calculated,metric_data; it requires a separate metrics license,metrics_csv; license usage is always calculated for it,B,"'The Splunk platform does not calculate license usage for data indexed with mcollect_stash, the default source type.'"
1518,Dataset Processing,What is the purpose of the marker argument in mcollect?,It marks which events failed to convert to metrics,It flags the search as risky in the audit log,It adds comma-separated key/value dimensions,It sets the time zone for the metric data points,C,"Marker as 'a string of one or more comma-separated key/value pairs that mcollect adds as dimensions to the metric data points it generates, for the purpose of searching on those metric data points later.'"
1519,Dataset Processing,"When split=false and you have single-metric events, what fields must your mcollect search produce?",A dimension field and a prefix_field,A metric_name field and a _value field,A splunk_server field and a marker field,A host field and a source field,B,"'your mcollect search must produce results with a metric_name field that provides the name of the measure, and a _value field that provides the measure's numeric value.'"
1520,Dataset Processing,"When mcollect is run with prefix_field=type on results where type=cpu, usage=0.78, and idle=0.22, what does prefix_field do to the resulting metric names?",It converts usage and idle into dimensions instead of measures for search,It renames usage and idle to type.usage and type.idle,It removes the type field entirely,"It prefixes the value cpu to metric names, e.g. metric_name:cpu.usage",D,"'its value, cpu, becomes the metric name prefix. The results look like this: metric_name:cpu.usage metric_name:cpu.idle.'"
1521,Dataset Processing,"If the _time field is not present in mcollect results, what does the Splunk software use as the timestamp?",The value of the marker field,The earliest time in the search,The current time,A null timestamp,C,"'If the _time field is not present, the current time is used.'"
1522,Generating,What three values can the required type argument for metadata take?,"events, metrics, lookups","raw, indexed, summary","hosts, sources, sourcetypes","index, host, source",C,"Type 'must be one of the three literal strings: hosts, sources, or sourcetypes.'"
1523,Generating,What is the default index used by the metadata command if no index-specifier is given?,All indexes that exist on the instance,The metrics index for the instance,The _internal index for the instance,The default index (usually main),D,"The default index-specifier as 'The default index, which is usually the main index.'"
1524,Generating,"To match non-internal indexes with the metadata command, what wildcard do you use?",index=*,index=main*,index=_*,index=all,A,"'To match non-internal indexes, use index=*.'"
1525,Generating,"To match internal indexes with the metadata command, what wildcard do you use?",index=*,index=int*,index=internal,index=_*,D,"'To match internal indexes, use index=_*.'"
1526,Generating,What command type is the metadata command?,Report-generating command,Streaming command,Orchestrating command,Dataset processing command,A,'The metadata command is a report-generating command.'
1527,Generating,What does the firstTime field returned by metadata represent?,The timestamp when the search was first run,The time when the index was first created,The earliest time selected in the time range picker,When an event from this host was first indexed,D,'The firstTime field is the timestamp for the first time that the indexer saw an event from this host.'
1528,Generating,What does the recentTime field returned by metadata represent?,The indextime of the most recent event from this host,The timestamp of the very first event ever indexed,The average time between events,The current system time,A,"'The recentTime field is the indextime for the most recent time that the index saw an event from this host. In other words, this is the time of the last update.'"
1529,Generating,Why might metadata results be incomplete in environments with large numbers of values for each category?,Because the metadata command only supports small indexes,This is a bug that Splunk plans to fix,Because the search head cluster is misconfigured,"This is intentional, keeping time and memory usage reasonable",D,'This is intentional and allows the metadata command to operate within reasonable time and memory usage.'
1530,Generating,What caution applies to running the metadata command in real-time searches?,A large result set can quickly consume all available memory,It automatically limits itself to 100 results in real-time mode,It requires the run_mcollect capability in real-time mode,It cannot be run in real-time searches at all,A,'Running the metadata command in a real-time search that returns a large number of results will very quickly consume all the available memory on the Splunk server.'
1531,Generating,Can you use the earliest or latest time range modifiers directly in a metadata search string?,"Yes, they work like any other command",No; use the Time Range Picker instead,"No, metadata ignores all time ranges entirely","Yes, but only with the type=hosts argument",B,'Set the time range using the Time Range Picker. You cannot use the earliest or latest time range modifiers in the search string.'
1532,Generating,What is the default maximum number of results returned by the metadata command?,"10,000","100,000","5,000","1,000",A,"'By default, a maximum of 10,000 results are returned.'"
1533,Generating,"What setting controls the maximum results returned by metadata, and where is it found?",metadata_limit in the [limits] stanza of indexes.conf,row_limit in the [metadata] stanza of props.conf,maxresultrows in the [metadata] stanza of limits.conf,max_results in the [search] stanza of savedsearches.conf,C,'This maximum is controlled by the maxresultrows setting in the [metadata] stanza in the limits.conf file.'
1534,Generating,What does the datatype-options argument (datatype=metric|event) let you specify for metadata?,Whether to search metrics indexes or event indexes,Whether results should be sorted ascending or descending,Whether to return raw or summarized data for the search,Whether to include the internal fields in the output,A,Datatype as specifying 'whether to limit the search to the metrics index or the event index.'
1535,Generating,What does the metasearch command do?,Retrieves index metadata using a logical expression,Aggregates statistics on metric_name and dimension fields together,Extracts field-values from table-formatted results in the search,Converts events into metric data points on the indexers,A,Metasearch 'Retrieves event metadata from indexes based on terms in the <logical-expression>.'
1536,Generating,What is the default timeformat for the <timeformat> argument used with metasearch?,%d/%m/%Y %H:%M:%S,%Y-%m-%d %H:%M:%S,%m/%d/%Y:%H:%M:%S,ISO 8601 format,C,The default as 'timeformat=%m/%d/%Y:%H:%M:%S.'
1537,Generating,What command type is metasearch?,Streaming command,Dataset processing command,Report-generating command,Event-generating command,D,'The metasearch command is an event-generating command.'
1538,Generating,Which of these fields is NOT among those returned by the metasearch command?,_time,metric_name,sourcetype,splunk_server,B,"Host, index, source, sourcetype, splunk_server, and _time as the fields returned by metasearch; metric_name is not among them."
1539,Generating,What does the index field returned by metasearch represent?,The repository for data; raw data becomes searchable events,The name of the sourcetype configuration file,A count of matching events,The name of the saved search that generated the event,A,"Index as 'The repository for data. When the Splunk platform indexes raw data, it transforms the data into searchable events.'"
1540,Dataset Processing,What does the meventcollect command do?,Retrieves metadata about sourcetypes across indexes,Converts streamed events into metric data points,Converts metric data points back into raw text events,Extracts field-values from table-formatted results,B,Meventcollect 'Converts events generated by streaming search commands into metric data points and inserts the data into a metric index on the indexers.'
1541,Dataset Processing,What capability must your role have to use meventcollect?,run_meventcollect,run_msearch,admin_all_objects,run_mcollect,D,'You can use the meventcollect command only if your role has the run_mcollect capability.'
1542,Dataset Processing,Is meventcollect considered a risky command?,"No, meventcollect is always completely safe to run",Only when run against real-time searches specifically,Only when the spool argument is explicitly set to false,"Yes, misuse can pose a security risk or lose data",D,"'This command is considered risky because, if used incorrectly, it can pose a security risk or potentially lose data when it runs.'"
1543,Dataset Processing,Which types of commands can precede meventcollect in a search pipeline?,Only transforming commands,Only generating commands,Only streaming commands,Any command type,C,'Only streaming commands can precede the meventcollect command so that results can be ingested on the indexers.'
1544,Dataset Processing,"If you need to use transforming commands to generate metric data points, which command should you use instead of meventcollect?",metadata,mpreview,mcollect,mstats,C,"'If you would like to run a search that uses transforming commands to generate metric data points, use mcollect instead of meventcollect.'"
1545,Dataset Processing,What is the default sourcetype for data indexed by meventcollect?,meventcollect_default,mcollect_stash,metrics_csv,metric_data,C,The default sourcetype for meventcollect as 'metrics_csv.'
1546,Dataset Processing,What is the default value of the spool argument for meventcollect?,true,allnums,false,local,A,The default for spool as true.
1547,Dataset Processing,What is the default value of the split argument for meventcollect?,true,There is no default,allnums,false,D,The default for split as false.
1548,Dataset Processing,The host argument for meventcollect is only applicable when which other argument is set?,spool=true,prefix_field is set,split=true,sourcetype is set,A,Host is 'Only applicable when spool=true.'
1549,Dataset Processing,What is the default value of the file argument for meventcollect?,meventcollect_output.csv,$timestamp$_metrics.csv,metrics.csv,$random$_metrics.csv,D,The default for file as '$random$_metrics.csv.'
1550,Dataset Processing,What caution applies to running the meventcollect command over large amounts of data?,It can overwhelm indexers that lack sufficient capacity,"It cannot process more than 10,000 events in a single run",It requires a support ticket to be opened before running it,It will automatically throttle itself to protect the search head,A,"'if you run an meventcollect search over large amounts of data, it potentially can overwhelm indexers and indexer clusters that do not have a significant amount of capacity.'"
1551,Dataset Processing,When is field-list required for meventcollect?,When spool=true,It is always required,When split=true,When split=false,C,Field-list is 'Required if split=true.'
1552,Dataset Processing,"When prefix_field is specified for meventcollect and a data point is missing that field, what happens?",The data point is indexed without a prefix,The data point is ignored,The search fails with an error,"The field is set to a default value of ""none""",B,"'If specified, meventcollect ignores any data point with that field missing.'"
1553,Generating,In what format does mpreview return metric data points?,JSON,Plain text,CSV,XML,A,"'By design, mpreview returns metric data points in JSON format.'"
1554,Generating,What is the default target number of metric data points mpreview retrieves per metric time series from each metrics time-series index (tsidx) file?,100,5,10,1,B,"'By default, mpreview retrieves a target of five metric data points per metric time series from each metrics time-series index file.'"
1555,Generating,What capability must your role have to use the mpreview command?,run_mpreview,run_mcollect,run_msearch,admin_all_objects,C,'You can use the mpreview command only if your role has the run_msearch capability.'
1556,Generating,What is the minimum allowed value for the chunk_size argument in mpreview?,1000,1,100,10,D,"'For mpreview, chunk_size cannot be set lower than 10.'"
1557,Generating,What is the default value of the chunk_size argument for mpreview?,10000,10000000,1000,100,C,The default for chunk_size as 1000.
1558,Generating,What happens if you set target_per_timeseries=0 in mpreview?,The search fails immediately with an error message shown,"It returns all data points per time series, slowly","It returns exactly one data point per time series, fast",It disables the mpreview command entirely,B,'If you set target_per_timeseries to 0 it returns all data points available within the given time range for each time series. This search will likely be very large in scale and therefore very slow to complete.'
1559,Generating,The mpreview command cannot search data indexed prior to an upgrade to which version of the Splunk platform?,9.0.x,7.0.x,8.0.x,6.0.x,C,'The mpreview command cannot search data that was indexed prior to your upgrade to the 8.0.x version of the Splunk platform.'
1560,Generating,"If you want to aggregate metric data points rather than preview individual ones, which command should you use instead of mpreview?",map,metadata,mstats,multikv,C,"'The mpreview command is designed to display individual metric data points in JSON format. If you want to aggregate metric data points, use the mstats command.'"
1561,Generating,What tradeoff results from lowering the chunk_size for mpreview?,The search stops returning JSON output,The search can no longer use a filter,The search becomes faster but uses more memory,The search is more responsive but may take longer,D,'Reduce the chunk_size to make the search more responsive with the potential tradeoff of making the search slower to complete.'
1562,Generating,What tradeoff results from raising the chunk_size for mpreview?,The search completes faster but may be less responsive,The search automatically switches to CSV output,The search becomes slower to complete but more responsive,The search stops supporting target_per_timeseries,A,"'Raise the chunk_size to help the mpreview search to complete faster, with the potential tradeoff of making it less responsive.'"
1563,Generating,What does the filter argument in mpreview specify?,A list of hosts to exclude from the metrics search results,A boolean expression on the dimension or metric_name,A regular expression applied to the _raw field of events,A time range for the metrics search,B,Filter as 'An arbitrary boolean expression over the dimension or metric_name.'
1564,Generating,"If mpreview searches 10 tsidx files that each contain 100 metric time series, with target_per_timeseries=5, what is the expected maximum number of metric data points returned?",1000,5000,500,50000,B,'you should expect a maximum of 10 x 100 x 5 = 5000 metric data points to be returned by the search.'
1565,Generating,"Like other metrics search commands, how does mpreview treat metric_name values such as cap.gear, CAP.GEAR, and Cap.Gear?",As one merged value with a warning,As invalid metric names,"As three distinct, case-sensitive values","As the same value, normalized to lowercase",C,"'mpreview treats as the following as three distinct values of metric_name: cap.gear, CAP.GEAR, and Cap.Gear.'"
1566,Generating,What is the msearch command?,An alias for the mstats command,A command for searching multikv-extracted tables,A deprecated version of metadata,An alias for the mpreview command,D,'The msearch command is an alias for the mpreview command.'
1567,Generating,The msearch command is an alias for which command?,The metadata command topic,The mstats command topic,The mcollect command topic,The mpreview command topic,D,'See the mpreview command for the syntax and examples.'
1568,Generating,"Which two commands are used to list metadata about, and aggregate values from, metrics indexes?",mcatalog and mstats,map and multikv,metadata and metasearch,mcollect and meventcollect,A,mcatalog lists metric names and dimensions; mstats aggregates metric data points.
1569,Generating,What does the mstats command do?,"Returns a list of sources, sourcetypes, or hosts",Extracts field-values from table-formatted results,Converts raw events into metric data points,Runs statistics on metrics index fields,D,"'Use the mstats command to analyze metrics. This command performs statistics on the measurement, metric_name, and dimension fields in metric indexes.'"
1570,Generating,For which kind of search does the mstats command provide the best performance?,All metric_name values across every metrics index in the deployment,Only wildcarded metric_name values across all metrics indexes,Metrics indexes that use millisecond timestamp resolution,A single metric_name value or a few metric_name values,D,'The mstats command provides the best search performance when you use it to search a single metric_name value or a small number of metric_name values.'
1571,Generating,What is the default value of the append argument for mstats?,false,There is no default,true,auto,A,The default for append as false.
1572,Generating,The append argument for mstats is valid only when which other argument is set to true?,split,prestats,backfill,chart,B,Append is 'Valid only when prestats=true.'
1573,Generating,What is the default value of the backfill argument for mstats?,There is no default,false,true,auto,C,The default for backfill as true.
1574,Generating,For which kind of search is the backfill argument for mstats valid?,Searches with prestats=true,Real-time searches that have a time window,Historical searches with a span argument,Searches using the stats-func-value syntax,B,Backfill is 'Valid only with real-time searches that have a time window.'
1575,Generating,What is the default value of the chart argument for mstats?,chart=f,chart=t,chart=json,chart=auto,A,The default as chart=f.
1576,Generating,"When a span is provided in mstats chart mode, at most how many group-by fields are supported?","Zero group-by fields, since span disables grouping","Two, split across two distinct separate series","One, used as the series splitting field",Unlimited group-by fields when span is set,C,"'When a span is provided, the mstats chart mode format resembles that of the timechart command, and can support at most one group-by field, which is used as the series splitting field.'"
1577,Generating,What is the default value of the chunk_size argument for mstats?,"1,000 events per chunk","10,000 events per chunk","10,000,000 (10 million)","100,000 events per chunk",C,The default for chunk_size as 10000000 (10 million).
1578,Generating,What is the minimum allowed chunk_size value for mstats?,1000,100000,10,10000,D,"'For mstats, chunk_size cannot be set lower than 10000.'"
1579,Generating,What is the default value of fillnull_value for mstats?,null,0,"""""","""N/A""",C,The default for fillnull_value as empty string.
1580,Generating,The field-list argument for mstats is required when using which clause?,WHERE clause,chart clause,BY clause,span-length clause,C,Field-list 'Specifies one or more fields to group the results by. Required when using the BY clause.'
1581,Generating,"When using the stats-func syntax with mstats, can the WHERE clause filter on metric_name?",Only in real-time searches,"Yes, always",Only with wildcards,No,D,"'If you are using the <stats-func> syntax, the WHERE clause cannot filter by metric_name.'"
1582,Generating,"When using the stats-func-value syntax with mstats, what must the WHERE clause filter on?",host,index only,_time,metric_name,D,"'If you are using the <stats-func-value> syntax, the WHERE clause must filter by metric_name.'"
1583,Generating,What is the default value of the prestats argument for mstats?,true,false,There is no default,auto,B,The default for prestats as false.
1584,Generating,What is the default value of span-length for mstats if not specified?,auto,1 second,1 hour,1 minute,A,"'If you do not specify a <span-length>, the default is auto, which means that the number of time buckets adjusts to produce a reasonable number of results.'"
1585,Generating,To what must span be set for the every argument of mstats to be valid?,"1 second, the minimum span",A valid value other than auto,"auto, the default span setting",A subsecond timescale such as ms,B,'The every argument is valid only when span is set to a valid value other than auto.'
1586,Generating,What is the default value of update_period for mstats?,100 milliseconds,10000 milliseconds,1000 milliseconds,60000 milliseconds,C,The default for update_period as 1000 (1 second).
1587,Generating,Which two functions are specific to mstats (mstats-specific-func)?,earliest and latest,sum and avg,rate_avg and rate_sum,count and range,C,'rate_avg | rate_sum Description: Two functions that are specific to mstats.'
1588,Generating,What does rate_avg compute in mstats?,"The per-time-series rates for a counter metric, then averages them",The rate of change between two arbitrary fields,The average value of a gauge metric,The sum of per-metric-time-series rates for an accumulating counter metric,A,'rate_avg computes the per metric time series rates for an accumulating counter metric and then returns the average of those rates.'
1589,Generating,How does rate_sum differ from rate_avg in mstats?,rate_sum requires prestats=true,rate_sum only works on gauge metrics,rate_sum sums the rates instead of averaging them,rate_sum cannot be used with counter metrics,C,'rate_sum does the same thing as rate_avg except that it returns the sum of the rates.'
1590,Generating,What is the default value of chart.limit for mstats?,all,top5,top10,bottom10,C,The default for chart.limit as top10.
1591,Generating,What is the default value of chart.agg for mstats?,sum,avg,count,max,A,The default for chart.agg as sum.
1592,Generating,What is the default label used by chart.nullstr when chart.usenull is true and no value is specified for mstats?,UNKNOWN,NULL,N/A,EMPTY,B,Chart.nullstr 'defaults to NULL.'
1593,Generating,What is the default label used by chart.otherstr when chart.useother is true and no value is specified for mstats?,REMAINDER,MISC,OTHER,ALL_ELSE,C,Chart.otherstr 'defaults to OTHER.'
1594,Generating,"What command type is mstats, except when append=true?",Streaming command,Report-generating command,Dataset processing command,Orchestrating command,B,"'The mstats command is a report-generating command, except when append=true.'"
1595,Generating,Does the mstats command support subsearches?,"Yes, in the same way as most other commands",No; use append with a prior mstats search,Only when prestats=true,"Yes, but only in real-time searches",B,'The mstats command does not support subsearches. You can use the append argument to add the results of an mstats search to the results of a preceding mstats search.'
1596,Generating,Can you use wildcard characters in the GROUP BY clause of an mstats search?,No,"Yes, always",Only with the stats-func-value syntax,Only for the metric_name field,A,'You cannot use wildcard characters in the GROUP BY clause.'
1597,Generating,"If you use a wildcarded metric aggregation and rename it with AS in mstats, what must the rename also have?",No wildcards at all,Matching wildcards,A quoted string literal,A different field name entirely,B,"'If you are using wildcard characters in your aggregations and you are renaming them, your rename must have matching wildcards.'"
1598,Generating,"If you do not specify an index name in the WHERE clause of an mstats search and you have no default metrics indexes associated with your role, what happens?",An error requiring an index is thrown,Results come from the main index,Results come from all metrics indexes,No results are returned,D,"'If you do not specify an index name and you have no default metrics indexes associated with your role, mstats returns no results.'"
1599,Generating,"To search against all metrics indexes with mstats, what should you specify?",WHERE index=_*,No WHERE clause at all,WHERE index=all,WHERE index=*,D,'To search against all metrics indexes use WHERE index=*.'
1600,Generating,Where must the WHERE clause appear relative to the BY or GROUPBY clause in an mstats search?,Before the BY or GROUPBY clause,It can appear in any order,WHERE and BY cannot be used together,After the BY or GROUPBY clause,A,"'The WHERE clause must come before the BY or GROUPBY clause, if they are both used in conjunction with mstats.'"
1601,Generating,"To group mstats results by time buckets, what must you specify?","The chart argument, before running the search",A timespan using the span-length argument,"The prestats argument, set to true first of all",A field-list passed to the group-by clause,B,'You must specify a timespan using the <span-length> argument to group by time buckets.'
1602,Generating,Is grouping mstats results by the _value or _time field allowed?,Only _value can be used for grouping the results,"No, neither _value nor _time can be used","Yes, grouping by either of those fields is allowed",Only _time can be used for grouping the results,B,'Grouping by the _value or _time fields is not allowed.'
1603,Generating,What syntax do you use to group mstats results by metric time series?,GROUPBY metric_series,WHERE _timeseries=true,BY _timeseries,BY _time,C,'Use BY _timeseries to group by metric time series.'
1604,Generating,Which metrics index timestamp resolution is required to use subsecond span timescales (such as ms) with mstats?,Second timestamp resolution,Millisecond timestamp resolution,Microsecond timestamp resolution only,"Any resolution, without restriction",B,'You can only use subsecond span timescales... for mstats searches over metrics indexes that have been configured to have millisecond timestamp resolution.'
1605,Generating,"What is the default value, set in limits.conf, of time_bin_limit, which regulates the number of mstats time bins per tsidx file?","100,000",1 million,"500,000",10 million,B,"'This limit is set by time_bin_limit in limits.conf, which is set to 1 million bins by default.'"
1606,Generating,"What does ""| mstats avg(aws.ec2.CPUUtilization) WHERE index=mymetricdata span=30s"" do?",Returns the maximum value of the metric bucketed into 30 second spans,"Returns the metric's average in mymetricdata, bucketed into 30-second spans",Returns a count of the metric events every 30 seconds,"Returns the metric renamed to ""CPUUtilization"" every 30 minutes",B,This example as 'Return the average value of the aws.ec2.CPUUtilization metric in the mymetricdata metric index. Bucket the results into 30 second time spans.'
1607,Generating,"In '| mstats median(aws.ec2.CPUUtilization) span=1m every=5m', what does using every=5m accomplish?",It speeds up the search by sampling one minute in five,It forces the search to use the stats-func-value syntax,It converts the search into a real-time search job,It disables downsampling entirely for the search,A,This example as speeding 'up the search by using every to compute the median for one minute of every five minutes covered by the search.'
1608,Distributable Streaming,What does the multikv command do?,Converts events into metric data points,Runs a saved search repeatedly for each result,"Extracts field-values from table results, one event per row",Converts a single valued field into a multivalue field again,C,"Multikv 'Extracts field-values from table-formatted search results, such as the results of the top, tstats, and so on. The multikv command creates a new event for each table row.'"
1609,Distributable Streaming,Where do the field names for events generated by multikv come from?,The title row of the table,The sourcetype configuration,The first column only,The multikv.conf default stanza,A,Multikv 'assigns field names from the title row of the table.'
1610,Distributable Streaming,What is the default value of the copyattrs argument for multikv?,false,true,auto,There is no default,B,The default for copyattrs as true.
1611,Distributable Streaming,What happens when copyattrs=false in multikv?,The original events are deleted after splitting,Only the _time field is copied to the new events,"No fields are copied, so new events lack _time",All fields from the original event are copied to the new events,C,"'When false, no fields are copied from the original event. This means that the events will have no _time field and the UI will not know how to display them.'"
1612,Distributable Streaming,What is the default value of the multitable argument for multikv?,auto,true,false,There is no default,B,The default for multitable as true.
1613,Distributable Streaming,What does setting noheader=true imply for multikv?,multitable=true,multitable=false,rmorig=false,copyattrs=false,B,'noheader=true implies multitable=false.'
1614,Distributable Streaming,"What is the default value of the rmorig argument for multikv, and what does that default mean?",false; only new events are generated,false; original events are always removed,true; originals are excluded from output,true; the original events are duplicated,C,"The default for rmorig as true, and states 'When true, the original events will not be included in the output results.'"
1615,Distributable Streaming,"On Splunk Cloud Platform, what must you do to extract field-value pairs from table-formatted search results using multikv-style functionality?",Nothing extra is required,Contact Splunk to enable a hidden setting,Use the metadata command instead,Create a private app,D,"'For Splunk Cloud Platform, you must create a private app to extract field-value pairs from table-formatted search results.'"
1616,Generating,What type of command is multisearch?,A dataset processing command,An event-generating command,A stateless streaming command,A transforming (reporting) command,B,"""The multisearch command is an event-generating command."""
1617,Generating,What is the minimum number of subsearches that must be specified with the multisearch command?,Three,One,Two,Four,C,"Multisearch ""requires at least two subsearches."""
1618,Generating,Which of the following is an example of a streaming command usable inside a multisearch subsearch?,transaction,eval,stats,top,B,"Search, eval, where, fields, and rex as example streaming commands for multisearch subsearches."
1619,Generating,Why does a NOT clause fail to exclude a search peer inside a multisearch subsearch?,Because multisearch connects to all peers by default,Because multisearch requires the append command,Because multisearch ignores the search command entirely,Because NOT is not supported in subsearches,A,"You can't exclude search peers from multisearch because ""the multisearch command connects to all peers by default."""
1620,Generating,Which command should you add to the end of a search to turn off search optimization so that append can be used to exclude a search peer?,| multisearch optimize=false | head,| search NOT splunk_server | noop,| noop search_optimization=false,| fields - splunk_server,C,"The example ""|noop search_optimization=false"" to turn off search optimization for a specific search."
1621,Transforming,What does the mvcombine command do to a group of events that are identical except for one specified field?,It deletes the events with differing values,"It combines them into one event, making the field multivalue",It renames the field to a unique value per event,It splits each event into multiple events by the field's values,B,"Mvcombine ""combines those events into a single event. The specified field becomes a multivalue field."""
1622,Transforming,What is the default delimiter used by mvcombine's delim argument?,A pipe character,A semicolon,A comma,A single space,D,"The default for delim as ""a single space, (\"" \"")."""
1623,Transforming,"For the mvcombine command, which type of fields does it not apply to?",Numeric fields,Internal fields,Multivalue fields,Indexed fields,B,"""The mvcombine command does not apply to internal fields."""
1624,Transforming,What type of command is mvcombine?,A stateless streaming command,A transforming (reporting) command,A generating (event-producing) command,A reporting command,B,"""The mvcombine command is a transforming command."""
1625,Transforming,The mvcombine command is most useful after you reduce the set of available fields with which command?,The table command,The dedup command,The rename command,The fields command,D,"""this command is most useful after you reduce the set of available fields by using the fields command."""
1626,Transforming,"What must you add to the end of your search after mvcombine to display the single-value, delimited version of the field?",The rex command,The mvexpand command,The eval command,The nomv command,D,"""To display the single value version with the delimiters, add the | nomv command to the end of your search."""
1627,Transforming,"If your primary goal is simply converting a multivalue field into a single-value field, what should you use instead of mvcombine?",The stats command with a values() aggregation,The rangemap command with numeric buckets,The nomv command or the mvjoin eval function,The dedup command to remove duplicate values,C,"""mvcombine is probably not your best option... Instead, try either the nomv command or the mvjoin eval function."""
1628,Transforming,Which eval function converts a multivalue field to single value using a delimiter that you supply?,mvjoin,mvzip,mvcount,mvfilter,A,"Table states the mvjoin eval function is used ""where the former multivalues are separated by a delimiter that you supply."""
1629,Transforming,"Running ""stats max(bytes) AS max, min(bytes) AS min BY host | mvcombine host"" on three www hosts with identical max/min values produces how many result rows?",Three rows,Two rows,Zero rows,One row,D,"""Instead of three rows, one row is returned. The host field is now a multivalue field."""
1630,Transforming,For which of the following output modes does the delim argument selected with mvcombine have no effect?,Command-line search with -output csv,Exporting to CSV in the UI,Exporting to CSV from Splunk Web,Requesting JSON from the REST API,D,"For forms preferring the multivalue representation, such as JSON or REST API output, ""the selected delim has no effect."""
1631,Distributable Streaming,What does the mvexpand command create for each value in a multivalue field?,A new field named after the value,A single merged event,A new column for every multivalue field value,A new result for every multivalue field value,D,"Mvexpand ""creates a new result for every multivalue field"" value."
1632,Distributable Streaming,What is the required argument for the mvexpand command?,A custom delimiter string value,The name of a multivalue field,A limit integer value,A list of field names,B,"The syntax is ""mvexpand <field> [limit=<int>]"" where field is ""The name of a multivalue field."""
1633,Distributable Streaming,What is the default value of the limit argument for mvexpand?,No limit (value 0),"500, the default limit",100 events per chunk,"1000, per configuration",A,"The default for limit as ""0, or no limit."""
1634,Distributable Streaming,What type of command is mvexpand?,A distributable streaming command,A dataset processing command,A transforming (reporting) command,A generating (event-producing) command,A,"""The mvexpand command is a distributable streaming command."""
1635,Distributable Streaming,What is the default RAM limit that mvexpand is permitted to use while expanding a batch of results?,100MB,1GB,250MB,500MB,D,"""By default the limit is 500MB."""
1636,Distributable Streaming,Which limits.conf setting can be edited to adjust the memory limit used by mvexpand?,maxresultrows,max_mem_usage_mv,mvexpand_limit,max_mem_usage_mb,D,"You can adjust the limit ""by editing the max_mem_usage_mb setting in the limits.conf file."""
1637,Distributable Streaming,What happens if mvexpand's memory usage attempt exceeds the configured maximum on a chunk of results?,The search fails immediately,The limit is automatically doubled,The command silently skips the chunk,The chunk is truncated with a warning,D,"""If this attempt exceeds the configured maximum on any chunk, the chunk is truncated and a warning message is emitted."""
1638,Distributable Streaming,How many multivalue fields can a single mvexpand command operate on at once?,Up to two,Up to five,Only one,An unlimited number,C,"""The mvexpand command only works on one multivalue field."""
1639,Distributable Streaming,What delimiter does the nomv command use to separate the values it converts into a single value?,A comma,A single space,"A new line ""\n""",A semicolon,C,"Nomv ""Separates the values using a new line \""\\n\"" delimiter."""
1640,Distributable Streaming,What type of command is nomv?,A dataset processing command,A transforming (reporting) command,A generating (event-producing) command,A distributable streaming command,D,"""The nomv command is a distributable streaming command."""
1641,Distributable Streaming,What does the nomv command override?,The delimiter set in transforms.conf,The sort order set in props.conf,The index-time settings in indexes.conf,The field's multivalue config in fields.conf,D,"Nomv ""Overrides the configurations for the multivalue field that are set in the fields.conf file."""
1642,Dataset Processing,What is the default value of the action argument for the outlier command?,remove,truncate,mark,transform,D,"The default for action as ""transform."""
1643,Dataset Processing,What is the abbreviation for the remove action in the outlier command?,rem,rmv,del,rm,D,"""The remove action can be shorted to rm."""
1644,Dataset Processing,What is the default value of the param argument for the outlier command?,1.5,2.5,3.0,2.0,B,"The default for param as ""2.5."""
1645,Dataset Processing,What type of command is outlier?,A transforming (reporting) command,A reporting command,A distributable streaming command,A dataset processing command,D,"""The outlier command is a dataset processing command."""
1646,Dataset Processing,What does the uselower argument of the outlier command control?,Whether to also look for outliers below the median,Whether to compute the IQR using the lower quartile only,"Whether to prefix outliers with ""000""",Whether to remove or transform outliers,A,"Uselower ""Controls whether to look for outliers for values below the median in addition to above."""
1647,Dataset Processing,"In which directory does outputcsv save CSV files on the local search head, by default?",$SPLUNK_HOME/var/log/splunk,$SPLUNK_HOME/etc/apps/search/lookups,$SPLUNK_HOME/var/run/splunk/csv,$SPLUNK_HOME/etc/system/local,C,"Outputcsv ""saves search results to the specified CSV file on the local search head in the $SPLUNK_HOME/var/run/splunk/csv directory."""
1648,Dataset Processing,Can the outputcsv command be used on Splunk Cloud Platform?,"Yes, but only for empty files","No, it cannot be used","Yes, without restriction","Yes, but only with dispatch=true",B,"""If you have Splunk Cloud Platform, you cannot use this command."""
1649,Dataset Processing,What is the default value of the append argument for outputcsv?,false,There is no default,true,It depends on whether the file exists,A,"The default for append as ""false."""
1650,Dataset Processing,Can the outputcsv command append to .gz files?,Only if singlefile=false,"No, not to .gz files",Only if create_empty=true,"Yes, always",B,"""The command cannot append to .gz files."""
1651,Dataset Processing,What is the default value of override_if_empty for outputcsv?,There is no default,true,It matches the append setting,false,B,"The default for override_if_empty as ""true."""
1652,Dataset Processing,What is the default value of the singlefile argument for outputcsv?,true,Depends on dispatch,false,Depends on usexml,A,"The default for singlefile as ""true."""
1653,Dataset Processing,"If no filename is specified with outputcsv, where are the CSV rows written instead?",Into a temporary lookup table,Into the _time field,Into the _raw field,Into the _xml field,D,"""If no filename is specified, the command rewrites the contents of each result as a CSV row into the _xml field."""
1654,Dataset Processing,Which of the following is one of the internal fields automatically added to the CSV file by outputcsv?,_cd,_kv,_indextime,_bkt,C,"_raw, _time, _indextime, _serial, _sourcetype, and _subsecond as internal fields automatically added."
1655,Dataset Processing,What happens to a multivalued field's values when outputcsv writes them to a CSV file?,They are dropped from the output,Joined into one space-delimited value,They are converted into JSON arrays,They are written as separate rows,B,"""The outputcsv command merges values in a multivalued field into single space-delimited value."""
1656,Dataset Processing,"Why is the outputcsv command considered ""risky"" and subject to SPL safeguards?",Because misuse can risk security or lose data,Because it always overwrites the entire index,Because it disables search optimization,Because it requires admin role by default,A,"The command ""is considered risky because, if used incorrectly, it can pose a security risk or potentially lose data when it runs."""
1657,Dataset Processing,What two file extensions must an outputlookup filename end with?,.csv or .csv.gz,.lookup or .csv,.csv or .json,.tsv or .csv,A,"""The file must end with .csv or .csv.gz."""
1658,Dataset Processing,What is the default value of the append argument for outputlookup?,Depends on max,Depends on key_field,false,true,C,"The default for append as ""false."""
1659,Dataset Processing,"With outputlookup's default append=false, what happens to fields that are not in the current search results?",They cause the whole search to fail,They are retained with null values,They are removed from the file,They are merged with existing fields,C,"With append=false, ""Fields that are not in the current search results are removed from the file."""
1660,Dataset Processing,The allow_updates argument defaults to true under which circumstance(s)?,When max is set to a positive integer,When create_empty=true is specified,When append=true or key_field names a field,When output_format=splunk_mv_csv is used,C,"Allow_updates ""is set to true by default if either the append argument is set to true or if the key_field argument is set to a valid field name."""
1661,Dataset Processing,"If allow_updates is set to false, what does outputlookup do?",Deletes all existing records,Only inserts new records,Only updates existing records,Both updates and inserts records,B,"""If allow_updates is set to false, the outputlookup only inserts records."""
1662,Dataset Processing,"For the outputlookup command, what is the default value of the createinapp argument?",Depends on create_context,false,There is no default,true,D,"The default for createinapp as ""true."""
1663,Dataset Processing,"If both createinapp and create_context are used in the same outputlookup search, which one takes effect?",create_context overrides createinapp,createinapp overrides create_context,Whichever is listed first in the search,Neither is applied; the search fails,B,"""If you try to use both of these arguments in the same search, createinapp argument overrides the create_context argument."""
1664,Dataset Processing,"If neither createinapp nor create_context is specified for outputlookup, what determines where the lookup table file is created?",The most recently modified lookup directory,The user's default app,The create_context setting in limits.conf,The transforms.conf stanza order,C,"""the create_context setting in limits.conf determines where outputlookup creates the lookup table file"" when neither argument is used."
1665,Dataset Processing,"For the outputlookup command, what is the default value of the create_context argument?",local,system,user,app,D,"The default for create_context as ""app."""
1666,Dataset Processing,"When key_field is used in an outputlookup search, what does append default to?",false,It has no default when key_field is used,It depends on allow_updates,true,D,"""When key_field is used in an outputlookup search, by default, append is set to true."""
1667,Dataset Processing,What is the default value of the max argument for outputlookup?,1000,10000,50000,None,D,"The default for max as ""no limit."""
1668,Dataset Processing,"For the outputlookup command, what is the default value of the output_format argument?",splunk_sv_csv,csv_default,mv_default,splunk_mv_csv,A,"The default for output_format as ""splunk_sv_csv."""
1669,Dataset Processing,When should you use output_format=splunk_mv_csv with outputlookup?,When writing exclusively to a KV store collection,When append=true is required,When you need to compress the output file,For multivalued fields you'll read back via inputlookup,D,"""Use output_format=splunk_mv_csv when you want to output multivalued fields to a lookup table file, and then read the fields back into Splunk using the inputlookup command."""
1670,Dataset Processing,What is the default value of override_if_empty for outputlookup?,false,There is no default,Depends on create_empty,true,D,"The default for override_if_empty as ""true."""
1671,Dataset Processing,Can the outputlookup command be used with external lookups?,"No, not with external lookups",Only with key_field set,Only in Splunk Cloud Platform,"Yes, always",A,"""The outputlookup command cannot be used with external lookups."""
1672,Dataset Processing,What are the default values of check_permission (in transforms.conf) and outputlookup_check_permission (in limits.conf)?,"check_permission defaults to true, the other to false",Both default to true,"check_permission defaults to false, the other to true",Both default to false,D,"""Both check_permission and outputlookup_check_permission default to false."""
1673,Dataset Processing,"An existing CSV lookup has fields A, D, and J, and the search results have fields A, C, and J. What happens when you run outputlookup with append=true?","Fields A, C, and J are written; D is lost","All four fields A, C, D, and J are written",Only field D is retained and all others are dropped,Fields A and J are written; C is lost and D is retained,D,"With append=true, ""only the fields that are currently in the file are preserved... fields A and J are written to the CSV file. Field C is lost... Field D is retained."""
1674,Dataset Processing,"When outputlookup writes to a static CSV lookup table, what happens to a multivalued field's values, and does this apply to KV store collections?",They are dropped entirely for both CSV and KV store,They are written as separate rows; this applies only to KV store collections,They are merged into a single space-delimited value; this also applies to KV store collections,They are merged into a single space-delimited value; this does not apply to KV store collections,D,"""the outputlookup command merges values in a multivalued field into single space-delimited value. This does not apply to a KV store collection."""
1675,Dataset Processing,Which field does the outputtext command copy the contents of the _raw field into?,_sourcetype,_time,_indextime,_xml,D,"Outputtext ""Outputs the contents of the _raw field to the _xml field."""
1676,Dataset Processing,What is the default value of the usexml argument for outputtext?,Depends on the sourcetype,false,true,There is no default,C,"The default for usexml as ""true."""
1677,Dataset Processing,What type of command is outputtext?,A reporting command,A generating (event-producing) command,A stateless streaming command,A transforming (reporting) command,A,"""The outputtext command is a reporting command."""
1678,Dataset Processing,Which external Python script does the overlap command invoke?,summary_gaps.py,overlap_finder.py,sumindexoverlap.py,fill_summary_index.py,C,"The overlap command ""invokes an external python script $SPLUNK_HOME/etc/apps/search/bin/sumindexoverlap.py."""
1679,Dataset Processing,The overlap command finds time overlaps and gaps between events that share which field but differ in which other field?,"Same info_search_id, different info_search_name","Same info_search_name, different info_search_id","Same info_min_time, different info_max_time","Same info_max_time, different info_min_time",B,"The script ""finds any time overlaps and gaps between events with the same 'info_search_name' but different 'info_search_id'."""
1680,Dataset Processing,What should you use instead of the overlap command to backfill summary indexes?,The inputlookup command,The collect command,The fill_summary_index.py script,The sumindexoverlap.py script,C,"""Splunk Enterprise provides a script called fill_summary_index.py that backfills your indexes or fill summary index gaps."""
1681,Generating,The pivot command is fundamentally a wrapper around which two commands?,stats and eval,timechart and xyseries,stats and xyseries,stats and chart,C,"""this command is a wrapper around the stats and xyseries commands."""
1682,Generating,What type of command is pivot?,A stateless streaming command,A transforming (reporting) command,A dataset processing command,A report-generating command,D,"""The pivot command is a report-generating command."""
1683,Generating,"Which two arguments must be specified immediately after the pivot command, before any pivot elements?",filename and tablename,cellvalue and rowvalue,field-list and by-clause,"datamodel-name, object-name",D,"The syntax is ""| pivot <datamodel-name> <object-name> <pivot-element>."""
1684,Generating,Which of the following aggregate functions can be used as a pivot cell value for a Numbers-type field?,endsWith,stdev,duration,earliest,B,"Sum, count, avg, max, min, stdev, list, and values as allowed functions for Numbers fields."
1685,Generating,"In a pivot SPLITROW element, what does the RANGE option apply to?",Strings only,Numbers only,Timestamps only,Booleans only,B,"""RANGE applies only for numbers."""
1686,Generating,"In a pivot SPLITROW or SPLITCOL element, what does the PERIOD option specify?",The percentage confidence interval of the split,The period to bucket timestamp values by,The number of rows to summarize in each bucket,The label for boolean true values in the split,B,"""PERIOD applies only for timestamps. Use it to specify the period to bucket by."""
1687,Generating,"In the pivot LIMIT element syntax, what are the two valid values for <limittype>?",max or min,first or last,top or bottom,high or low,C,"""The limittype argument specifies where to place the limit. The valid values are top or bottom."""
1688,Generating,"For a Boolean field in a pivot filter expression, which comparison operators are valid?","contains, startsWith, endsWith","in, doesNotContain, isNot","=, !=, <, >","is, isNull, isNotNull",D,"""Booleans: is, isNull, isNotNull"" as the valid filter operators."
1689,Dataset Processing,What does the predict command provide for all of its estimates?,A 95th percentile confidence interval range,A p-value for each individual prediction,A single overall point estimate only,"A raw error margin, expressed in percent",A,"""The predict command adds a predicted value and an upper and lower 95th percentile range to each event."""
1690,Dataset Processing,What is the default algorithm used by the predict command?,LLP5,BiLL,LLT,LL,A,"The default for algorithm as ""LLP5."""
1691,Dataset Processing,Which of the predict algorithms are univariate?,"LLT, BiLL, and LLP","LLB, BiLL, and LL","LL, LLB, and LLT","LL, LLT, LLP, and LLP5",D,"""LL, LLT, LLP, and LLP5 are univariate algorithms."""
1692,Dataset Processing,Which two predict algorithms are bivariate?,LLP and LLP5,LLB and BiLL,LLT and LLP,LL and LLT,B,"""LLB and BiLL are bivariate algorithms."""
1693,Dataset Processing,All of the predict command's algorithms are variations based on which filter?,The moving average filter,The Butterworth filter,The Kalman filter,The exponential smoothing filter,C,"""All the algorithms are variations based on the Kalman filter."""
1694,Dataset Processing,"For the predict command, what is the minimum number of data points required by the LL algorithm?",2,5,3,10,A,"Table states LL ""Requires a minimum of 2 data points."""
1695,Dataset Processing,"For the predict command, what is the minimum number of data points required by the LLT algorithm?",4,5,3,2,C,"Table states LLT ""Requires a minimum of 3 data points."""
1696,Dataset Processing,What distinguishes the LLP algorithm from LL?,LLP requires fewer data points than LL,LLP does not compute confidence intervals,LLP factors in seasonality (cyclical regularity),LLP is a bivariate model while LL is univariate,C,"""The LLP algorithm takes into account the cyclical regularity of the data, if it exists."""
1697,Dataset Processing,How does the LLP5 algorithm compute its prediction?,It uses the BiLL algorithm as a fallback,It always uses only the LLP algorithm,It averages the results of LL and LLB,It weight-averages LLT and LLP predictions,D,"LLP5 ""computes two predictions, one using LLT and the other using LLP. The algorithm then takes a weighted average of the two values."""
1698,Dataset Processing,Which predict option is required when you specify algorithm=LLB?,holdback,period,suppress,correlate,D,"Correlate ""Specifies the time series that the LLB algorithm uses to predict the other time series. Required when you specify the LLB algorithm."""
1699,Dataset Processing,"For the predict command, what is the default value of the future_timespan option?",0,95,5,10,C,"The default for future_timespan as ""5."""
1700,Dataset Processing,"For the predict command, when would you not use the future_timespan option?",When algorithm=LLB,When period is unspecified,When algorithm=LL,When holdback=0,A,"""You would not use the future_timespan option if algorithm=LLB."""
1701,Dataset Processing,What is the default value of the holdback option for predict?,5,0,20,10,B,"The default for holdback as ""0."""
1702,Dataset Processing,What does the holdback option specify for the predict command?,The confidence interval percentage,How many end data points predict skips,The number of future values to compute,The minimum period length,B,"Holdback ""Specifies the number of data points from the end that are not to be used by the predict command."""
1703,Dataset Processing,"For the predict command, what is the default confidence interval percentage for the lowerXX and upperYY options?",95%,99%,90%,97%,A,"""The default confidence interval is 95%"" for both lowerXX and upperYY."
1704,Dataset Processing,"What is the default field name for the lower confidence interval when lowerXX is not specified, where X is the predicted field?",lower95(prediction(X)),lower_bound_value(X),X_lower_95_ci,predict_lower_bound(X),A,"""The default field name is 'lower95(prediction(X))' where X is the name of the field to be predicted."""
1705,Dataset Processing,What is the suppress option used for in the predict command?,To hide a predicted field under multivariate algorithms,To prevent the command from using holdback,To suppress confidence interval calculation entirely,To hide the original data series,A,"Suppress ""Specifies one of the predicted fields to hide from the output"" and is ""Used with the multivariate algorithms."""
1706,Dataset Processing,Which command must precede the predict command in a search?,eval command,timechart,stats command,chart command,B,"""The predict command must be preceded by the timechart command."""
1707,Dataset Processing,"When using predict on data with missing values, what should you avoid specifying with the preceding timechart command?",count field,cont=false,by clause,span argument,B,"""Do not specify cont=false with the timechart command. Specifying cont=false removes events with missing values."""
1708,Dataset Processing,What is the minimum allowed value for the period argument in the predict command?,1,2,5,10,B,"""The number must be at least 2"" for the period argument."
1709,Dataset Processing,What is the minimum unit that the span argument (used with timechart before predict) must be specified in?,Subseconds,Minutes,Seconds,Milliseconds,C,"""The unit for the span specified with the timechart command must be seconds or higher. The predict command cannot accept subseconds."""
1710,Distributable Streaming,What new field does the rangemap command add to each event?,bucket,attribute,range,category,C,"Rangemap ""adds in a new field called range to each event."""
1711,Distributable Streaming,"If no range matches the input field's value in rangemap, what is the range field set to?","The literal string ""unmatched""",The most recent attribute_name evaluated,The value of the default argument,An empty string,C,"""If no range is matched, the range value is set to the default value."""
1712,Distributable Streaming,What is the default value of the default argument in rangemap if not specified?,An empty string,"""None""","""Unknown""","""Other""",B,"The default for the default argument as ""\""None\""."""
1713,Distributable Streaming,"In rangemap's attribute_name=numeric_range syntax, what requirement applies to the two numbers in the range?",The values must be integers only,The first value must be lower than the second,The second value must be lower than the first,Both values must be positive,B,"""The first value must be lower than the second."""
1714,Distributable Streaming,Can the numeric_range in rangemap include negative values?,No,Only if field values are also negative,Yes,Only for the default argument,C,"""The numeric_range can include negative values"" and gives the example ""Dislike=-5--1."""
1715,Distributable Streaming,What type of command is rangemap?,A generating (event-producing) command,A transforming (reporting) command,A distributable streaming command,A dataset processing command,C,"""The rangemap command is a distributable streaming command."""
1716,Distributable Streaming,What kind of values must the field specified in rangemap's field= argument contain?,Timestamp values,String values,Numeric values,Boolean values,C,"""This field must contain numeric values."""
1717,Distributable Streaming,"If the ranges specified in a rangemap search overlap, what does the range field become?",Only the first matching attribute name is kept,The field is dropped from the results,A multivalue field with all matching attribute names,The search returns an error,C,"""If you have overlapping values, the range field is created as a multivalue field containing all the values that apply."""
1718,Distributable Streaming,"Given ""... | rangemap field=date_second green=1-30 blue=31-39 red=40-59 default=gray"", what range value would an event with date_second=0 receive?",gray,red,blue,green,A,"'s example, if date_second=0 matches no range, ""gray"" is assigned as the default."
1719,Distributable Streaming,"Given ""... | rangemap field=count low=0-0 elevated=1-100 default=severe"", what range value would an event with count=0 receive?",elevated,low,severe,None,B,"Example sets range to ""low"" if the count field is 0."
1720,Transforming,How does the rare command's behavior differ from the top command?,rare finds the least frequent values,"rare only works on numeric fields, not text",rare requires a by-clause while top does not,rare cannot show percentages in output,A,"Rare ""operates identically to the top command, except that the rare command finds the least frequent values instead of the most frequent values."""
1721,Transforming,What is the default value of the limit argument for the rare command?,50,5,100,10,D,"The default for limit as ""10."""
1722,Transforming,What happens when you specify limit=0 with the rare command?,All values up to maxresultrows are returned,Only the single rarest value is returned,No results are returned,An error is generated,A,"""If you specify limit=0, all values up to the maxresultrows are returned."""
1723,Transforming,What type of command is rare?,A transforming (reporting) command,A generating (event-producing) command,A stateless streaming command,A dataset processing command,A,"""The rare command is a transforming command."""
1724,Transforming,"For the rare command, what is the default name of the field that stores the count value, as set by the countfield argument?","""tally""","""freq""","""total""","""count""",D,"The default for countfield as ""count."""
1725,Transforming,What is the default value of the showperc argument for rare?,There is no default,It depends on showcount,true,false,C,"The default for showperc as ""true."""
1726,Transforming,"What is the default maximum value that the rare command's limit argument can be increased to, which caps the memory it uses?","50,000","100,000","25,000","10,000",A,"""The default maximum is 50,000, which effectively keeps a ceiling on the memory that the rare command uses."""
1727,Transforming,Which stanza in limits.conf controls the maxresultrows setting for the rare command?,[transform],[top],[search],[rare],D,"To change the value ""Under the [rare] stanza"" in limits.conf."
1728,Distributable Streaming,What does the regex command do to search results?,Sorts results using a regular expression pattern,Replaces field values using sed-like syntax rules,Removes results that do or don't match a regex,Extracts new fields using named capture groups too,C,"Regex ""Removes results that match or do not match the specified regular expression."""
1729,Distributable Streaming,What is the default field that the regex command matches against when no field is specified?,_raw,_time,_sourcetype,host,A,"The default for <field> as ""_raw."""
1730,Distributable Streaming,What standard must the regular expression used with the regex command conform to?,POSIX Basic Regular Expressions,PCRE (Perl Compatible Regex),Glob-style wildcard patterns,XPath expressions,B,"""The regular expression must be a Perl Compatible Regular Expression supported by the PCRE library."""
1731,Distributable Streaming,What type of command is regex?,A dataset processing command,A distributable streaming command,A generating (event-producing) command,A transforming (reporting) command,B,"""The regex command is a distributable streaming command."""
1732,Distributable Streaming,Is the NOT keyword valid syntax within the regex command?,"Yes, and it behaves like !=","No, only != is valid","No, and != is also invalid","Yes, but only when a field is specified",B,"""Although != is valid within a regex command, NOT is not valid."""
1733,Distributable Streaming,How does the regex command's != operator behave differently from the search command's != operator with respect to null field values?,Neither operator considers null fields,Both operators behave identically for null fields,regex != excludes events where the field is null; search != includes them,regex != includes events where the field is null; search != excludes them,D,"Regex != ""will include events that do not define the field,"" while search != ""will not include events that do not define the field."""
1734,Distributable Streaming,"In '... | regex _raw=""(?<!\d)10\.\d{1,3}\.\d{1,3}\.\d{1,3}(?!\d)""', what regex technique is used at the start of the expression?",A backreference,A positive lookahead assertion,A negative lookbehind assertion,A non-capturing group,C,"This example as using ""a negative lookbehind assertion at the beginning of the expression."""
1735,Distributable Streaming,What must enclose the regex-expression argument in the regex command's syntax?,Quotation marks,Square brackets,Curly braces,Parentheses,A,"""Quotation marks are required"" for the regex-expression."
1736,Distributable Streaming,What is the key difference between the regex command and the rex command?,"regex only works on _raw, while rex works on any field you name","regex extracts fields, while rex removes non-matching results",regex filters results; rex extracts or substitutes fields,"regex is a generating command, while rex is a transforming command",C,"""Use the regex command to remove results... Use the rex command to either extract fields using regular expression named groups, or replace or substitute characters."""
1737,Distributable Streaming,When is the optional <field> argument omitted from a regex command?,When using the != operator only,The field argument cannot be omitted,When you want the expression matched against _raw by default,When you want to match against all fields simultaneously,C,"Since <field> defaults to _raw, omitting it causes matching against the _raw field."
1738,Distributable Streaming,What is the default value of the timefield argument for reltime?,_raw,_time,now,earliest_time,B,"The default for timefield as ""_time."""
1739,Distributable Streaming,"If you specify one custom timefield but no custom prefix, what is the name of the field reltime adds?",The default field name is unchanged,reltime_<timefield>,rel_<timefield>,reltime,D,"'s table, with one custom timefield and no prefix, the field added is named ""reltime."""
1740,Distributable Streaming,"If you specify multiple timefields without a custom prefix, what prefix does reltime use for the added fields?",time_,reltime_,rel_,rt_,B,"""If you specify multiple values for timefield but do not specify a prefix, the reltime command prefixes the relative time fields that it adds with reltime_."""
1741,Distributable Streaming,What type of command is reltime?,A transforming (reporting) command,A distributable streaming command,A dataset processing command,A generating (event-producing) command,B,"""The reltime command is a distributable streaming command."""
1742,Distributable Streaming,What two points in time does the reltime field represent the difference between?,Now (the search's start time) and the event's field timestamp,The event's index time and its _time value,The current wall-clock time and the event's _indextime,The earliest and latest events in the result set,A,"Reltime ""provides a human-readable value of the difference between 'now' (the start time of the search) and the timestamp value of a corresponding field."""
1743,Distributable Streaming,"If a search is run at 6 a.m. and returns an event with a _time value of 5 a.m., what value would the default reltime field show?","""1 hour from now""","""5 hours ago""","""6 hours ago""","""1 hour ago""",D,"This exact example: reltime ""adds a field to that event named reltime with the value 1 hour ago."""
1744,Distributable Streaming,"For the reltime command, how must multiple time fields be formatted when specified in the timefield argument?",Each in its own reltime clause,As a pipe-delimited list,As a comma-separated list in double quotes,As a space-separated list without quotes,C,"""timefield can specify multiple time fields as a comma-separated list bounded by double quotation marks."""
1745,Distributable Streaming,"If reltime is used with no arguments at all, what field is added and what is it based on?","A field named reltime_default, based on _indextime","A field named rel_time, based on the earliest_time field","A field named reltime, based on the _time field",No field is added unless timefield is specified,C,"""If you use reltime without arguments, the command adds a relative time field to your events named reltime... based on the _time field."""
1746,Distributable Streaming,What must field names containing spaces be enclosed in when used with the rename command?,Curly braces,Quotation marks,Parentheses,Square brackets,B,"""Field names with spaces must be enclosed in quotation marks."""
1747,Distributable Streaming,What type of command is rename?,A generating (event-producing) command,A distributable streaming command,A dataset processing command,A transforming (reporting) command,B,"""The rename command is a distributable streaming command."""
1748,Distributable Streaming,What happens if the original and new field names in a rename command have different numbers of wildcard characters?,The rename silently fails with no error,A wildcard mismatch error is returned,Splunk applies the rename to only the first match,The extra wildcard is ignored,B,"""Both the original and renamed fields must include the same number of wildcards, otherwise a wildcard mismatch error is returned."""
1749,Distributable Streaming,"Can you rename a single field to two different new names in the same rename command, such as ""rename A as B, A as C""?","Yes, if the field is multivalue","No, one field can't get multiple names","Yes, both renames apply","Yes, but only the second rename applies",B,"""You can't rename one field with multiple names."""
1750,Distributable Streaming,Can the rename command be used to merge multiple fields into a single field?,"Yes, always, whatever the types of the fields","No, null or missing fields come along too","Yes, but only with the AS keyword repeated","Yes, if the fields have the same data type",B,"""You can't use the rename command to merge multiple fields into one field because null, or non-present, fields are brought along with the values."""
1751,Distributable Streaming,"If you rename fieldA to fieldB, fieldA does not exist, but fieldB does exist, what is the result?",fieldA is created with fieldB's data,fieldB's data is removed and becomes null,An error is thrown and the search fails,Nothing happens,B,"""If fieldB does exist, the result of the rename is that the data in fieldB is removed. The data in fieldB will contain null values."""
1752,Distributable Streaming,How many backslashes are needed to match a single backslash character in a field name using the rename command?,One,Two,Four,Three,B,"""use 2 backslashes for each backslash in the original field name."""
1753,Distributable Streaming,"When renaming EU_UK, EU_DE, and EU_PL fields with ""... | rename EU* AS EMEA*"", what do the resulting field names become?","EMEA1, EMEA2, EMEA3","EU_EMEA_UK, EU_EMEA_DE, EU_EMEA_PL","UK_EMEA, DE_EMEA, PL_EMEA","EMEA_UK, EMEA_DE, EMEA_PL",D,"This exact example resulting in field names ""EMEA_UK,"" ""EMEA_DE,"" and ""EMEA_PL."""
1754,Distributable Streaming,Does the replace command affect field values generated by the stats or eval commands?,"No, not for stats/eval fields",Only for fields generated by stats,Only for fields generated by eval,"Yes, always, with no exceptions at all",A,"Replace ""Does not replace values in fields generated by stats or eval functions."""
1755,Distributable Streaming,"If you do not specify a field with the replace command, where are values replaced?",Only in internal fields,Only in the _raw field,Nowhere; a field must be specified,In all non-generated fields,D,"""If you do not specify a field, the value is replaced in all non-generated fields."""
1756,Distributable Streaming,What type of command is replace?,A distributable streaming command,A generating (event-producing) command,A transforming (reporting) command,A dataset processing command,A,"""The replace command is a distributable streaming command."""
1757,Distributable Streaming,"For non-wildcard replacement values specified multiple times, which one takes precedence?",They are applied simultaneously,The one specified earlier,The shortest matching value,The one specified later,D,"""Non-wildcard replacement values specified later take precedence over those replacements specified earlier."""
1758,Distributable Streaming,"For wildcard replacements in the replace command, which match takes precedence?",The shortest match,The last field in the field list,The first match encountered,The fuller (more specific) match,D,"""For a wildcard replacement, fuller matches take precedence over lesser matches."""
1759,Distributable Streaming,What requirement applies to the number of wildcards in a wildcard replacement's result?,It must always have exactly one more wildcard,"It must have the same wildcard count, or none at all",It must always have exactly one fewer wildcard,There is no requirement,B,"""When using wildcard replacements, the result must have the same number of wildcards, or none at all."""
1760,Distributable Streaming,What must you specify to replace values within an internal field using the replace command?,A leading underscore in the WITH clause,The keyword INTERNAL before the field name,The field name with the IN clause,The append=true argument,C,"""To replace values on _internal fields, you must specify the field name with the IN <fieldname> clause."""
1761,Distributable Streaming,"Besides the replace command itself, what other Splunk feature can perform value replacement?",The fields command itself,The lookup command itself,The replace() eval function,The rename command itself,C,"""You can also use the replace() function with the eval command."""
1762,Orchestrating,Can the require command be used in real-time searches?,"No, not in real-time searches",Only in scheduled real-time searches,"Yes, with no restrictions on the search",Only if it is used inside a subsearch,A,"""The require command cannot be used in real-time searches."""
1763,Orchestrating,What happens when require is used inside a subsearch and that subsearch returns zero results?,The require command is ignored in subsearches,The parent search fails,The subsearch is silently skipped,Only the subsearch fails; the parent search continues,B,"""When you use it in a subsearch, it causes the parent search to fail when the subsearch fails to return results."""
1764,Orchestrating,Does the require command prevent Splunk software from invoking subsequent search commands before the search is finalized?,"Yes, but only for custom search commands","Yes, it prevents all subsequent commands from ever running","No; those commands can still run and receive empty ""chunks""",No; require has no effect on subsequent commands at all,C,"Require ""does not prevent the Splunk software from invoking those commands before the search is finalized... those subsequent search command processors may receive empty 'chunks'."""
1765,Generating,What does the rest command return as its search result?,A summary of dispatched search jobs only,A list of all installed apps,Resource data from a Splunk REST API endpoint,The contents of the _internal index,C,"""The rest command reads a Splunk REST API endpoint and returns the resource data as a search result."""
1766,Generating,What is the default value of the count argument for the rest command?,100 results,0 (no limit),25000 results,1000 results,B,"The default for count as ""0"" and states ""When count=0, there is no limit."""
1767,Generating,"For the rest command, what value do you specify for splunk_server to refer to the search head itself?",origin,self,head,local,D,"""Use local to refer to the search head."""
1768,Generating,What is the default value of the strict argument for rest?,It depends on splunk_server,true,There is no default,false,D,"The default for strict as ""false."""
1769,Generating,What happens when strict=true and the rest command raises an error?,"The search fails, even for subsearch errors",The rest command retries automatically,Only the affected server's results are dropped,A warning is logged but the search continues,A,"""When set to true this argument forces the search to fail completely if rest raises an error. This happens even when the errors apply to a subsearch."""
1770,Generating,"What is the default value, in seconds, of the timeout argument for rest?",120,300,60,30,C,"The default for timeout as ""60."""
1771,Generating,What does setting timeout=0 mean for the rest command?,The command fails immediately with an error,"The REST call is retried indefinitely, every 0 seconds apart",The default 60-second timeout is used instead,No limit on the time to wait for the endpoint to respond,D,"""Specify timeout=0 to indicate no limit on the time to wait for the REST endpoint to respond."""
1772,Generating,Whose credentials does the rest command use to authenticate against the REST endpoint?,The Splunk system account,An anonymous service account,The ID of the user running it,The admin role by default,C,"""The rest command authenticates using the ID of the person that runs the command."""
1773,Generating,"Which limits.conf setting controls REST error handling fatality at the system level, which the strict argument can override?",rest_strict_mode,max_mem_usage_mb,outputlookup_check_permission,restprocessor_errors_fatal,D,"""You can set this at the system level for all rest searches by changing restprocessor_errors_fatal in limits.conf."""
1774,Generating,"A deployment has four indexers and one search head, and a search sets count=25000 for a command that applies the limit at each tier. What is the resulting total limit on returned results?","50,000","100,000","25,000","125,000",D,"""This results in a total limit of 125000, which is 25000 x 5"" (four indexers plus one search head)."
1775,Dataset Processing,What event structure does the return command produce when it replaces incoming events?,"Multiple events, each with a ""search"" attribute","One event with one attribute called ""search""","The original events unchanged, plus a new ""search"" field","One event with one attribute called ""return""",B,"""return replaces the incoming events with one event, with one attribute: 'search'."""
1776,Dataset Processing,Which two commands does the return command automatically apply internally to improve performance?,sort and table,head and fields,format and search,dedup and rename,B,"""To improve performance, the return command automatically limits the number of incoming results with the head command and the resulting fields with the fields command."""
1777,Dataset Processing,"By default, how many rows of results does the return command use?",All rows,The first row only,The last row only,The first ten rows,B,"""By default, the return command uses only the first row of results,"" which is the default count value of 1."
1778,Dataset Processing,"In return syntax, what does the <alias> argument require regarding the '=' sign?",A space before it but not after,No spaces before or after '=',Exactly one space before and after,Spaces are optional and ignored,B,"The <alias> argument ""does not support spaces before and after the '=' sign."""
1779,Dataset Processing,"When you run 'return 2 ip', how are the two returned rows combined in the output?",As a comma-separated list of ip values,"As an AND clause, requiring both ip values to match","As an OR clause, e.g. (ip=10.1.11.2) OR (ip=10.2.12.3)",Only the second row's ip value is returned,C,"Example shows ""Each row is viewed as an OR clause, that is, output might be '(ip=10.1.11.2) OR (ip=10.2.12.3)'."""
1780,Dataset Processing,"If you run 'sourcetype=WinEventLog:Security | return 2 user' and both of the first two events have the same user value, what happens?",The command returns two identical OR clauses,The command automatically switches to dedup behavior,The command errors out because of a duplicate,The command returns only the one user value,D,"The command ""does not determine if the user value is unique. If the same user is listed in these events, the command returns only the one user."""
1781,Dataset Processing,What does the return command output when its subsearch input contains 0 events?,An empty string,All events from the outer search regardless of filter,An error message halting the search,"The value ""null""",A,"""If index=A test_errror returns 0 events, the subsearch returns an empty string,"" which can misleadingly make the outer search return all events."
1782,Dataset Processing,What is the tradeoff of using the deprecated oldreturn command instead of return?,oldreturn cannot use the alias argument at all,oldreturn searches complete slower than return searches,"oldreturn only works with subsearches, not main searches",oldreturn does not support the count argument,B,"""The tradeoff is that oldreturn searches complete slower than return searches."""
1783,Dataset Processing,What does the reverse command change about search results?,Only the display order,The values contained within each result,The number of results returned,Which fields are included in the output,A,"""The reverse command does not affect which results are returned by the search, only the order in which the results are displayed."""
1784,Dataset Processing,How is the reverse command classified by command type?,A distributable streaming command,A generating command,An orchestrating command,A dataset processing command,D,"""The reverse command is a dataset processing command."""
1785,Dataset Processing,What is the concern with running the reverse command on very large result sets (millions of results or more)?,It converts multivalued fields into single values,It automatically disables the maxout setting,"It needs lots of temp storage, I/O, and time","It silently truncates results to 50,000 rows",C,"""On very large result sets, which means sets with millions of results or more, reverse command requires large amounts of temporary storage, I/O, and time."""
1786,Distributable Streaming,What two things can the rex command be used for?,Sorting events and removing duplicates,"Anonymizing data only at index time, not search",Filtering results that don't match a pattern,Regex extraction or sed substitution,D,"""Use this command to either extract fields using regular expression named groups, or replace or substitute characters in a field using sed expressions."""
1787,Distributable Streaming,"If the field argument is not specified with rex, which field does the regex or sed expression apply to by default?",source,sourcetype,_time,_raw,D,"""Default: _raw"" — ""If a field is not specified, the regular expression or sed expression is applied to the _raw field."""
1788,Distributable Streaming,What is the default value of max_match in the rex command?,10,Unlimited,1,0,C,"""Default: 1"" for max_match."
1789,Distributable Streaming,"For the rex command, what happens to the resulting fields when max_match is set greater than 1?",The resulting fields become multivalued.,The field is renamed automatically,Only the last match is kept as a single value,Splunk raises a syntax error,A,"""If greater than 1, the resulting fields are multivalued fields."""
1790,Distributable Streaming,What does setting max_match=0 mean in the rex command?,Unlimited matches,Matching is disabled and sed mode is used instead,Only the first match is extracted,No matches are extracted,A,"""Use 0 to specify unlimited matches."""
1791,Distributable Streaming,"For the rex command, what does the offset_field argument create?",A field listing matched values' positions per the regex,A field indicating whether the match succeeded or failed,A count of how many times the regex matched,A backup copy of the original field before extraction,A,"""Creates a field that lists the position of certain values in the field argument, based on the regular expression specified in regex-expression."""
1792,Distributable Streaming,What type of command is the rex command?,A generating (event-producing) command,A dataset processing command,An orchestrating (search-control) command,A distributable streaming command,D,"""The rex command is a distributable streaming command."""
1793,Distributable Streaming,What is the key difference between the rex command and the regex command?,rex only works in sed mode; regex only works with named groups,rex extracts/replaces content; regex removes non-matches,rex works at index-time only; regex works at search-time only,rex removes non-matching results; regex extracts the fields,B,"""Use the rex command to either extract fields... Use the regex command to remove results that do not match the specified regular expression."""
1794,Distributable Streaming,"In rex sed mode, what is the syntax for replacing text?","""replace/<regex>/<replacement>/""","""sub(<regex>,<replacement>)""","""s/<regex>/<replacement>/<flags>""","""r/<regex>/<replacement>/<flags>""",C,"""The syntax for using sed to replace (s) text in your data is: 's/<regex>/<replacement>/<flags>'."""
1795,Distributable Streaming,"For the rex command, in a sed replace expression's <replacement> string, what does \n (where n is a digit) represent?",A group back-reference,A newline character,The Nth occurrence flag,A literal escaped digit,A,"""<replacement> is a string to replace the regex match. Use \n for back references, where 'n' is a single digit."""
1796,Distributable Streaming,What is the syntax for the sed character-substitution mode in rex?,"""s/<string1>/<string2>/y""","""sub/<string1>/<string2>/""","""y/<string1>/<string2>/""","""y(<string1>,<string2>)""",C,"""The syntax for using sed to substitute characters is: 'y/<string1>/<string2>/'."""
1797,Distributable Streaming,What flags does rex's sed mode support?,anchor (a) and unicode (u),case-insensitive (i) and multiline (m),global (g) and Nth occurrence (N),verbose (v) and extended (x),C,"""Sed mode supports the following flags: global (g) and Nth occurrence (N), where N is a number that is the character location in the string."""
1798,Distributable Streaming,"What set of sed expressions does rex's sed mode support, matching another Splunk configuration setting?",The same expressions as the TRANSFORMS setting in transforms.conf,The same sed expressions as the SEDCMD setting in props.conf,The same expressions as the EXTRACT setting in props.conf,The same expressions as the REGEX setting in fields.conf,B,"""When using the rex command in sed mode, the rex command supports the same sed expressions as the SEDCMD setting in the props.conf.in file."""
1799,Distributable Streaming,"Since the Splunk platform doesn't support sed expressions in multiline mode, how can you anonymize multiline text with sed expressions?",Apply the sed expression with the multiline=true argument,"Convert the event to JSON first, then apply a single sed expression",Use the multikv command before applying sed,"Apply 2 sed expressions in succession: strip newlines, then replace more",D,"""To use a sed expression to anonymize multiline events, use 2 sed expressions in succession by first removing the newlines and then performing additional replacements."""
1800,Distributable Streaming,"When you run 'rex field=_raw ""From: <(?<from>.*)> To: <(?<to>.*)>""', which two named fields are created?",sender and recipient,from and to,email1 and email2,src and dst fields,B,"The named groups (?<from>.*) and (?<to>.*) create the fields ""from"" and ""to""."
1801,Distributable Streaming,"What is the effect of using max_match=0 in 'rex field=test max_match=0 ""((?<field>[^$]*)\$(?<value>[^,]*),?)""' against a field containing ""a$1,b$2""?",It replaces the field's content with the regex pattern itself,"The regex runs once and only extracts ""a"" and ""1""","It runs the regex repeatedly, extracting multivalued field/value pairs",It causes a syntax error because max_match cannot be 0 with named groups,C,"The example uses max_match=0 to extract each of the multiple values in the test field, producing multivalued field and value fields."
1802,Distributable Streaming,"Which three fields does 'rex field=savedsearch_id ""(?<user>\w+);(?<app>\w+);(?<SavedSearchName>\w+)""' extract?","user, role, and SavedSearchName","owner, application, and search_name","user, app, and SavedSearchName","The savedsearch_id, user, and app fields",C,"The named capture groups in the regex are user, app, and SavedSearchName."
1803,Distributable Streaming,"What is 'rex field=ccnumber mode=sed ""s/(\d{4}-){3}/XXXX-XXXX-XXXX-/g""' used for?",Extracting the last four digits of a credit card number into a new field,Anonymizing a series of numbers by replacing them with an anonymized string,Reversing the digit groups of a credit card number,Validating that a credit card number matches a required format,B,"""Use sed syntax to match the regex to a series of numbers and replace them with an anonymized string."""
1804,Distributable Streaming,"A rex command with offset_field=off uses the regex ""(?<firstfive>abcde)"" against a field containing list=""abcdefghijklmnopqrstuvwxyz"". What value does the resulting off field show?",off=abcde,firstfive=0-5,firstfive=1-5,firstfive=0-4,D,"Example shows the results table with ""off"" containing ""firstfive=0-4"", since ""the offset calculation always uses zero (0) for the first position."""
1805,Distributable Streaming,"What does the search 'sourcetype=linux_secure port ""failed password"" | rex ""\s+(?<ports>port \d+)"" | top src_ip ports showperc=0' return?",A count of all failed password events regardless of source,A list of all unique port numbers seen across the environment,A chart of the failed password events over time,A table of top attacker source IPs and ports,D,"""This search uses the rex command to extract the port field and values. The search returns a table that lists the top source IP addresses (src_ip) and ports of the potential attackers."""
1806,Centralized Streaming,What is the primary function of the rtorder command?,Buffers real-time events to emit them in ascending time order,Sorts events by any specified field in descending order,Reverses the order of all search results,Removes duplicate events from a real-time search,A,"""Buffers events from real-time search to emit them in ascending time order when possible."""
1807,Centralized Streaming,What is the default value of the buffer_span argument in rtorder?,5 seconds,1 minute,50000 events,10 seconds,D,"""buffer_span ... Default: 10 seconds."""
1808,Centralized Streaming,"When the discard argument in rtorder is set to true, what happens to out-of-order events?",They are placed at the end of the buffer,They are emitted immediately regardless of order,They trigger an error in the search,They are discarded to keep ascending output.,D,"""When discard is set to true, out of order events are always discarded to assure that the output is strictly in time ascending order."""
1809,Dataset Processing,What is the run command?,An alias for the sendalert command,A command for running external Python scripts directly without commands.conf,An alias for the script command,A deprecated alternative to the rtorder command,C,"""The run command is an alias for the script command. See the script command for the syntax and examples."""
1810,Generating,What does the savedsearch command do?,Returns a saved search's results,Permanently deletes a saved search,Schedules a saved search to run at a later time,Creates a new saved search from the current results,A,"""Runs a saved search, or report, and returns the search results of a saved search."""
1811,Generating,"In savedsearch, if the saved search contains a replacement placeholder term like $replace_me$, how do you supply a value for it?","Pass replace_me=""value"" as a savedsearch-option",Edit the saved search definition directly before running,Placeholder terms cannot be replaced when using savedsearch,Use the eval command after you have run savedsearch,A,"The example shows ""|savedsearch mysearch replace_me=\""value\"""" as how the search processor replaces placeholders with supplied strings."
1812,Generating,What is the default value of the nosubstitution argument in savedsearch?,1,true,There is no default; it must always be specified,false,D,"""substitution-control ... Default: false."""
1813,Generating,"When the savedsearch command runs a saved search, whose role permissions are applied?",The role of the person who created and owns the saved search,No permission checks are applied,"The role of the person running the savedsearch command, always",The role with the broadest permissions among all users,C,"""the command always applies the permissions associated with the role of the person running the savedsearch command to the search. The savedsearch command never applies the permissions associated with the role of the person who created and owns the search."""
1814,Generating,"If you specify ""All Time"" in the time range picker when using savedsearch, which time range is used?",The current real-time window only,Always the last 24 hours,The saved search's own saved time range,No time range restriction is applied at all,C,"""If you specify All Time in the time range picker, the savedsearch command uses the time range that was saved with the saved search."""
1815,Dataset Processing,What does the script command do?,Runs a saved Splunk search on a schedule,Calls an external Python program to modify or generate results,Converts search results into a downloadable script file,Executes shell commands directly on the search head,B,"""Calls an external python program that can modify or generate search results."""
1816,Dataset Processing,"On Splunk Enterprise, where must scripts used by the script command be located?",$SPLUNK_HOME/etc/apps/<app_name>/scripts/,$SPLUNK_HOME/bin/scripts/,$SPLUNK_HOME/etc/searchscripts/,$SPLUNK_HOME/etc/apps/<app_name>/bin/,D,"""Scripts must be declared in the commands.conf file and be located in the $SPLUNK_HOME/etc/apps/<app_name>/bin/ directory."""
1817,Dataset Processing,What is the default value of the maxinputs argument for the script command?,1000,There is no default,50000,10000,C,"""maxinputs ... Default: 50000."""
1818,Dataset Processing,What should you avoid doing with the maxinputs argument for the script command?,Combining it with script-arg values,Using it together with the savedsearch command,Changing its value without knowing why,Setting it below 100,C,"""Do not change the value of maxinputs unless you know what you are doing."""
1819,Dataset Processing,Which language argument for the script command is noted as no longer functional?,Explicitly choosing Perl or Python,The choice of shell (bash) as an argument,The choice of Ruby as an argument,The choice of Java as an argument,A,"""The explicit choice of Perl or Python as an argument is no longer functional and such an argument is ignored."""
1820,Distributable Streaming,What does the scrub command do to search results?,Removes all fields except _raw and _time,Deletes results older than a specified time range,Uses same-length fictional values,Encrypts all field values using AES,C,"""Anonymizes the search results by replacing identifying data - usernames, ip addresses, domain names, and so forth - with fictional values that maintain the same word length."""
1821,Distributable Streaming,What does the private-terms argument of scrub specify?,A filename listing the private terms,A filename with time configurations to anonymize,A filename that overrides the namespace argument,A filename listing public terms not to anonymize,A,"""private-terms ... Description: Specify a filename that includes the private terms to anonymize."""
1822,Distributable Streaming,"By default, from which directory does the scrub command use its dictionary and configuration files?",$SPLUNK_HOME/var/run/splunk,$SPLUNK_HOME/etc/anonymizer,$SPLUNK_HOME/etc/apps/scrub,$SPLUNK_HOME/etc/system/local,B,"""By default, the scrub command uses the dictionary and configuration files that are located in the $SPLUNK_HOME/etc/anonymizer directory."""
1823,Distributable Streaming,Which attributes are NOT anonymized by the scrub command by default?,"eventtype, linecount, punct, sourcetype, timeendpos, timestartpos","user, ip, domain, hostname, username, email, password, sessionid, token","host, source, sourcetype, _raw, _time, _indextime, index, splunk_server","All fields starting with an underscore, including _raw",A,"""The following attributes are not anonymized: eventtype, linecount, punct, sourcetype, timeendpos, timestartpos."""
1824,Distributable Streaming,What is the default maxresultrows limit that the scrub command adheres to?,50000,10000,100000,25000,A,"""The scrub command adheres to the default maxresultrows limit of 50000 results."""
1825,Generating,What does the search command do when used at the beginning of a search?,Converts raw events into a statistical table,"Only filters previously retrieved results, never retrieves new events",Removes duplicate events by default,"Retrieves events via keywords, phrases, wildcards, or field-values",D,"""Use the search command to retrieve events from indexes or filter the results of a previous search command in the pipeline. You can retrieve events from your indexes, using keywords, quoted phrases, wildcards, and field-value expressions."""
1826,Generating,Is the search command required at the beginning of a search?,Only when searching indexes other than the default,"Yes, it must always be typed explicitly",Only in scheduled searches,"No, it is implied at the beginning of any search",D,"""The search command is implied at the beginning of any search. You do not need to specify the search command at the beginning of your search criteria."""
1827,Generating,Which types of IP addressing does the search command support for matching?,IPv4/IPv6 addresses and subnets via CIDR,Only IPv6 addresses,MAC addresses only,Only IPv4 addresses without subnet support,A,"""The search command supports IPv4 and IPv6 addresses and subnets that use CIDR notation."""
1828,Generating,"In search command expressions, what operator is always implied between terms?",OR,NOT,AND,XOR,C,"""The AND operator is always implied between terms and expressions. For example, web error is the same as web AND error."""
1829,Generating,What do comparison expressions using the equal (=) or not-equal (!=) operator compare in the search command?,Only numeric values,Only timestamps,String values,Regular expression patterns,C,"""Comparison expressions with the equal ( = ) or not equal ( != ) operator compare string values. For example, '1' does not match '1.0'."""
1830,Generating,"For the search command, what is the purpose of the IN operator's value-list syntax, e.g. error IN (400, 402, 404, 500)?",To sort events by the listed numeric values first,To exclude events containing any of the listed values,"To match any of several values, instead of chained ORs",To require that a field match all listed values simultaneously,C,"""Used with the IN operator to filter events by specifying two or more values. For example use error IN (400, 402, 404, 500) instead of error=400 OR error=402 OR error=404 OR error=500."""
1831,Generating,"When searching for a quoted string or keyword phrase (not a search modifier), which field does Splunk software search by default?",_raw field,The host field,The _time field,The sourcetype field,A,"""When searching for strings and quoted strings (anything that's not a search modifier), Splunk software searches the _raw field for the matching events or results."""
1832,Generating,What is the syntax for the hosttag search modifier?,"host_tag=<string>, matching a specific hostname",tag::host=<string>,"hosttag=<string>, matching a specific host's IP address","hosttag=<string>, for hosts tagged by the string",D,"""<hosttag-specifier> Syntax: hosttag=<string> Description: Search for events that have hosts that are tagged by the string."""
1833,Generating,"What does the splunk_server search modifier let you do, and what value refers to the search head itself?","Filter by server load; use ""primary"" for the search head",Restrict results to indexers only; the search head cannot be specified,"Search for events from a specific server; use ""self"" to refer to the search head","Search for events from a specific server; use ""local"" to refer to the search head",D,"""Search for events from a specific server. Use 'local' to refer to the search head."""
1834,Generating,What is the default value of the timeformat argument used with starttime and endtime in the search command?,%m/%d/%Y:%H:%M:%S,epoch time (seconds since 1970),%Y-%m-%d %H:%M:%S,%d/%m/%Y %H:%M:%S,A,"""Default: timeformat=%m/%d/%Y:%H:%M:%S."""
1835,Generating,"When the search command is the first command in a search, what kind of command type is it?",A transforming command,An orchestrating command,An event-generating command,A distributable streaming command only,C,"""The search command is an event-generating command when it is the first command in the search, before the first pipe."""
1836,Generating,"When the search command is used further down the pipeline (not first), what kind of command type is it?",A distributable streaming command,A transforming command,A centralized streaming command,An event-generating command,A,"""When the search command is used further down the pipeline, it is a distributable streaming command."""
1837,Generating,"If the _raw field is NOT passed into the search command later in the pipeline (e.g., after stats or chart), what must you do?",The search command will automatically fall back to searching _raw,You must first run the fields command to restore _raw,Specify field-values matching the fields passed in,The search command cannot be used at that point in the pipeline,C,"""if the _raw field is not passed into the search command, you must specify field-values pairs that match the fields passed into the search command. Transforming commands, such as stats and chart, do not pass the _raw field to the next command in the pipeline."""
1838,Generating,What is the order in which the search command evaluates Boolean expressions?,"Parentheses, then AND, then OR, then NOT","AND, then OR, then NOT, then parentheses","Parentheses, then NOT, then OR, then AND","NOT, then AND, then OR, then parentheses",C,"""1. Expressions within parentheses... 2. NOT clauses... 3. OR clauses... 4. AND clauses."""
1839,Generating,How does the search command's Boolean expression evaluation order differ from the eval and where commands?,"eval and where evaluate NOT last, same as search","eval and where evaluate OR before NOT clauses, unlike search","eval and where do not support parentheses, unlike search","eval and where evaluate AND before OR clauses, unlike search",D,"""This evaluation order is different than the order used with the eval and where commands, which evaluate AND before OR clauses."""
1840,Generating,Does the search command support the XOR operator?,Only inside subsearches,Only when combined with the where command,"Yes, XOR is fully supported","No, the search command doesn't support XOR",D,"""The search command doesn't support XOR."""
1841,Generating,"To compare the values of two different fields (e.g., fieldA and fieldB), which command should you use instead of the search command directly?",The rex command's field extraction,The where command,The IN operator with the search command,The eval command with the search command,B,"""Use the where command to compare two fields. index=myindex | where fieldA=fieldB."" not to specify fieldA=fieldB with the search command for field comparison."
1842,Generating,"With the search command, can you use a wildcard character in the list of values for the IN operator?","Yes, e.g. error_code IN (40*, 500)","No, wildcards are never allowed with IN","Only with the eval command's IN function, not the search command","Only for numeric fields, not string fields",A,"""When used with the search command, you can use a wildcard character ( * ) in the list of values for the IN operator. For example: ... error_code IN (40*, 500) | ..."""
1843,Generating,"For the search command, are wildcard characters allowed in the value list when the IN function is used with eval and where commands?",Only when nested inside a subsearch,Only in Splunk Cloud Platform,"Yes, wildcards work identically to the search command's IN operator","No, wildcard characters are not allowed there",D,"""There is also an IN function that you can use with the eval and where commands. Wild card characters are not allowed in the values list when the IN function is used with the eval and where commands."""
1844,Generating,"For the search command, if the ip field contains 10.10.10.12, 50.10.10.17, and 10.10.10.23, what does specifying ip=""10.10.10.0/24"" return?",Only the event with ip value 50.10.10.17,"No events, because CIDR notation requires IPv6",All three events regardless of subnet,Events with ip values 10.10.10.12 and 10.10.10.23,D,"""If you specify ip='10.10.10.0/24', the search returns the events with the first and last values: 10.10.10.12 and 10.10.10.23."""
1845,Generating,"In lexicographical order as used by Splunk software, how are numbers sorted relative to letters?","Numbers are sorted before letters, based on the first digit",Numbers and letters are interleaved based on ASCII value only,Letters are always sorted before numbers,"Numbers are sorted last, after both uppercase and lowercase letters",A,"""Numbers are sorted before letters. Numbers are sorted based on the first digit. For example, the numbers 10, 9, 70, 100 are sorted lexicographically as 10, 100, 70, 9."""
1846,Generating,"In lexicographical order, how are uppercase and lowercase letters sorted relative to each other?",Lowercase letters are sorted before uppercase letters,Uppercase letters are sorted before lowercase letters,"They are sorted together, ignoring case",Sort order between cases is undefined and random,B,"""Uppercase letters are sorted before lowercase letters."""
1847,Generating,"What does the search '... | search ""error | stats count""' (with the pipe inside quotes) do, compared to 'error | stats count'?",It causes a syntax error because pipes cannot appear inside quoted strings in the search command,It behaves identically to running the unquoted search error | stats count,"It returns events containing the literal phrase error, pipe, stats, count in order","It runs stats count over all events that contain the word ""error"" and reports the total",C,"""A search such as ... | search 'error | stats count' would return the raw events containing error, a pipe, stats, and count, in that order."""
1848,Generating,"What character is used to escape quotes, pipes, and the backslash itself in search strings?",The forward slash character,The backslash character,The caret character,The tilde character,B,"""The backslash character... is used to escape quotes, pipes, and the backslash character itself."""
1849,Generating,What does the TERM() directive do in a search?,"Forces a case-sensitive, exact match on the enclosed text",Converts the enclosed text into a regular expression pattern,Forces the enclosed text to match as a single index term,Excludes any events that contain the enclosed text from matching,C,"""You can use the TERM() directive to force Splunk software to match whatever is inside the parentheses as a single term in the index."""
1850,Generating,What does the CASE() directive do in a search?,Restricts the search to a specific case number in a legal database,Converts all matched text to uppercase before comparison,"Ignores case entirely, the opposite of default behavior",Enables a case-sensitive search for terms and field values,D,"""You can use the CASE() directive to search for terms and field values that are case-sensitive."""
1851,Generating,"For the search '(code=10 OR code=29) host!=""localhost"" xqp>5', which operator could you use to simplify the code comparisons since they're on the same field?",The TERM() directive,"IN, e.g. code IN(10, 29)",The CASE() directive,The NOT operator alone,B,"""In this example you could also use the IN operator since you are specifying two field-value pairs on the same field. The revised search is: code IN(10, 29) host!='localhost' xqp>5."""
1852,Generating,"What is the difference between 'NOT fieldA=""value2""' and 'fieldA!=""value2""'?","NOT fieldA=""value2"" only works with numeric fields","fieldA!=""value2"" returns more events than NOT fieldA=""value2""",They are functionally identical in every case,NOT covers missing fieldA too; != needs it present and different,D,"""The following search returns everything except fieldA='value2', including all other fields... The following search returns events where fieldA exists and does not have the value 'value2'."""
1853,Generating,"For the search command, what does 'NOT fieldA=*' return?",No events at all,Events where fieldA is null or undefined,All events where fieldA has any value,"Events where fieldA equals the literal string ""*""",B,"""If you use a wildcard for the value, NOT fieldA=* returns events where fieldA is null or undefined, and fieldA!=* never returns any events."""
1854,Generating,"Using the search 'ip=""192.0.2.56"" ... | search ip=""192.0.2.0/24""', what does the search command demonstrate?",Validating that an IP address is publicly routable,Extracting the subnet mask from an IP address field,CIDR matching to check if an IPv4 address is in a subnet,Converting an IPv4 address into IPv6 format,C,"""You can use the search command to match IPv4 and IPv6 addresses and subnets that use CIDR notation. For example, this search identifies whether the specified IPv4 address is located in the subnet."""
1855,Generating,What does the searchtxn command do?,Returns events by type and text match,Deletes transaction events older than a specified time,Creates a new transaction type definition,Converts transaction results into a summary index,A,"""Efficiently returns transaction events that match a transaction type and contain specific text."""
1856,Generating,Where is a searchtxn transaction type name defined?,In the transactiontypes.conf file,In the alert_actions.conf file,In the commands.conf file,In the limits.conf file,A,"""<transaction-name> Syntax: <transactiontype> Description: The name of the transaction type stanza that is defined in transactiontypes.conf."""
1857,Generating,What is the default value of max_terms in the searchtxn command?,1000,50000,10,100,A,"""max_terms ... Default: 1000."""
1858,Generating,What does setting eventsonly=true do in searchtxn?,Retrieves relevant events without running transaction,Disables the use_disjunct behavior,Restricts the search to events within the last hour only,Runs the transaction command but discards the underlying events,A,"""eventsonly ... Description: If true, retrieves only the relevant events but does not run '| transaction' command."""
1859,Generating,What type of command is the searchtxn command?,An orchestrating (search-control) command,An event-generating command,A distributable streaming command,A dataset processing command,B,"""The searchtxn command is an event-generating command."""
1860,Dataset Processing,What does the selfjoin command do?,Removes duplicate rows that share the same field values,Splits a single result row into multiple rows based on a field,Joins the current search results with results from a separate saved search,"Joins result rows with other rows in the same result set, by field",D,"""Join search result rows with other search result rows in the same result set, based on one or more fields that you specify."""
1861,Dataset Processing,What does the keepsingle=true option do in selfjoin?,Limits the join to a single field regardless of how many are specified,Keeps results with a unique join value and no match to join with,Removes all results that don't have a match,"Keeps only a single result per unique join value, discarding others",B,"""When keepsingle=true, search results that have no other results to join with are kept in the output."""
1862,Dataset Processing,What is the default value of keepsingle in selfjoin?,There is no default,false,1,true,B,"""keepsingle ... Default: false."""
1863,Dataset Processing,"What does the max argument in selfjoin control, and what does max=0 mean?",Max 'other' results joined per main result; max=0 means no limit,The maximum number of fields used in the join; max=0 uses all fields,The maximum number of main results processed; max=0 disables the join entirely,The maximum buffer size in bytes; max=0 uses the system default value,A,"""Indicates the maximum number of 'other' results to join with each main result. If max=0, there is no limit."""
1864,Dataset Processing,What is the default value of the max argument in selfjoin?,0,1,100000,10,B,"""max ... Default: 1."""
1865,Dataset Processing,"What is the absolute maximum number of main results that selfjoin can process, regardless of the max argument?","10,000","1,000,000","100,000","50,000",C,"""This argument sets the maximum for the 'other' results. The maximum number of main results is 100,000."""
1866,Dataset Processing,What does overwrite=true do in the selfjoin command?,Causes fields from the main results to overwrite fields of the 'other' results,Causes fields from the 'other' results to overwrite fields of the main results,Overwrites the join field with a new computed value,Overwrites the entire result set with only joined rows,B,"""When overwrite=true, causes fields from the 'other' results to overwrite fields of the main results."""
1867,Dataset Processing,What is the default value of overwrite in selfjoin?,false,There is no default,1,true,D,"""overwrite ... Default: true."""
1868,Dataset Processing,In what context are self joins more commonly used?,More with relational tables than event data,Only within subsearches,Only with summary-indexed data,Exclusively with real-time event streams,A,"""Self joins are more commonly used with relational database tables. They are used less commonly with event data."""
1869,Dataset Processing,What is the required argument for the selfjoin command's basic syntax?,A transaction type name,A subsearch enclosed in square brackets,A field or list of fields to join on,A time range specifier,C,"""<field-list> Syntax: <field>... Description: The field or list of fields to join on."""
1870,Dataset Processing,"Which command can you use to create a simple set of 5 results, each with the same timestamp?",| gentimes count=5,| eval count=5,makeresults count=5,| stats count=5,C,"""Start by creating a simple set of 5 results by using the makeresults command. | makeresults count=5."""
1871,Dataset Processing,"Starting with '| makeresults count=5', which command adds a field numbering each of the 5 results?",| accum a across all results,| rank field=a descending,| eval a=1 for each result,streamstats count as a,D,"""To keep better track of each result use the streamstats command to add a field that numbers each result. | makeresults count=5 | streamstats count as a."""
1872,Dataset Processing,"Given five results numbered by a field a (from '| makeresults count=5 | streamstats count as a'), which eval expression makes the timestamps 60 seconds apart?",eval _time = _time - (60*a),eval _time = _time + 60,eval _time = _time + (60*a),"eval _time = strftime(_time, ""60s"")",C,"""| eval _time = _time + (60*a)."""
1873,Dataset Processing,"An eval sets field b using if(a%2==0,""something"",""nada"") and field c using if(a%2==1,""somethingelse"",null()). What determines the value placed in field b?",Whether a is greater than 3,"Whether the joiner field equals ""x""",Whether a mod 2 equals 0,Whether field c is null,C,"""The eval b command processes each result and performs a modulo operation. If the remainder of a/2 is 0, put 'something' into the field 'b', otherwise put 'nada' into field 'b'."""
1874,Dataset Processing,"Five results all have the field joiner=""x"". When you run '... | selfjoin joiner', which field is used to join the results together?","The field named ""a""","joiner (=""x"")",The _time field,"The field named ""b""",B,"""Use the selfjoin command to join the results on the joiner field. | ... | selfjoin joiner."" All results share joiner=""x""."
1875,Dataset Processing,"When selfjoin merges two results that have different values for the same field b (""nada1"" in the first result and ""something2"" in the second), what happens to the value ""nada1""?","It overwrites ""something2"" in the output",It is discarded; row 2's value takes precedence,"It is kept and appended after ""something2"" as a multivalue",It is moved into field c in the joined result,B,"""In field b, the value nada1 is discarded because the value something2 in row 2 takes precedence."""
1876,Dataset Processing,"When selfjoin combines five results that share the same join value in pairs, why does the fifth result produce no additional joined result?",Row 5 exceeds the max=1 limit,Row 5 has no other row to join with,"Row 5's joiner field does not match ""x""",Row 5 was filtered out by keepsingle=false,B,"""Row 5 has no other row to join with. No additional results are returned."""
1877,Dataset Processing,Which required syntax element must appear immediately in a selfjoin command besides the optional selfjoin-options?,A BY clause,A sort field,<field-list>,A subsearch,C,"""selfjoin [<selfjoin-options>...] <field-list>"" — the field-list is the required argument."
1878,Dataset Processing,What does the sendalert command do?,Sends a saved search's results as an email directly,Cancels a running scheduled search,Creates a new alert action definition in alert_actions.conf,Invokes a custom alert action,D,"""Use the sendalert command to invoke a custom alert action."""
1879,Dataset Processing,What is the default maxtime threshold before sendalert terminates a custom alert action script?,5 minutes,1 minute,30 seconds,10 minutes,A,"""the sendalert command honors the maxtime setting from the alert_actions.conf file and terminates the process if the process runs longer than the configured threshold. By default the threshold is set to 5 minutes."""
1880,Dataset Processing,In what format are search results stored in the dispatch directory when sendalert is used?,"JSON format, in a file named results.json","CSV format, in a file named results.csv.gz","XML format, in a file named results.xml",The default SRS binary format only,B,"""the search results are stored in an archive file in the dispatch directory using the CSV format. The file name is results.csv.gz."""
1881,Dataset Processing,"When running sendalert as part of an ad hoc search, why might the command be called multiple times?",Because ad hoc searches lack a maxtime setting,Because sendalert retries automatically on network failure,Because Statistics-tab preview defaults to on,Because ad hoc searches always run twice for validation,C,"""This occurs because previewing the search results on the Statistics tab is enabled by default. If you are using an ad hoc search to test the sendalert command, testing turn off preview to avoid the command being called multiple times."""
1882,Dataset Processing,What capability must a role have to use the sendalert command?,admin_all_objects,run_sendalert,schedule_search,list_settings,B,"""To use this command, you must have a role with the run_sendalert capability."""
1883,Dataset Processing,What does the sendemail command require to be available in order to send email?,An SMTP server,The alert_actions.conf file must be deleted first,A Splunk Cloud Platform subscription,A private app registered with the Developer Portal,A,"""You must have a Simple Mail Transfer Protocol (SMTP) server available to send email. An SMTP server is not included with the Splunk instance."""
1884,Dataset Processing,Which argument is required for the sendemail command?,to,subject,from,server,A,"The syntax shows ""sendemail to=<email_list>"" in bold, and the Required arguments section lists only ""to""."
1885,Dataset Processing,"For the sendemail command, what is the default value for the content_type argument on a new or upgraded Splunk installation?",plain,There is no default; it must be specified,rich_text,html,D,"""The default value for a new or upgraded Splunk installation is html."""
1886,Dataset Processing,"For the sendemail command, what is the default value for the format argument on a new or upgraded Splunk installation?",raw,html,table,csv,C,"""format ... The default value for a new or upgraded Splunk installation is table."""
1887,Dataset Processing,What is the default email footer text used by sendemail?,"If you believe you've received this email in error, please see your Splunk administrator.",Confidential: For internal use only. Do not forward without written permission from an administrator.,There is no default footer text configured for this command by default.,This email was sent automatically by Splunk. Please do not reply to this message directly.,A,"""The default footer is: If you believe you've received this email in error, please see your Splunk administrator."""
1888,Dataset Processing,What is the default value of the from argument in sendemail?,There is no default; from is required,"""noreply@splunk.com""","""splunk@<hostname>""","""admin@<hostname>""",C,"""from ... Default: 'splunk@<hostname>'."""
1889,Dataset Processing,"By default, if inline is not overridden, how does sendemail provide results, and in what attachment format?",As a PDF attachment by default,Inline in the message body as HTML,As a CSV attachment,As a plain text attachment,C,"""inline ... Specifies whether to send the results in the message body or as an attachment. By default, an attachment is provided as a CSV file."""
1890,Dataset Processing,"For the sendemail command, what happens if graceful=true and sending the email fails?",The search immediately halts with an error,The email is retried automatically up to 3 times,graceful has no effect on error behavior,No error; the search just continues,D,"""If set to true, no error is returned if sending the email fails for whatever reason. The remainder of the search continues as if the sendemail command was not part of the search."""
1891,Dataset Processing,What is the default value of maxinputs for the sendemail command?,100,10000,1000,50000,D,"""maxinputs ... Default: 50000."""
1892,Dataset Processing,What is the default value for maxtime in the sendemail command?,5 minutes,1 hour,No limit,30 seconds,C,"""maxtime ... Default: no limit."""
1893,Dataset Processing,"If sendresults=false, what does the sendemail message default to?","""Search results attached.""","""Search results.""",An empty message body,"""Search complete.""",D,"""If sendresults=false the message defaults to 'Search complete.'"""
1894,Dataset Processing,"If sendpdf=true or sendcsv=true, what does the default sendemail message become?","""Search results.""","""Email attachment included below.""","""Search results attached.""","""Search complete.""",C,"""If sendpdf=true or sendcsv=true, message defaults to 'Search results attached.'"""
1895,Dataset Processing,What is the default paper orientation for PDFs generated by sendemail?,landscape,There is no default; it must be specified,portrait,auto (based on content width),C,"""paperorientation ... Default: portrait."""
1896,Dataset Processing,What is the default paper size for PDFs in sendemail?,letter,ledger,legal,a4,A,"""papersize ... Default: letter."""
1897,Dataset Processing,"For the sendemail command, what does the pdfview argument specify, and should you include the file extension?","The name of a PDF template stored in alert_actions.conf, with the .pdf extension included",The DPI resolution to use when rendering the PDF,"The name of a view.xml file to send as a PDF, specified without the filename extension",A CSS stylesheet used to format the PDF output,C,"""Name of a view.xml file to send as a PDF... Specify the name only. Do not specify the filename extension."""
1898,Dataset Processing,"In sendemail, what numeric/word values correspond to ""high"" and ""highest"" priority?","high or 4, highest or 5","high or 1, highest or 2","high or 2, highest or 1","high or 3, highest or 4",C,"""Lowest or 5, low or 4, high or 2, highest or 1."""
1899,Dataset Processing,What is the default priority value in sendemail?,low or 4,lowest or 5,high or 2,normal or 3,D,"""priority ... Default: normal or 3."""
1900,Dataset Processing,Is sendpng available for all dashboard types in sendemail?,"Yes, it works with any dashboard type","No, it is only available with Classic Dashboards",sendpng does not exist as an argument,"No, only with Dashboard Studio",D,"""sendpng is only available for usage with Dashboard Studio."""
1901,Dataset Processing,"If you set use_ssl=true in sendemail, what must you also specify?","Only the port, since host defaults to localhost",A client-side SSL certificate file path,Host and port together in server,The use_tls argument must also be set to true,C,"""If you set use_ssl=true, you must specify both <host> and <port> in the server argument."""
1902,Dataset Processing,Which two capabilities must a role have to use sendemail?,admin_all_objects and schedule_search,run_sendalert and list_settings,edit_user and list_settings,schedule_search and list_settings,D,"""To use sendemail, your role must have the schedule_search and list_settings capabilities."""
1903,Dataset Processing,"If you use fields as tokens in sendemail messages (like $results$), what should you do before they are processed?",Wrap the token in TERM() to force literal matching,Set content_type=plain to avoid HTML interpreting braces,Use rename to strip curly braces first,Use the eval command to convert them into strings,C,"""If you use fields as tokens in your sendemail messages, use the rename command to remove curly brace characters such as { and } from them before they are processed by the sendemail command."""
1904,Generating,What does the set command do?,Sets the value of a field to a constant for all events,Combines multiple indexes into a single virtual index,Sets configuration parameters for the current search job,Performs set operations on subsearches,D,"""Performs set operations on subsearches."""
1905,Generating,Which three set operations does the set command support?,"union, merge, exclude","join, diff, combine","union, intersect, xor","union, diff, intersect",D,"""| set (union | diff | intersect) subsearch1 subsearch2."""
1906,Generating,What does the union operation return in the set command?,"Both subsearches' results, duplicates counted once",Results only from the first subsearch,Only the results common to both subsearches,Results excluding anything common to both subsearches,A,"""union Returns a set that combines the results generated by the two subsearches. Provides results that are common to both subsets only once."""
1907,Generating,What does the diff operation return in the set command?,Both minus what's common,Only the events unique to the second subsearch,Only the events common to both subsearches,A numeric count of the differences,A,"""diff Returns a set that combines the results generated by the two subsearches and excludes the events common to both. Does not indicate which subsearch the results originated from."""
1908,Generating,What does the intersect operation return in the set command?,A set of results common to both subsearches,Only results present in exactly one of the two subsearches,A set that excludes results common to both subsearches,All results from both subsearches without deduplication,A,"""intersect Returns a set that contains results common to both subsearches."""
1909,Generating,What type of command is the set command?,A distributable streaming command,A transforming (reporting) command,An event-generating command,A dataset processing command,C,"""The set command is an event-generating command."""
1910,Generating,"When does the set command consider two results to be ""the same""?",When only the _raw field matches,When the _time field matches within one second,When any single field matches,When every field the results contain matches,D,"""The set command considers results to be the same if all of fields that the results contain match."""
1911,Generating,What is the default limit on the quantity of results the set command receives from each invoked subsearch (the maxout setting)?,50000,100000,1000,10000,D,"""The default value for this limit is 10000,"" referring to the maxout value in the [subsearch] stanza."
1912,Generating,"What is the default value of the maxresultrows setting in the [set] stanza of limits.conf, controlling how many items set traverses from each subsearch?",25000,10000,5000,50000,D,"""By default the set command attempts to traverse a maximum of 50000 items from each subsearch."""
1913,Generating,"When using the fields command in set subsearches, what must you do if you don't want internal fields like _raw or _time compared?","Explicitly exclude them from the subsearches, e.g. with ""fields - _*""",Nothing; the fields command always filters out internal fields by default,Use the scrub command first,Set namespace=internal in the set command,A,"""When you use the fields command in your subsearches, it does not filter out internal fields by default. If you do not want the set command to compare internal fields... you need to explicitly exclude them from the subsearches."""
1914,Distributable Streaming,What does the setfields command do?,Sets each result's fields to a shared value,Renames fields across all results,Deletes fields that match a specified pattern,Sets a field's value only for the first result,A,"""Sets the field values for all results to a common value."""
1915,Distributable Streaming,"In setfields, what happens to fields that are missing versus fields that are already present?",Missing fields are added; present fields are overwritten,Missing fields cause an error; present fields are overwritten,Missing fields are ignored; present fields are left unchanged,Both missing and present fields are ignored unless force=true,A,"""Missing fields are added, present fields are overwritten."""
1916,Distributable Streaming,What standard key cleaning is performed on setfields keys?,Non-alnum -> '_'; leading '_' dropped,Keys longer than 32 characters are truncated,Spaces are replaced with hyphens,All characters are converted to lowercase,A,"""Standard key cleaning is performed. This means all non-alphanumeric characters are replaced with '_' and leading '_' are removed."""
1917,Transforming,What is the sichart command?,A deprecated alias for the chart command,The summary-indexing version of chart,A command for creating interactive charts in Dashboard Studio,The summary indexing version of the timechart command,B,"""The summary indexing version of the chart command. The sichart command populates a summary index with the statistics necessary to generate a chart visualization."""
1918,Transforming,"After populating a summary index with sichart, which command do you use to search against that summary index?",The collect command,The chart command with the exact same search,The timechart command,The sichart command again with different arguments,B,"""After you populate the summary index, you can use the chart command with the exact same search that you used with the sichart command to search against the summary index."""
1919,Transforming,Why would you use summary indexing methods like sichart?,To convert charts into PDF format automatically,To speed up long searches lacking report acceleration,To enable real-time alerting on chart thresholds,To reduce the storage footprint of raw event data,B,"""Summary indexing is a method you can use to speed up long-running searches that do not qualify for report acceleration, such as searches that use commands that are not streamable before the reporting command."""
1920,Transforming,What is the sirare command?,The summary indexing version of the rare command,An alias for the rare command with no summary indexing behavior,The summary indexing counterpart of the top command,A command that removes rare/outlier events from results,A,"""The sirare command is the summary indexing version of the rare command, which returns the least common values of a field or combination of fields."""
1921,Transforming,What is the default value of the countfield option in sirare?,"""countfield""","""count""","""total""",There is no default,B,"""countfield ... Default: 'count'."""
1922,Transforming,"In sirare's top-options, what does limit=0 do?",Sets the limit to the default of 10,Is invalid and causes an error,Returns zero values (disables output),"Returns all values, no limit",D,"""limit ... Description: Specifies how many tuples to return, '0' returns all values."""
1923,Transforming,What is the default value of showcount in sirare?,false,There is no default,1,true,D,"""showcount ... Default: true."""
1924,Transforming,"After using sirare to populate a summary index, which command do you use with the same search string to report against it?",The sichart command,The regular top command,The stats command,The regular rare command,D,"""After you populate the summary index, use the regular rare command with the exact same search string as the rare command search to report against it."""
1925,Transforming,What is the sistats command?,The summary indexing version of the sichart command,A command that lists all sistats indexes,The summary-indexing version of stats,A command for stopping a running summary index job,C,"""The sistats command is the summary indexing version of the stats command, which calculates aggregate statistics over the dataset."""
1926,Transforming,What happens when you write '| sistats avg' without specifying a field?,It is silently ignored and no statistics are generated,It defaults to averaging the _time field only,Splunk returns a syntax error requiring an explicit field,"It is treated as avg(*), a wildcard for all fields",D,"""when you pair the sistats command with functions that are not applied to specific fields... the search head processes it as if it were applied to a wildcard for all fields... it returns results for | sistats avg(*)."""
1927,Transforming,"Is the ""implicit wildcard"" syntax for sistats (e.g. | sistats avg without a field) considered current best practice?",It is required syntax in Splunk Cloud Platform,Deprecated; write | sistats <function>(*),It was deprecated only for the count function,"Yes, it is the recommended and only supported syntax",B,"""This 'implicit wildcard' syntax is officially deprecated, however. Make the wildcard explicit. Write | sistats <function>(*) when you want a function to apply to all possible fields."""
1928,Transforming,What is the sitimechart command?,The summary indexing version of the sichart command,A command that converts timechart output into a summary index automatically without configuration,The summary-indexing version of timechart,A real-time variant of the timechart command,C,"""The sitimechart command is the summary indexing version of the timechart command, which creates a time-series chart visualization with a corresponding table of statistics."""
1929,Transforming,"In sitimechart syntax, which combination of elements is required: either a <single-agg> with an optional BY clause, or what else?",<sep> and <cont> arguments together,<eval-expression> BY <split-by-clause>,A subsearch enclosed in brackets,<bin-options> alone,B,"""When specifying sitimechart command arguments, either <single-agg> or <eval-expression> BY <split-by-clause> is required."""
1930,Transforming,"After populating a summary index with sitimechart, which command do you use with the same search string to report against it?",The regular timechart command,The regular stats command instead,The collect command a second time,The regular chart command instead,A,"""After you use an sitimechart search to populate the summary index, use the regular timechart command with the exact same search string as the sitimechart search to report against the summary index."""
1931,Transforming,"In the search '... | sitimechart avg(cpu) BY host | collect index=mysummary', what does the collect command do?",Aggregates CPU usage across all hosts into one row,Populates a summary index called mysummary with the statistics,Removes the host field from output,Runs the sitimechart command a second time for validation,B,"""Use the collect command to populate a summary index called mysummary with the statistics about CPU usage organized by host."""
1932,Transforming,Why would you use sitimechart rather than running timechart directly on raw data when populating a summary index?,Because sitimechart supports more visualization types than timechart,Because sitimechart runs in real-time while timechart does not,Because it speeds up searches with non-streamable commands,Because timechart cannot be used with the BY clause in summary indexing,C,"""Summary indexing is a method you can use to speed up long-running searches that do not qualify for report acceleration, such as searches that use commands that are not streamable before the transforming command."""
1933,Transforming,What is the sitop command?,The summary indexing version of the top command,An alias for the collect command,The summary indexing version of the rare command,A command that lists the top summary indexes by size,A,"""The sitop command is the summary indexing version of the top command, which returns the most frequent value of a field or combination of fields."""
1934,Transforming,How does the syntax of sitop compare to the syntax of the top command?,sitop uses different top-options entirely,It is the exact same syntax as that of the top command,sitop requires an additional index argument that top does not,"sitop does not support the BY clause, unlike top",B,"""Note: This is the exact same syntax as that of the top command."""
1935,Transforming,What is the default value of the limit option in sitop?,"""1""","""100""","""0""","""10""",D,"""limit ... Default: '10'."""
1936,Transforming,"What does the otherstr option specify in sitop, and what is its default value?","The name of the field showing the count of other values; default is ""count""","The percentage threshold for grouping values as other; default is ""10""","The row value for all other values when useother is true; default ""OTHER""","Whether to include an ""other"" row at all; default is false",C,"""otherstr ... Description: If useother is true, specify the value that is written into the row representing all other values. Default: 'OTHER'."""
1937,Transforming,What is the default value of useother in sitop?,false,10,true,"""OTHER""",A,"""useother ... Default: false."""
1938,Generating,What add-on is the snowincident command used with?,The Splunk App for Enterprise Security,The Splunk Add-on for ServiceNow,The Splunk Add-on for Microsoft Windows,The Splunk Add-on for AWS,B,"""The snowincident command is used with the Splunk Add-on for ServiceNow."""
1939,Dataset Processing,What does the sort command do to the results?,It groups results into buckets based on field values,It sorts all of the results by the specified fields,It filters out results that do not match a search term,It removes duplicate results with the same field values,B,The sort command description states it sorts all of the results by the specified fields.
1940,Dataset Processing,"For the sort command, what is the default limit on the number of results returned if no count is specified?","1,000",0,"10,000",100,C,"If no number is specified, the default limit of 10000 is used."
1941,Dataset Processing,What happens if you specify the number 0 as the count argument to the sort command?,Only the first result is returned,All of the results are returned,No results are returned,The default limit of 10000 is used instead,B,"If the number 0 is specified, all of the results are returned."
1942,Dataset Processing,"When the sort order is ascending and a result is missing the given sort field, how is that result treated?",It is placed in the exact middle of the sorted results,It is excluded from the sorted results,As having the largest possible value of the field,As having the smallest possible value of the field,C,"Results missing a field are treated as having the smallest or largest possible value if the order is descending or ascending, respectively, so ascending order treats them as largest."
1943,Dataset Processing,"In the sort-by-clause syntax, which symbol is used to specify descending order for a sort field?",An exclamation point (!),A tilde (~),A plus sign (+),A minus sign (-),D,To use a minus sign (-) for descending order and a plus sign (+) for ascending order.
1944,Dataset Processing,"If a sort command specifies three fields and includes the desc argument, what happens to the values in the second field for each set of duplicate values in the first field?",The order of the corresponding values in the second field is reversed,The corresponding values in the second field are deleted,The corresponding values in the second field are sorted alphabetically regardless of type,The corresponding values in the second field are left in their original order,A,"For each set of duplicate values in the first field, desc reverses the order of the corresponding values in the second field."
1945,Dataset Processing,Which sort-field option tells the sort command to interpret the values of a field as IP addresses?,ip(<field>),num(<field>),str(<field>),auto(<field>),A,Ip(<field>) as the option that interprets the values of a field as IP addresses.
1946,Dataset Processing,"By default, if a field contains numeric values, what collating sequence does the sort command use?",Numeric,Lexicographical,IP address,Custom,A,"If the field contains numeric values, the collating sequence is numeric."
1947,Dataset Processing,How are alphanumeric strings that start with a number sorted by the sort command?,By the value of the text following the number,"Numerically, based on that leading number alone",By the total length of the string,"Lexicographically, character by character",B,"If the string starts with a number, the string is sorted numerically based on that number alone."
1948,Dataset Processing,"When sort compares values lexicographically, which of the following is true?",Numbers are sorted after all letters,Uppercase letters are sorted before lowercase letters,Lowercase letters are sorted before uppercase letters,Symbols always sort consistently before numbers,B,Uppercase letters are sorted before lowercase letters in lexicographical order.
1949,Dataset Processing,"What does the search '... | sort ip(ipaddress), -str(url)' do?","Sorts ipaddress ascending, then url descending as a string",Sorts ipaddress in descending order and url in ascending order,"Sorts by url first, then by ipaddress in ascending order",Sorts both fields together in ascending numeric order,A,This example as sorting the results by the ipaddress field in ascending order and then by the url field in descending order.
1950,Dataset Processing,Which sort command returns only the most recent event?,sort limit=1 +_time,sort -_time,sort 1 -_time,sort 1 _time,C,"Example 5 shows ""... | sort 1 -_time"" to return the most recent event."
1951,Dataset Processing,"Which syntax lets you use a label to identify the number of results a sort command returns, for example returning the first 12 results sorted by host?",sort count=12 host,sort limit=12 host,sort 12=limit host,sort host limit(12),B,"Example shows ""... | sort limit=12 host"" as using a label with the count argument."
1952,Distributable Streaming,What two structured data formats does the spath command extract information from?,JSON and YAML,CSV and JSON,XML and YAML,XML and JSON,D,The spath command enables you to extract information from the structured data formats XML and JSON.
1953,Distributable Streaming,"Besides using the spath command directly, how else can you use spath functionality?",As the spath() function with the eval command,Only by editing props.conf,As the spath() function with the where command,Only through the extract command,A,You can also use the spath() function with the eval command.
1954,Distributable Streaming,What is the default value of the input argument for the spath command?,sourcetype,source,_time,_raw,D,The default for the input argument as _raw.
1955,Distributable Streaming,"If you do not specify the output argument in a spath command, what becomes the field name for the extracted value?",The value of the path argument,The value of the input argument,A field named _extracted,The literal word output,A,"If you do not specify an output argument, the value for the path argument becomes the field name for the extracted value."
1956,Distributable Streaming,"In a spath location path, what separates the individual location steps?",Periods,Colons,Commas,Forward slashes,A,"A location path as composed of one or more location steps, separated by periods."
1957,Distributable Streaming,"In a spath location step, how do you indicate that an index refers to an XML attribute rather than an array position?",Enclose the attribute name in parentheses,Precede the attribute name with a # symbol,Enclose the attribute name in double quotes,Precede the attribute name with an @ symbol,D,"If the index refers to an XML attribute, you specify the attribute name with an @ symbol."
1958,Distributable Streaming,What type of command is spath?,A transforming (reporting) command,A distributable streaming command,A generating (event-producing) command,A centralized streaming command,B,The spath command is a distributable streaming command.
1959,Distributable Streaming,"When the spath command is used with no path argument, what mode does it run in?",Auto-extract mode,Passive listening mode,Fully manual mode,Strict validation mode,A,"When used with no path argument, the spath command runs in auto-extract mode."
1960,Distributable Streaming,"By default, how many characters of the input field does spath examine when running in auto-extract mode?","The first 1,000 characters","The first 10,000 characters","The first 5,000 characters","The entire field, regardless of length",C,"By default, spath in auto-extract mode finds and extracts fields from the first 5,000 characters in the input field."
1961,Distributable Streaming,"For the spath command, for the location path product.desc{3}, what does the index {3} refer to when the data is JSON?","The third desc child, using zero-based indexing","The third element, per one-based indexing",An XML-only attribute reference,The fourth element (JSON is zero-indexed),D,"In JSON, product.desc{3} refers to the fourth element of the desc child, since JSON uses zero-based indexing."
1962,Distributable Streaming,"For the spath command, for that same location path, product.desc{3}, what does the index refer to when the data is XML?",The first desc child of product,It results in an error,The third desc child of product,The fourth element,C,"In XML, the same path product.desc{3} refers to the third desc child of product."
1963,Distributable Streaming,"What must the path referenced by a wildcard index, such as entities.hashtags{}, refer to for the wildcard to work?",A string field,An array,A numeric field,A boolean value,B,"The referenced path has to refer to an array for the wildcard to make sense, otherwise you get an error."
1964,Distributable Streaming,What is the relationship between catalog.book and catalog.book{} in an XML spath path?,They're equivalent; both get all the books,catalog.book{} returns only the first book found,catalog.book results in an XML parsing error,catalog.book{} is invalid XML path syntax here,A,"Catalog.book and catalog.book{} are equivalent, and both get you all the books in the catalog."
1965,Distributable Streaming,Which limits.conf setting controls the character limit that spath uses to extract fields in auto-extract mode?,extraction_cutoff,maxresultrows,default_partitions,max_mem_usage_mb,A,You can change the extraction_cutoff setting in limits.conf to override the extraction character limit.
1966,Distributable Streaming,Under which stanza in limits.conf do you add the extraction_cutoff setting for spath?,[streamstats],[search],[stats],[spath],D,To add the extraction_cutoff line under the [spath] stanza in limits.conf.
1967,Distributable Streaming,Which literal strings do not need to be enclosed in double quotation marks for JSON data used with spath to be well-formed?,All string literals require quotes,"true, false, and null",true and false only,Only null,B,"String literals other than the literal strings true, false, and null must be enclosed in double quotation marks."
1968,Distributable Streaming,"For the spath command, if indexed_extractions=JSON is set in props.conf, what is true?",You don't need to explicitly use the spath command,You must also set KV_MODE=NONE,The spath command will fail to run,You must still explicitly use spath to extract any field,A,"If you are using indexed_extractions=JSON or KV_MODE=JSON in props.conf, you don't need to use the spath command."
1969,Distributable Streaming,"What does the search ""... | spath output=myfield path=vendorProductSet.product.desc"" do?",Extracts myfield's existing value into the vendorProductSet.product.desc path,Extracts the value at that location path into a field called myfield,Deletes the vendorProductSet field from the results,Renames the vendorProductSet field to myfield,B,"The basic example 1 shows this search specifying an output field and path, extracting the value at the path into myfield."
1970,Distributable Streaming,"A JSON event has category.boardgames.cooperative as the array [Pandemic, Forbidden Island, Castle Panic]. What value does 'spath path=category.boardgames.cooperative{1} output=favorite_game' extract into favorite_game?",Pandemic,An empty string,Forbidden Island,Castle Panic,C,This exact search extracting Forbidden Island into the favorite_game field.
1971,Distributable Streaming,"For the spath command, for a JSON array category.boardgames.cooperative containing [Pandemic, Forbidden Island, Castle Panic], what does favorite_game become if the path index is {0} instead of {1}?",Pandemic,Null,Castle Panic,Forbidden Island,A,Changing the index to 0 makes the search results list the favorite game as Pandemic.
1972,Distributable Streaming,"When you run spath with path=purchases.book.title{@yearPublished} output=dates on XML events that contain multiple book elements, what does the output look like?",A separate event created for each individual book found,A single multivalue result listing the years published,"An error, since attributes can't be extracted this way",A total count of the number of books found,B,"In this example, the output is a single multivalue result that lists all the years the books were published."
1973,Distributable Streaming,"After using spath to extract fields from GitHub commit JSON data, which command shows who has committed the most changes to a repository?",stats count by repository,top commit_author by repository,rare commit_author by repository,sort commit_author,B,"""... | top commit_author by repository"" as the search used to see who has committed the most changes."
1974,Distributable Streaming,Which spath path syntax extracts the locale attribute of the 4th locDesc element under vendorProductSet.product.desc?,vendorProductSet.product.desc.locDesc[4].locale,vendorProductSet.product.desc.locDesc{4}{@locale},vendorProductSet.product.desc.locDesc{@locale4},vendorProductSet.product.desc.locDesc{@locale}{4},B,"""... | spath path=vendorProductSet.product.desc.locDesc{4}{@locale}"" to extract the attribute of the 4th locDesc."
1975,Distributable Streaming,"What limitation of the mvexpand command can you work around by first combining fields, as when expanding an event that has more than one multivalued field?",mvexpand only works with XML-sourced data,mvexpand cannot process JSON-sourced data,mvexpand only works on one multivalued field at a time,mvexpand requires the table command to run first,C,"The mvexpand command only works on one multivalued field, and this example shows how to expand an event with more than one."
1976,Distributable Streaming,"To expand an event that has two multivalued fields (data and size) with mvexpand, which eval function can combine them into a single multivalued field first?",mvcombine(),mvzip(),mvappend(),mvjoin(),B,"""| eval x=mvzip(data,size)"" used to create the combined multivalued field before mvexpand."
1977,Transforming,The stats command's aggregation functionality is comparable to which other query-language feature?,A relational join operation,SQL aggregation,XML parsing,Regular expression matching,B,Stats calculates aggregate statistics and this is similar to SQL aggregation.
1978,Transforming,"If the stats command is used without a BY clause, how many rows does it return?",One row for each event in the result set,One row for each field in the search,"One row, aggregating the entire result set",Zero rows are returned in this case,C,"If stats is used without a BY clause, only one row is returned, the aggregation over the entire incoming result set."
1979,Transforming,What is the key difference between the stats and eval commands?,"eval only works with numeric fields, while stats works with all field types","stats creates new fields, while eval calculates statistics based on fields",stats calculates statistics on fields; eval creates new fields via an expression,stats and eval perform identical operations on the result set,C,"The stats command calculates statistics based on fields, while eval creates new fields by using existing fields and an arbitrary expression."
1980,Transforming,"In the simple syntax for the stats command, stats (stats-function(field) [AS field])... [BY field-list], what keyword introduces the grouping fields?",WITH,BY,OVER,GROUP,B,The simple syntax shown in BY to introduce the field-list for grouping.
1981,Transforming,"In a stats-agg-term, what is the AS clause used for?",To apply a wildcard filter to the aggregation,To specify the BY clause fields,To place the result in a new field you name,To limit the number of results returned,C,You use the AS clause to place the result into a new field with a name that you specify.
1982,Transforming,What is the default value of the allnum argument in the stats command?,true,false,all,0,B,The default for allnum as false.
1983,Transforming,Can you use a wildcard character in the BY clause of the stats command to specify multiple fields at once?,"Yes, but only when allnum=true","No, each field must be specified separately","Yes, but only for numeric fields","Yes, wildcards work the same as in stats-agg-term",B,You cannot use a wildcard character to specify multiple fields with similar names in the BY clause; you must specify each field separately.
1984,Transforming,What does the dedup_splitvals argument in the stats command control?,Whether to remove duplicate events before aggregation,Whether to limit the number of BY clause fields used,Whether to sort the BY clause fields alphabetically,Whether to drop duplicate values in multivalued BY fields,D,Dedup_splitvals as specifying whether to remove duplicate values in multivalued BY clause fields.
1985,Transforming,What is the default delimiter used for the list() or values() aggregation functions in the stats command?,A single space,A newline character,A comma,A semicolon,A,The default for the delim argument as a single space.
1986,Transforming,"What command runs the reduce step in parallel across multiple machines, as compared to the partitions argument of stats, which uses multiple threads on the same machine?",The parallelize command,The redistribute command,The multireduce command,The distribute command,B,"Parallel reduce using the redistribute command runs the reduce step in parallel on multiple machines, unlike the partitions argument."
1987,Transforming,Which of the following stats functions is categorized as a time function?,mode(),values(),count(),rate(),D,"The stats function table lists rate() under Time functions, while count() is Aggregate, values() is Multivalue, and mode() is Aggregate."
1988,Transforming,Which two stats functions are event order functions?,first() and last(),earliest() and latest(),top() and rare(),min() and max(),A,The stats function table lists first() and last() under Event order functions.
1989,Transforming,"For the stats command, if a sparkline is not scoped to a specific field, which aggregator function is the only one permitted?",max,count,sum,avg,B,"If the sparkline is not scoped to a field, only the count aggregator is permitted."
1990,Transforming,What type of command is stats?,An orchestrating (search-control) command,A transforming (reporting) command,A stateless streaming command,A generating (event-producing) command,B,The stats command is a transforming command.
1991,Transforming,"Aside from the count function, what does the search fragment stats avg (without a field) get processed as?",It returns a search error,stats avg(_raw),stats avg(*),stats avg(_time),C,"When you have | stats avg in a search, it returns results for | stats avg(*)."
1992,Transforming,What is recommended instead of relying on the deprecated implicit wildcard syntax when you want a stats function to apply to all possible fields?,Write the function applied explicitly to an asterisk,Run the fields command before the stats command,Use the allnum=true argument in the stats command,Use a wildcard character in the BY clause instead,A,To make the wildcard explicit by writing the function applied to (*) when you want it to apply to all possible fields.
1993,Transforming,What does a stats calculation produce when division by zero occurs?,An error that stops the search,A null field,The value inf,The value nan,B,Division by zero results in a null field.
1994,Transforming,How is the floating-point special value for positive infinity represented in stats calculation results?,+infinity,null,inf,NaN,C,The special value for positive infinity is represented in results as inf.
1995,Transforming,"When the check_for_invalid_time setting in limits.conf is set to true, what happens to stats searches on time functions when _time or _origtime fields are missing from the input data?",The stats search processor returns results using default time values,The stats search processor does not return results for those searches,The setting has no effect on those searches,The search fails immediately with an error,B,"When check_for_invalid_time=true, the stats search processor does not return results for searches on time functions when _time or _origtime are missing."
1996,Transforming,Which function is noted as requiring far more memory than the count function?,distinct_count,median,stdev,max,A,The distinct_count function requires far more memory than the count function.
1997,Transforming,Which function can you use instead of distinct_count to reduce memory usage and run time?,list,estdc,dc,values,B,"Replacing distinct_count with the estdc function, which might result in significantly lower memory usage and run times."
1998,Transforming,"For the stats command, which function should you use instead of first to accurately locate the first value based on time order?",min,earliest_time,mode,earliest,D,"To locate the first value based on time order, use the earliest function instead of the first function."
1999,Transforming,"For the stats command, which function should you use instead of last to accurately locate the last value based on time order?",latest,mode,latest_time,max,A,"To locate the last value based on time order, use the latest function instead of the last function."
2000,Transforming,Which of the following is NOT valid in a stats BY clause?,stats avg(bytes) BY source,stats count BY source*,"stats count BY source, host",stats count BY source,B,"You cannot specify | stats count BY source*, since stats does not support wildcard characters in BY clause field values."
2001,Transforming,Which of the following stats expressions is NOT valid?,"stats first(host) AS site, count AS total","stats first(host) AS site, first(host) AS report","stats avg(bytes) AS avg_bytes, count AS total","stats count BY host, source",B,"You cannot rename one field with multiple names, giving this exact expression as an example of what is not valid."
2002,Transforming,What does the search sourcetype=access* | stats avg(kbps) BY host return?,The maximum transfer rate observed for each host,The total transfer rate summed across all hosts,The average transfer rate for each host,A count of events recorded for each host,C,The basic example 1 describes this search as returning the average transfer rate for each host.
2003,Transforming,What does the search ... | stats dc(host) do?,"Removes duplicate host values, then counts what remains",Sorts the results in order by the host field,Removes the host field entirely from the results,Returns a list of all duplicate host values found,A,This example as removing duplicates of results with the same host value and returning the total count of the remaining results.
2004,Transforming,"In '... | stats avg(field) BY mvfield dedup_splitvals=true', what does dedup_splitvals=true accomplish?","It deduplicates the values in the multivalue BY field, mvfield",It deduplicates the values of the field being averaged,It removes duplicate events from the result set entirely,It sorts the values of mvfield alphabetically,A,This example as deduplicating the values in the mvfield BY clause field.
2005,Transforming,What does the search ... | stats avg(*lay) BY date_hour calculate?,"The average, per hour, of any unique field ending in lay","The average of only the delay field, for each hour",The average of all numeric fields regardless of name,The average of a single field literally named *lay,A,"This example as returning the average, for each hour, of any unique field that ends with the string lay."
2006,Transforming,"In the search 'sourcetype=access_* | stats count BY status, host', why does every unique combination of status and host appear on a separate row?",Because stats defaults to combining fields when none are wildcarded,Because the count function always requires two grouping fields,Because two fields are specified in the BY clause,Because host values are always listed on their own row,C,"Because two fields are specified in the BY clause, every unique combination of status and host is listed on a separate row."
2007,Transforming,Which command can be substituted for stats in the search to make the two BY-clause fields suitable for a chart visualization?,eventstats,timechart,chart,top,C,To substitute the chart command for the stats command in the search to make the results suitable for a chart visualization.
2008,Transforming,"When using the chart command with two BY-clause fields, what is the second field called?",The row-split field,The column-split field,The aggregation field,The primary key field,B,"The second field specified after BY is referred to as the column-split field, used as column headings in the table and the data series in a chart."
2009,Transforming,"What technique does 'stats count(eval(method=""GET"")) AS GET, count(eval(method=""POST"")) AS POST BY host' demonstrate?",Substituting the chart command in place of stats,Using eval expressions to specify field values for stats to count,Using the where command to filter GET and POST requests separately,Using the eval command to rename fields after aggregation,B,This example uses eval expressions to specify the different field values for the stats command to count.
2010,Transforming,"In 'chart count AS ""Number of Earthquakes"" BY mag span=1', what does span=1 do?",Limits the search results to a single earthquake,Sets the time span of the whole search to 1 day,Defines each of the ranges for the mag field,Rounds the magnitude values to 1 decimal place,C,"This search uses span=1 to define each of the ranges for the magnitude field, mag."
2011,Transforming,"Within a stats command, how is the range() function defined?",The average of all recorded values,The difference between the min and max,The standard deviation of the values,The count of distinct magnitude types,B,"Range() as calculating range, the difference between the min and max, as part of this example."
2012,Transforming,How do the values calculated with mean(mag) compare to those calculated with avg(mag)?,The mean values should exactly match those from avg(),mean() and avg() cannot be used together in the same search,The mean values should always come out higher than avg(),mean() is only usable when paired with the chart command,A,The mean values should be exactly the same as the values calculated using avg().
2013,Transforming,Why would you use the rename command to change the name of a split-by field such as productId rather than renaming it inline with stats?,Because productId is a reserved field name in Splunk,Because inline renaming with AS only works for numeric fields,Because rename must always be the first command in a search,Because the stats syntax does not let you rename a split-by field,D,The rename command is used because the stats syntax does not let you rename a split-by field.
2014,Transforming,"For the stats command, in a revenue search, an eval expression at the end reformats the Revenue field with a dollar sign and commas (for example with tostring(Revenue,""commas"")). What does this do to the field?",It converts the Revenue values from a string back into a number,It removes the Revenue field from the final results,"It formats Revenue as currency, with a dollar sign and commas",It rounds the Revenue values to the nearest whole number,C,"The results are piped into an eval expression to reformat the Revenue field values so that they read as currency, with a dollar sign and commas."
2015,Transforming,"When categorizing email addresses by domain suffix with eval, which function compares from_domain to a regular expression that matches the different suffixes?",searchmatch(),cidrmatch(),like(),match(),D,The eval uses the match() function to compare the from_domain to a regular expression that looks for the different domain suffixes.
2016,Transforming,What does sourcetype=access_* | top limit=10 referer | stats sum(count) AS total calculate?,The average number of hits per referring domain,The percentage of hits from the single top referrer,The total number of times the top 10 referrers were hit,The count of distinct referring domains,C,The sum() function adds the values in count to produce the total number of times the top 10 referrers accessed the website.
2017,Distributable Streaming,What does the strcat command do?,Splits a single string field into multiple separate fields,Removes duplicate string values within a single field,Compares two string fields to check for equality,Concatenates string values from 2 or more fields into a new field,D,Strcat as concatenating string values from 2 or more fields and combining string values and literals into a new field.
2018,Distributable Streaming,"In the strcat command syntax, where is the destination field always placed?",Immediately after the allrequired argument,It can be placed anywhere in the command line,At the end of the series of source fields,"At the beginning, before the source fields",C,The destination field is always at the end of the series of source fields.
2019,Distributable Streaming,"In the strcat command's source-fields argument, how must literal string values be specified?",Enclosed in quotation marks,Enclosed in parentheses,Preceded by a dollar sign,Preceded by an equals sign,A,Literal values must be enclosed in quotation marks.
2020,Distributable Streaming,"With the strcat command, what happens when allrequired=t and one of the source fields does not exist in an event?",The missing field is treated as an empty string and concatenation proceeds,The destination field is filled with the literal text null,The values are not written to the destination field for that event,The search returns an error and stops,C,"If allrequired=t, the values are written to the destination field only if all source fields exist."
2021,Distributable Streaming,What type of command is strcat?,A transforming (reporting) command,A centralized streaming command,A distributable streaming command,A generating (event-producing) command,C,The strcat command is a distributable streaming command.
2022,Centralized Streaming,What does the streamstats command add to search results?,A random sample of events from the result set,Only a total count of the search results,A single static summary row appended at the end of results,Cumulative stats calculated as each event is seen,D,"Streamstats adds cumulative summary statistics to all search results in a streaming manner, calculated at the time each event is seen."
2023,Centralized Streaming,"If neither the time_window nor window arguments are set for streamstats, what default event limit applies?","1,000 events, set by max_stream_window","100,000 events, set by max_stream_window","10,000 events, set by max_stream_window","500 events, set by max_stream_window",C,"If you don't set time_window or window, the default of 10,000 events set by max_stream_window in limits.conf applies."
2024,Centralized Streaming,What is the default value of the current argument in the streamstats command?,It has no default,1,true,false,C,The default for the current argument as true.
2025,Centralized Streaming,What is the default value of the global argument in the streamstats command?,It has no default,true,0,false,B,The default for the global argument as true.
2026,Centralized Streaming,What happens when global=false and window is set to a non-zero value in streamstats?,The window argument is ignored entirely,All events share a single global window regardless of the by clause,A separate window is used for each group of values in the by clause,The search returns an error,C,"If global=false and window is a non-zero value, a separate window is used for each group of values of the by clause field."
2027,Centralized Streaming,What does the reset_after argument in streamstats do when its eval-expression evaluates to true?,All accumulated statistics are reset after the calculations are produced for that event,All accumulated statistics are reset before the calculations are produced for that event,The window argument is permanently disabled,The search stops running immediately,A,"Reset_after specifies that after the calculations are produced for an event, all accumulated statistics are reset if the eval-expression returns true."
2028,Centralized Streaming,How does reset_before differ from reset_after in the streamstats command?,They are functionally identical aliases of each other,reset_before applies across all fields while reset_after applies to a single field,reset_before resets stats before an event's calculations; reset_after resets them after,"reset_before only works when combined with the window argument, but reset_after does not",C,"Reset_before resets statistics before calculations are produced, while reset_after does so after the calculations are produced."
2029,Centralized Streaming,"For the streamstats command, what type of events can trigger a reset when reset_on_change=true?",Only the very first event processed in the search,Only events that have all of the group by fields,Only events that also contain a _time field,"Any event, regardless of which group by fields it contains",B,Only events that have all of the group by fields can trigger a reset; events with only some of the fields are ignored.
2030,Centralized Streaming,"To use the time_window argument in streamstats, how must the events be sorted?",Only in ascending time order,In either ascending or descending time order,Sorting is not required for time_window,Only in descending time order,B,"To use the time_window argument, the events must be sorted in either ascending or descending time order."
2031,Centralized Streaming,"What is the default value of the window argument in streamstats, and what does that default mean?","0, meaning all previous events are used","10, meaning only the last 10 events are used","1, meaning only the current event is used",There is no default value for window at all,A,"The default for window as 0, which means that all previous and current events are used."
2032,Centralized Streaming,Which of the following is a valid value for specifying months?,1mo,1M,1month,1mon,D,"The time range table lists 1mon, 2mon, 3mon, 4mon, 6mon, 12mon as valid values for months."
2033,Centralized Streaming,Which functions are event order functions for the streamstats command?,first() and last() functions only,"earliest(), first(), last(), latest()",min() and max() functions only,earliest() and latest() functions only,B,"The streamstats function table lists earliest(), first(), last(), and latest() under Event order functions."
2034,Centralized Streaming,How is the exact percentile function's syntax written for the streamstats command?,pct<int>(),exactperc<num>(),percentile<int>(),exactperc<int>(),D,The streamstats aggregate functions table lists exactperc<int>() as the syntax for the exact percentile function.
2035,Centralized Streaming,What type of command is streamstats?,A transforming (reporting) command,A centralized streaming command,A distributable streaming command,A generating (event-producing) command,B,The streamstats command is a centralized streaming command.
2036,Centralized Streaming,How does streamstats differ from eventstats?,streamstats requires a BY clause while eventstats does not,eventstats only works on numeric fields while streamstats works on all field types,"streamstats uses prior events to compute stats applied to each event, unlike eventstats",streamstats is a generating command while eventstats is a streaming command,C,Streamstats is similar to eventstats except it uses events before the current event to compute aggregate statistics applied to each event.
2037,Centralized Streaming,How does streamstats differ from stats in how statistics are calculated?,streamstats cannot use any aggregate functions that stats supports,stats and streamstats calculate statistics in an identical manner,"stats works on the whole result group, while streamstats calculates per event as it's seen",stats calculates per-event statistics while streamstats works on the whole group at once,C,"Unlike stats, which works on the group of results as a whole, streamstats calculates statistics for each event at the time the event is seen."
2038,Centralized Streaming,"Aside from the count function, what happens when streamstats is paired with a function that isn't applied to a specific field?",The search fails immediately with an error,It's processed as if applied to a wildcard for all fields,The function is silently ignored,Only the first field encountered in the events is used,B,"With the exception of count, functions not applied to specific fields are processed as if applied to a wildcard for all fields."
2039,Centralized Streaming,"In '| makeresults count=3 | streamstats count | eval test=if(count==2,""yes"",""no"")', what value does the test field show for the event where count equals 2?",true,2,no,yes,D,Example results table shows test=yes for the event where count is 2.
2040,Centralized Streaming,What capability does the streamstats command retain regarding the original data when it aggregates statistics?,It replaces the original field values with the aggregated statistics,It discards the original data once statistics have been aggregated,It requires a separate command to restore access to the original data,"It adds statistics onto the original data, keeping it all accessible",D,"The streamstats command aggregates the statistics to the original data, which means that all of the original data is accessible for further calculations."
2041,Centralized Streaming,"When streamstats count is used with reset_on_change=true on a shift field that has the values DAY and NIGHT, what happens to the count each time the shift value changes?",The count resets to 1,The count resets to 0,The count is set to the total number of events seen so far,The count continues incrementing without resetting,A,"Example results show the count resetting to 1 each time the shift value changes, such as DAY,1 then NIGHT,1."
2042,Centralized Streaming,What does the maxresultrows setting in limits.conf specify for the streamstats command?,The maximum time window allowed for time_window,The number of concurrent streamstats searches permitted,The maximum number of distinct fields that can be tracked,The cap on how many result rows the processor stores in memory,D,"The maxresultrows setting specifies a top limit for the window argument, setting the number of result rows the processor can store in memory."
2043,Centralized Streaming,What happens when the max_mem_usage_mb limit is reached during a streamstats search?,The window argument is automatically reduced,The processor stops adding the requested fields to the results,The oldest events are automatically dropped from memory,The search immediately fails with an error,B,"When the max_mem_usage_mb limit is reached, the streamstats command processor stops adding the requested fields to the search results."
2044,Centralized Streaming,What happens if you set max_mem_usage_mb=0 for streamstats?,It disables the streamstats command entirely,It resets memory usage to the system default automatically,"It removes the processor's memory bounds, risking search failures","It has no effect, since 0 is not a valid value",C,"Setting max_mem_usage_mb=0 is discouraged because it removes the bounds on the amount of memory the streamstats processor can use, which can lead to search failures."
2045,Centralized Streaming,The search ... | streamstats avg(foo) window=5 is similar to using which command to compute a simple moving average?,chart avg(foo) span=5,eventstats avg(foo) window=5,trendline sma5(foo),timechart avg(foo),C,"This is similar to using the trendline command to compute a simple moving average, such as trendline sma5(foo)."
2046,Centralized Streaming,What does '... | streamstats avg(foo) by bar window=5 global=f' compute?,"The average of foo per bar value, over the last 5 events with that bar value",The average value of bar for each value of foo,A single global average of foo ignoring the bar field,The average value of foo across the 5 most recent events regardless of bar,A,"This example as computing the average value of foo for each value of bar, including only 5 events with that value of bar."
2047,Centralized Streaming,What does the search ... | streamstats count add to each event?,A count field showing the total number of events in the entire search,A field showing the percentage of events processed so far,"A count of the events seen so far, including the current one",A count field that resets to zero for every event,C,"This example as adding a count field representing the number of events seen so far, including the current event."
2048,Centralized Streaming,"To exclude the current event from the streamstats count calculation, which argument would you add?",window=0,include=f,global=f,current=f,D,"If you did not want to include the current event, you would specify streamstats count current=f."
2049,Centralized Streaming,"For '... | streamstats count time_window=5m', if events are in ascending time order, what does the count field represent?",The number of events in the next five minutes ahead,The average number of events per 5-minute window,The total number of events in the entire search,The number of events in the previous 5 minutes,D,"If events are in ascending time order, the count field represents the number of events in the previous 5 minutes."
2050,Centralized Streaming,"For the streamstats command, if there are more events in a 5-minute time_window than the max_stream_window limit of 10,000, what happens to the count?",The count accurately reflects the true number of events regardless of the limit,The search fails with an error,"The count will never be greater than 10,000, since max_stream_window takes precedence",The time_window value is automatically increased to compensate,C,"The max_stream_window argument takes precedence, and the count will never be greater than 10000."
2051,Centralized Streaming,"When creating test events offset by whole hours with eval, what number represents the number of seconds in an hour?",3600,60,1000,86400,A,"You use 3600, the number of seconds in an hour, in the eval command for this example."
2052,Centralized Streaming,"When calculating a running total of bytes with streamstats, why would you use the sort command before streamstats?",Because sort removes duplicate events that would otherwise break the streamstats calculation,Because the table command requires its input to already be sorted before it can run at all,Because streamstats is entirely incapable of processing any unsorted event data whatsoever,"Because results display newest-first, and streamstats needs ascending order to calculate correctly",D,"Because search results typically display the most recent event first, sort is used to put events in ascending order, which enables streamstats to calculate statistics over time."
2053,Centralized Streaming,"In a search that tracks the running total of distinct users per day using bin, stats, and streamstats, what does the bin command do?",Breaks the time into days,Sorts the events by clientip,Calculates the distinct count of users,Finds the running total of distinct users,A,"The bin command breaks the time into days in this example, with stats and streamstats handling the counting."
2054,Centralized Streaming,How many columns does the search 'timechart span=1h sum(bytes) as SumOfBytes | streamstats global=f sum(*) as accu_total_*' return?,"3 columns: _time, SumOfBytes, and accu_total_SumOfBytes",2 columns: _time and SumOfBytes,"4 columns, including a separate event count column",1 column showing only the cumulative total,A,"This search returns 3 columns: _time, SumOfBytes, and accu_total_SumOfBytes."
2055,Centralized Streaming,"In a search that uses streamstats to detect when a DHCP IP lease value changes for a MAC address, why use current=f?",So the search only processes the first 10 events retrieved,So the search excludes the MAC field from the BY clause,So the search automatically sorts events in ascending time order,"So it uses the prior event's value, not the current one, to spot changes",D,"Using current=f means the search uses the field value from the previous event, which is necessary here to detect when the DHCP_IP value changes."
2056,Centralized Streaming,"In a search that uses streamstats time_window to check whether two vaccine doses fall within a 6-month target, which time_window value corresponds to 6 months?",153d,214d,180d,183d,D,"Example uses streamstats time_window=183d to calculate two_doses_6mon, representing the 6-month target."
2057,Transforming,"In the output of the table command, what does each row represent?",An event,A field,A column header,A search job,A,"Rows are the field values, and each row represents an event."
2058,Transforming,"Which command is the table command similar to, in that it lets you specify the fields you want to keep in your results?",chart,dedup,stats,fields,D,The table command is similar to the fields command in that it lets you specify the fields you want to keep in your results.
2059,Transforming,"For which type of chart is it acceptable to use the table command, as an exception to the general rule against using table for charts?",A scatter plot of trends between discrete values,A line chart showing a trend over time periods,A bar chart comparing categories side by side,A pie chart showing the proportions of a whole dataset,A,"With the exception of a scatter plot to show trends in relationships between discrete values, you should not use table for charts."
2060,Transforming,Where should the table command be placed within a search?,At the very beginning of the search,At the end of the search,Immediately after the base search terms,Placement does not matter for optimization,B,To avoid putting table in the middle of your searches and instead put it at the end.
2061,Transforming,"In the table command's field-list argument, what wildcard character can you use to specify a list of fields with similar names?",An ampersand (&),A question mark (?),A percent sign (%),An asterisk (*),D,You can use the asterisk (*) as a wildcard to specify a list of fields with similar names.
2062,Transforming,What type of command is table with respect to streaming?,A non-streaming command,A distributable streaming command,A stateless streaming command,A centralized streaming command,A,"The table command is a non-streaming command, and if you want a similar streaming command, use fields."
2063,Transforming,Does the table command let you rename fields?,"No — rename fields first, before piping to table","Yes, but only for a single field per search","Yes, but only for numeric fields","Yes, using an AS clause within table",A,"The table command doesn't let you rename fields, only specify the fields you want to show, so renaming must be done before piping to table."
2064,Transforming,What happens to the table command's results if truncate_report is set to 0 in the [search] stanza of limits.conf?,The max_count parameter is not applied,The table command fails to run,The results are always truncated to exactly max_count,No results are returned at all,A,"If truncate_report is set to 0, the max_count parameter is not applied."
2065,Transforming,"Why would you rename latitude to lat and longitude to lon with the rename command before using table, rather than renaming within table?",Because table only accepts fields listed in alphabetical order,Because rename must always be the first command in any search,Because the table command doesn't let you rename or reformat fields,Because rename is required to remove duplicate fields before tabling,C,"The table command doesn't let you rename or reformat fields, only specify which fields to show."
2066,Transforming,"In a search that classifies client IP addresses by network with eval, which command can you use before eval to remove duplicate IP address values?",stats,dedup,distinct,uniq,B,Example uses dedup clientip to remove duplicate IP values before the network classification with eval.
2067,Distributable Streaming,"If no fields are specified with the tags command, what does it do?",It only annotates tags for the _raw field,It looks for tags for all fields,It returns an error requiring a field list,It performs no tagging at all on the fields,B,"If there are no fields specified, the tags command looks for tags for all fields."
2068,Distributable Streaming,Are there any required arguments for the tags command?,"Yes, the field-list is required","Yes, the outputfield argument is required","Yes, the allowed_tags argument is required","No, there are none",D,The Required arguments section for tags states None.
2069,Distributable Streaming,What is the default value of the allowed_tags argument in the tags command?,None,An empty string,All tags,default,A,The default for allowed_tags as None.
2070,Distributable Streaming,"If the field-list argument is not specified in the tags command, which fields does it default to?",All fields,Only string-type fields,No fields,Only the host field,A,The default for field-list as All fields.
2071,Distributable Streaming,What is the default value of the inclname argument in the tags command?,false,true,auto,None,A,The default for inclname as false.
2072,Distributable Streaming,What does the inclvalue argument control in the tags command?,"Whether the event field name is added to the output field, along with the tag names",Whether all matching tags are included regardless of the allowed_tags filter,"Whether the event field value is added to the output field, along with the tag names",Whether duplicate tag names are removed from the output,C,"Inclvalue controls whether the event field value is added to the output field, along with the tag names."
2073,Distributable Streaming,"If the outputfield argument is not specified in the tags command, what naming convention is used for the new fields created?",<field>::tag_name,tags_<field>,tag_name::<field>,<field>_tags,C,"Without outputfield, new fields are created using the naming convention tag_name::<field>."
2074,Distributable Streaming,What type of command is tags?,A transforming (reporting) command,A centralized streaming command,A distributable streaming command,A non-streaming command,C,The tags command is a distributable streaming command.
2075,Distributable Streaming,What should you do to view tag information in a table format when using the tags command?,"Use the table command after the tags command, with no other steps",Use a command such as stats before the tags command,Use the fields command before the tags command,Nothing extra is needed; tags always outputs a table by default,B,"To view tags in a table format, use a command before the tags command such as the stats command."
2076,Distributable Streaming,"When the outputfield argument is used in the tags command, what is the default format for writing tag names?",<field>::<tag_name>,<field>_<tag_name>,<tag_name>(<field>),<tag_name>::<field>,A,"By default, the tag names are written in the format <field>::<tag_name>, for example sourcetype::apache."
2077,Distributable Streaming,"If both inclname and inclvalue are set to true in the tags command, what format is used for the output field?",<value>::<field>::<tag_name>,<tag_name>::<field>::<value>,<field>::<value>::<tag_name>,<field>::<tag_name>::<value>,C,"If both inclname and inclvalue are true, the format is <field>::<value>::<tag_name>, for example sourcetype::access_combined_wcookie::apache."
2078,Distributable Streaming,"When you run 'sourcetype=access_* | stats count by host | tags' without any arguments, which two new fields are added?",tag_name and tag_value,outputfield and inclname,tag and tag::host,host_tag and count_tag,C,"Using tags without arguments adds two new fields, tag and tag::host."
2079,Distributable Streaming,"In 'index=main | tags outputfield=test inclname=t allowed_tags=""error, group"" host', which tags are written to the test output field?","No tags, since allowed_tags conflicts with inclname",Only tags that begin with the letter e,All tags associated with the host field,Only the error and group tags,D,The search specified that only the error and group tags should be returned to the test output field.
2080,Transforming,What does the timechart command produce?,A scatter plot showing field correlations over time,"A single summary table, with no chart shown at all",A ranked list of the top values of each field,A time series chart with a statistics table,D,Timechart 'Creates a time series chart with corresponding table of statistics.'
2081,Transforming,"In a timechart search, what is used as the X-axis?",The count field,The split-by field,Time,The bin size,C,'time used as the X-axis' when describing timechart's statistical aggregation.
2082,Transforming,"When you specify a split-by field in timechart, what happens to each distinct value of that field?",It becomes a new row in a static table,It is discarded unless useother is set,It becomes a series in the chart,It is merged into a single series,C,'each distinct value of the split-by field becomes a series in the chart.'
2083,Transforming,When is the split-by clause required in a timechart search?,When you specify a single stats function,When you use an eval expression,When you use the count function,When you set limit=0,B,"'If you use an eval expression, the split-by clause is required.'"
2084,Transforming,What effect does setting limit=0 have on timechart series filtering?,Only the top value is returned,Series filtering defaults to top10,All series are merged into OTHER,No series filtering occurs,D,"'If you set limit=0, no series filtering occurs.'"
2085,Transforming,Under what condition are the timechart limit and agg options ignored?,When you specify a bins argument in the command,When you specify a sep argument in the command,When you use an explicit where-clause,When you specify a span argument in the command,C,'These options are ignored if you specify an explicit where-clause.'
2086,Transforming,"In the timechart syntax, which of the following is a required combination?",The format argument used together with the cont argument,<single-agg> or <eval-expression> BY <split-by-clause>,The sep argument used together with the format argument,The cont argument used together with the partial argument,B,'either <single-agg> or <eval-expression> BY <split-by-clause> is required.'
2087,Transforming,What is the syntax of single-agg in the timechart command?,<field> BY <stats-func>,count | <stats-func>(<field>),sum(<field>) OR avg(<field>) only,<eval-expression> AS <field>,B,The single-agg syntax as 'count | <stats-func>(<field>)'.
2088,Transforming,"For the timechart command, for the single-agg argument, when is the field allowed to be omitted?",When using a split-by clause,When using an eval expression,When using the sum function,When using the count function,D,"'The field must be specified, except when using the count function, which applies to events as a whole.'"
2089,Transforming,"For the timechart command, does the single-agg syntax allow wildcards in the field name?","Yes, wildcards are always allowed",Only leading wildcards are allowed,Only trailing wildcards are allowed,"No, no wildcards are allowed",D,'No wildcards are allowed' for single-agg.
2090,Transforming,"When concatenating two values with a period in an eval-expression used with timechart, how does the search treat the values?",As an error condition,As a mathematical multiplication,As numbers if both are numeric,"As strings, regardless of data type",D,"'When concatenating values with a period \'.\' the search treats both values as strings, regardless of their actual data type.'"
2091,Transforming,What is the syntax of the split-by-clause in the timechart command?,BY <field> WHERE <expression> clause,<field> AS <newfield> rename clause,<stats-func>(<field>) BY <field> aggregation,<field> (<tc-options>)... [<where-clause>],D,Split-by-clause syntax as '<field> (<tc-options>)... [<where-clause>]'.
2092,Transforming,"For the timechart command, if the split-by field is numerical, what happens by default?",Default discretization is applied,An error is returned,The field is converted to a string,The field is treated as a where-clause,A,"'If field is numerical, default discretization is applied.'"
2093,Transforming,"For the timechart command, what does the AS clause do within the agg option of a split-by-clause?",Places the result into a newly named field,Aligns the bin time to a custom value,Sets the maximum number of bins,Removes duplicate values from the series,A,You 'Use the AS clause to place the result into a new field with a name that you specify.'
2094,Transforming,What do the bin-options in timechart control?,The number of series to display,The exact target number of bins,The minimum number of bins only,"A maximum, not a target, bin count",D,"'The bin-options set the maximum number of bins, not the target number of bins.'"
2095,Transforming,"For the timechart command, what is the default value of the bin-options?",bins=1000,bins=10,bins=100,bins=50,C,The default listed for bin-options is 'bins=100'.
2096,Transforming,"If cont=true in a timechart search, what happens?",The chart becomes non-continuous,The Search application fills in the time gaps,Series are merged into OTHER,Numerical bins are used instead of time bins,B,"'If set to true, the Search application fills in the time gaps.'"
2097,Transforming,"For the timechart command, what is the default value of the cont argument?",There is no default,false,true,It depends on the span argument,C,The cont argument's default is listed as 'true'.
2098,Transforming,"For the timechart command, what does dedup_splitvals control?",Whether to remove events that have null values,Whether to dedupe multivalued split-by-field values,Whether to remove duplicate time bins entirely,Whether to remove duplicate series names outright,B,Dedup_splitvals 'Specifies whether to remove duplicate values in multivalued <split-by-clause> fields.'
2099,Transforming,"For the timechart command, what is the default value of dedup_splitvals?",false,NULL,OTHER,true,A,The default for dedup_splitvals is listed as 'false'.
2100,Transforming,What does setting fixedrange=false allow the timechart command to do?,Ignore the split-by field in the chart entirely,Expand or shrink to fit all the events,Automatically infer the span from the minspan value,Merge all of the series into the OTHER series,B,'Setting fixedrange=false allows the timechart command to constrict or expand to the time range covered by all events in the dataset.'
2101,Transforming,"For the timechart command, what is the default value of fixedrange?",It matches the value of cont,false,true,There is no default,C,The default for fixedrange is listed as 'true'.
2102,Transforming,"For the timechart command, what does the format option take precedence over?",limit,agg,sep,bins,C,'format takes precedence over sep and allows you to specify a parameterized expression...'
2103,Transforming,"For the timechart command, in the format option's parameterized expression, what does $VAL$ represent?",The name of the output field,The stats aggregator and function,The default bin size,The value of the split-by-field,D,The format option uses '$AGG$' for the stats aggregator/function and '$VAL$' for the value of the split-by-field.
2104,Transforming,What is the default value of the limit option in timechart?,0,top10,bottom10,top50,B,The default listed for the limit option is 'top10'.
2105,Transforming,Setting limit=bottomN in timechart keeps which values of the split-by field?,Only values matching the where clause,The lowest scoring distinct values,All distinct values regardless of score,The highest scoring distinct values,B,'Setting limit=bottomN keeps the lowest scoring distinct values of the split-by field.'
2106,Transforming,"For the timechart command, when limit is set and useother is not set to false, what happens to split-by values not kept due to the limit?",They are grouped into 'OTHER',They cause the search to return an error,They are merged with the nullstr label,They are dropped from the results,A,"'All other values are grouped into \'OTHER\', as long as useother is not set to false.'"
2107,Transforming,"When a single aggregation is specified for timechart limit scoring, how is the score for a split-by value determined?",The sum of that split-by value's aggregation values,The frequency of that value across the dataset,The average of all aggregation values,The count of events for that split-by value,A,"'If a single aggregation is specified, the score is based on the sum of the values in the aggregation for that split-by value.'"
2108,Transforming,"When multiple aggregations are specified for timechart limit scoring, how is the score determined?",Based on the sum of all aggregation values combined,Based on the average of all aggregations,Based on the alphabetical order of the split-by field,Based on the frequency of each value of the split-by field,D,"'If multiple aggregations are specified, the score is based on the frequency of each value of <field>.'"
2109,Transforming,How are ties in timechart limit scoring broken?,"Lexicographically, by split-by field value","Ties are broken randomly, with no fixed rule",By the numeric value of the aggregation,By the order events were indexed,A,"The example that 'AMOUNT' takes precedence over 'amount', which takes precedence over 'host', when ties are broken lexicographically."
2110,Transforming,"For the timechart command, what is the default value of the partial argument?",top10,True,False,100,B,The default for partial is listed as 'True. Partial time bins are retained.'
2111,Transforming,"For the timechart command, which bins can be partial when partial=true?",Only the first and last bin,Every bin in the chart,No bins can ever be partial,Only bins that exceed the span,A,'Only the first and last bin can be partial.'
2112,Transforming,"In the timechart command, setting sep is equivalent to setting format to what?",$VAL$<sep>$AGG$,$AGG$$VAL$<sep>,$AGG$<sep>$VAL$,<sep>$AGG$$VAL$,C,Sep 'is equivalent to setting format to $AGG$<sep>$VAL$.'
2113,Transforming,"How many BY clauses can be used in a single timechart invocation, even if multiple stats functions are used?",Only one,Unlimited,As many as there are stats functions,Up to two,A,"'you can use one or more functions. However, you can only use one BY clause.'"
2114,Transforming,How does the bins argument affect the resulting number of bins in the bin command?,It ignores the specified integer if span is also set,It finds the smallest bin size giving no more than N bins,It rounds up to the nearest power of two,It always produces exactly N bins,B,"Bins 'finds the smallest bin size that results in no more than N distinct bins. Even though you specify a number such as 300, the resulting number of bins might be much lower.'"
2115,Transforming,"For the timechart command, what does the minspan argument specify?",The absolute maximum span allowed for any single bin,The minimum granularity for auto-inferred span,The alignment time reference used for bin boundaries,The default number of bins when none is specified,B,Minspan 'Specifies the smallest span granularity to use automatically inferring span from the data time range.'
2116,Transforming,"For the timechart command, what does the aligntime option do?",Aligns split-by values lexicographically,Sets the minimum and maximum extents for numerical bins,Controls whether partial bins are retained,Aligns bin times to something other than epoch 0,D,Aligntime 'Align the bin times to something other than base UNIX time (epoch 0).'
2117,Transforming,"For the timechart command, when is the aligntime option ignored?",If cont is set to false in the search,If bins is set instead of a span value,If a where-clause is used in the search,"If span is in days, months, or years",D,"Aligntime is 'Ignored if span is in days, months, or years.'"
2118,Transforming,"For the timechart command, in the log-span syntax [<num>]log[<num>], what does the first number represent?",The alignment offset,The maximum bin count,A coefficient,The base,C,'The first number is a coefficient. The second number is the base.'
2119,Transforming,"For the timechart command, if a coefficient is supplied in a log-span, what constraint applies to it?",It must be an integer that is greater than the base,It must be a real number less than 1.0,"A real number, at least 1.0 but under the base","It must be exactly 1.0, with no fractions",C,"'If the first number is supplied, it must be a real number greater than or equal to 1.0 and less than the base.'"
2120,Transforming,Where must the log-span option be placed in a timechart command?,Immediately after the BY keyword,At the very beginning of the search,At the end of the timechart command,Before the split-by field,C,'The log-span option must come at the end of the timechart command.'
2121,Transforming,The timechart command is classified as what type of command?,A transforming (reporting) command,A centralized streaming command,A stateless streaming command,A generating (event-producing) command,A,'The timechart command is a transforming command.'
2122,Transforming,"If both bins and span are specified in a timechart search, which one is used?",span; the bins argument is ignored,bins; the span argument is ignored,Both are combined into an average,Whichever comes first in the search,A,"'If you specify both bins and span, span is used. The bins argument is ignored.'"
2123,Transforming,"If you use the Last 60 minutes predefined time range in a timechart without specifying a span, what is the default span?",1 minute,30 minutes,10 seconds,5 minutes,A,The default time spans table lists 'Last 60 minutes' as using a default span of '1 minute'.
2124,Transforming,"For the timechart command, what is the minimum span that can be used when minspan is specified?","3600 seconds, or 1 hour","60 seconds, or 1 minute","1800 seconds, or 30 minutes","300 seconds, or 5 minutes",C,"'The minimum span that can be used is 1800 seconds, or 30 minutes.'"
2125,Transforming,"To ensure day boundaries in a timechart, which span value should you use?",span=1d,span=86400s,span=1440m,span=24h,A,"'To use day boundaries, use span=1d. Do not use not span=86400s, or span=1440m, or span=24h.'"
2126,Transforming,"What is true of the per_hour(), per_day(), per_minute(), and per_second() functions?",They can only be used without a split-by field,They automatically set the span argument to match their name,"They are aggregator functions, not span-setting functions",They require the bins argument to be set to 0,C,These functions 'are aggregator functions and are not responsible for setting a time span for the resultant chart.'
2127,Transforming,"If a timechart's span ends up being 30 minutes and you use per_hour(), what does it compute?",sum()/24,sum()*2,sum()/2,sum()*24,B,"'per_hour() converts the field value so that it is a rate per hour, or sum()/<hours in the span>. If your chart span ends up being 30m, it is sum()*2.'"
2128,Transforming,"When a timechart search includes a split-by-clause and a result field name begins with a leading underscore, what does Splunk software do to that field name?",Prepends it with VALUE,Renames it to OTHER,Removes the underscore,Hides the field entirely,A,'Splunk software prepends the field name with VALUE and creates as many columns as there are unique entries in the argument of the BY clause.'
2129,Transforming,Why might you replace distinct_count with estdc in a timechart search?,distinct_count is deprecated in favor of using estdc,estdc can mean much lower memory use and run times,estdc returns more accurate counts than distinct_count,estdc is required whenever a split-by field is used,B,'The estdc function might result in significantly lower memory usage and run times.'
2130,Transforming,What does the timewrap command do to the output of the timechart command?,Merges all series into a single OTHER series,Displays each period of time as its own series,Converts it into a JSON object,Removes all series except the most recent,B,"Timewrap 'Displays, or wraps, the output of the timechart command so that every period of time is a different series.'"
2131,Transforming,What kind of comparisons can the timewrap command help you perform?,Comparisons between different sourcetypes only,Comparisons like day-over-day or month-over-month,Comparisons between different indexes,Comparisons of numeric bin sizes,B,"You 'can use the timewrap command to compare data over specific time period, such as day-over-day or month-over-month.'"
2132,Transforming,"In the timewrap-span argument, what value is assumed if <int> is not specified?",0,1,10,100,B,"'The int is not required. If <int> is not specified, 1 is assumed.'"
2133,Transforming,What is the default value of the align argument in timewrap?,exact,now,relative,end,D,The default listed for align is 'end'.
2134,Transforming,What is the default value of the series argument in timewrap?,relative,exact,short,end,A,The default listed for series is 'relative'.
2135,Transforming,"If series=relative and timewrap-span is set to week, what field name represents the most recent week?",week0,latest_week,1week_before,s0,B,"With series=relative the field names are 'latest_week, 1week_before, 2weeks_before, and so forth.'"
2136,Transforming,"With series=short and a timewrap-span of week, what field name represents the latest week?",latest_week,w0,s0,s1,C,"'the field names are s0, s1, s2 and so forth. The field s0 represents the latest week.'"
2137,Transforming,"For the timewrap command, which argument must you use in conjunction with series=exact to specify a custom name for the series?",time_format,timewrap-span,align,series=short,A,"'If series=exact, use the time_format argument to specify a custom format for the series names.'"
2138,Transforming,"For the timewrap command, what is the default value of the time_format argument?",relative,None,end,"""%d/%m/%y""",B,The default listed for time_format is 'None'.
2139,Transforming,"What abbreviation does the timewrap command use to refer to months, in contrast to timechart and bin?",mo,mon,mth,m,D,"'The timewrap command uses the abbreviation m to refer to months. Other commands, such as timechart and bin use the abbreviation m to refer to minutes.'"
2140,Transforming,What type of command is timewrap classified as?,A transforming (reporting) command,A reporting command,A stateless streaming command,A centralized streaming command,B,'The timewrap command is a reporting command.'
2141,Transforming,What must precede the timewrap command in a search?,The tojson command,The stats command,The timechart command,The transaction command,C,'You must use the timechart command in the search before you use the timewrap command.'
2142,Transforming,"If you run a timewrap search over the time range All time, what is the wrapping based on?",The align argument value,The earliest event's date,The default span of the timechart command,Today's date,D,"'If you specify the time range of All time, the wrapping is based on today's date.'"
2143,Distributable Streaming,What does the tojson command convert events into?,CSV rows,Key-value pair strings,JSON objects,XML documents,C,'Converts events into JSON objects.'
2144,Distributable Streaming,How can you specify which fields get converted by the tojson command?,By exact match or wildcard expressions,Only by using the default_type argument,Fields cannot be selectively specified,Only by using regular expressions,A,'You can specify which fields get converted by identifying them through exact match or through wildcard expressions.'
2145,Distributable Streaming,What does the tojson command do with multivalue fields?,Converts them into nested JSON objects only,Discards them from the output entirely,Converts them into JSON arrays,Converts them into a single concatenated string,C,'The tojson command converts multivalue fields into JSON arrays.'
2146,Distributable Streaming,"If no fields are specified for the tojson command, what happens?",It converts all fields the search would otherwise return to JSON,tojson returns an error because at least one field is required,tojson only outputs the _raw field,tojson defaults to including internal fields only,A,"'If no fields are specified for tojson, tojson generates JSON objects for all fields that would otherwise be returned by the search.'"
2147,Distributable Streaming,What is the default value of the tojson-function argument if you provide no fields?,auto(*),json(*),str(*),none(*),D,"'If you provide no fields, the tojson processor creates JSON objects for each event that include all available fields. In other words, it applies none(*) to the search.' Default: none(*)."
2148,Distributable Streaming,"For the tojson command, what does the default_type argument specify?",The datatype applied to internal fields only,The name of the field to which tojson writes output,The datatype for fields that have no datatype function,Whether null values are filled with a literal null string,C,Default_type 'Specifies the datatype that the tojson processor should apply to fields that aren't specifically associated with a datatype function.'
2149,Distributable Streaming,"For the tojson command, what is the default value of fill_null?",none,false,true,NULL,B,The default listed for fill_null is 'false'.
2150,Distributable Streaming,"When fill_null=true, what does tojson do when it would normally skip a value?",Removes the field from the JSON object entirely,"Outputs the string ""NULL""",Outputs an empty string,Outputs a literal null value,D,"'if fill_null=true, the tojson processor outputs a null value' where it would normally skip the field."
2151,Distributable Streaming,"For the tojson command, what does setting include_internal=true do?",Fills skipped fields with a literal null,Forces all fields to use the json datatype function,Includes only fields with the auto datatype,Adds internal fields such as _time to the JSON output,D,"'When set to true, tojson includes internal fields such as _time, _indextime, or _raw in its JSON object output.'"
2152,Distributable Streaming,What is the default field to which tojson writes its output JSON objects?,_json,_time,json_output,_raw,D,The default value listed for output_field is '_raw'.
2153,Distributable Streaming,What type of command is tojson classified as?,A reporting command,A streaming command,A generating (event-producing) command,A transforming (reporting) command,B,"'The tojson command is a streaming command, which means it operates on each event as it is returned by the search.'"
2154,Distributable Streaming,"For the tojson command, what datatypes does the none datatype function apply to field values?","String to all values, without exception",Boolean to all string values,"Numeric to purely numeric, string to the rest",JSON to all values regardless of content,C,"The none datatype function 'applies the numeric datatype to field values that are purely numeric, and applies the string datatype to all other field values.'"
2155,Distributable Streaming,"Using the bool datatype function, for which string values does tojson output true?","true, t, or yes","t, true, or on","true, y, or 1","yes, ok, or true",A,"'The tojson processor outputs true only if the value is code true, t, or yes.'"
2156,Distributable Streaming,"In the tojson command, is the bool datatype function's string validation case sensitive?",Only for the value 0,"Yes, it is strictly case sensitive","Only for the true/false strings, not t/f","No, it is case insensitive",D,"'The validation for the bool datatype function is case insensitive. This means that it also interprets FALSE, False, F, and NO as false.'"
2157,Distributable Streaming,"For the tojson command, what does the json datatype function do with a field value that is invalid JSON?",Outputs it as a string anyway,Outputs a literal null,Skips it,Throws a search error,C,"For the json datatype function, 'If the value is invalid JSON, tojson skips it.'"
2158,Distributable Streaming,"For the tojson command, what does the str datatype function do to numeric or Boolean field values?",Leaves them as their original numeric or Boolean type,Converts them to null values,Applies the string type to them regardless,Skips them because they are not proper strings,C,"'The tojson processor applies the string type to all values of the specified field, even if they are numbers, Boolean values, and so on.'"
2159,Transforming,What does the top command calculate for each field value it returns?,A count and a frequency percentage,A moving average of the value,The standard deviation of occurrences,"Only a percentage, never a count",A,Top 'Calculates a count and a percentage of the frequency the values occur in the events.'
2160,Transforming,"If a by-clause is included with the top command, how are the results organized?",Sorted alphabetically by field name,Grouped by the by-clause field,Limited to exactly 10 results,Displayed only as percentages,B,"'If the <by-clause> is included, the results are grouped by the field you specify in the <by-clause>.'"
2161,Transforming,What is the default value of <N> in the top command?,0,10,100,50,B,The default listed for the top command's <N> argument is '10'.
2162,Transforming,What is the default name of the field that stores the count of events for each value returned by top?,countfield,frequency,count,total,C,The default value of countfield is listed as 'count'.
2163,Transforming,What does specifying limit=0 do in the top command?,Returns all values,Returns exactly 10 values,Causes an error,Returns no values,A,"'To return all values, specify zero ( 0 ).'"
2164,Transforming,Specifying 'top limit=<int>' is the same as specifying what?,top N,top useother=<int>,top otherstr=<int>,top countfield=<int>,A,'Specifying top limit=<int> is the same as specifying top N.'
2165,Transforming,What is the default value of otherstr in the top command?,NULL,OTHER,UNKNOWN,""""" (empty string)",B,The default listed for otherstr is 'OTHER'.
2166,Transforming,What is the default name of the field that stores the percentage value returned by top?,frequency_pct,percentfield,percent,pct,C,The default value of percentfield is listed as 'percent'.
2167,Transforming,"For the top command, what is the default value of showperc?",It depends on useother,true,false,There is no default,B,The default listed for showperc is 'true'.
2168,Transforming,What is the default value of useother in the top command?,OTHER,false,true,10,B,The default listed for useother in the top command is 'false'.
2169,Transforming,What type of command is the top command classified as?,A transforming (reporting) command,A centralized streaming command,A generating (event-producing) command,A stateless streaming command,A,'The top command is a transforming command.'
2170,Transforming,"By default, what is the maximum number of results the top command returns?","1,000","10,000","50,000","100,000",C,"'By default the top command returns a maximum of 50,000 results.'"
2171,Transforming,"If you have Splunk Cloud Platform and want to change the default maximum result limit for the top command, what must you do?",Edit limits.conf directly,Use the useother argument,File a Support ticket,Set maxresultrows=0 in the search,C,"'If you have Splunk Cloud Platform, you need to file a Support ticket to change this limit.'"
2172,Centralized Streaming,What does the transaction command find?,JSON-formatted representations of events,The single most recent event matching a filter,A moving average across multiple fields,Transactions from events meeting various constraints,D,'The transaction command finds transactions based on events that meet various constraints.'
2173,Centralized Streaming,What makes up a transaction's raw text?,Only the _raw field of the first member event,A concatenation of all field names in the transaction,The _raw field of each member event,The duration field value,C,Transactions 'are made up of the raw text (the _raw field) of each member.'
2174,Centralized Streaming,Which event's time and date fields are used for a transaction?,The latest member's time and date field values,The transaction does not retain time and date fields,The earliest member's time and date fields,An average of all members' time and date fields,C,Transactions consist of 'the time and date fields of the earliest member.'
2175,Centralized Streaming,What two fields does the transaction command add to the raw events?,duration and eventcount,duration and count,duration and closed_txn,eventcount and _txn_orphan,A,"'the transaction command adds two fields to the raw events, duration and eventcount.'"
2176,Centralized Streaming,"For the transaction command, what does the duration field show?",The average time between all events in the transaction,The time gap between the transaction's first and last events,The total number of fields in the transaction,The time since the transaction was indexed,B,'The values in the duration field show the difference between the timestamps for the first and last events in the transaction.'
2177,Centralized Streaming,"For the transaction command, what does the eventcount field show?",The number of orphaned events,The number of transactions found by the search,The number of events in the transaction,The number of unique field values in the transaction,C,'The values in the eventcount field show the number of events in the transaction.'
2178,Centralized Streaming,Are any arguments required by the transaction command's syntax?,"No, none are required","Yes, field-list is required","Yes, name is required","Yes, maxspan is required",A,The transaction command's required arguments as 'None.'
2179,Centralized Streaming,"If you specify both client_ip and host in the transaction field list, what happens?",An error occurs because only one field can be specified,All events with the same host are grouped into one transaction regardless of client_ip,A separate transaction is returned per unique host value for each client_ip,All events with the same client_ip are grouped into one transaction regardless of host,C,"The example: 'For each client_ip value, a separate transaction is returned for each unique host value for that client_ip.'"
2180,Centralized Streaming,What does the name argument specify in the transaction command?,The stanza name from transactiontypes.conf,A custom label to apply to the duration field,The field used to sort transactions chronologically,The name of the output field for JSON transactions,A,Name 'Specify the stanza name of a transaction that is configured in the transactiontypes.conf file.'
2181,Centralized Streaming,"If you provide other transaction definition options, such as maxpause, in a search that also uses name=<transaction-name>, what happens?",The two settings are averaged together,The configuration file settings always take precedence over them,The search's options overrule the configuration file's,The search returns an error and stops,C,"'If you provide other transaction definition options (such as maxpause) in this search, they overrule the settings in the configuration file.'"
2182,Centralized Streaming,"For the transaction command, what is the default value of the connected argument?",There is no default,false,It matches the value of maxspan,true,D,The default listed for connected is 'true'.
2183,Centralized Streaming,"If connected=false, what happens to an event that contains fields required by the transaction but none have been instantiated in the transaction yet?",A new transaction is opened,The event is added to the transaction,The event is discarded,The event is treated as an orphan,B,This 'opens a new transaction (connected=true) or adds the event to the transaction (connected=false).'
2184,Centralized Streaming,"For the transaction command, if the default value of connected is changed, what also changes?",Nothing else changes,The default for keepevicted changes to the same value,The unifyends default changes to match it,The default for maxspan changes to the same value,C,"'If the default value for this argument is changed, the default for the unifyends argument will also change to the same value.'"
2185,Centralized Streaming,"For the transaction command, what does the endswith argument specify?",The delimiter used between multivalued fields,The maximum number of events allowed in a transaction,The field used to distinguish orphaned events,A search or eval expression that marks a transaction's end,D,"Endswith 'A search or eval expression which, if satisfied by an event, marks the end of a transaction.'"
2186,Centralized Streaming,"For the transaction command, what is the default value of keeporphans?",NULL,false,0.5,true,B,The default listed for keeporphans is 'false'.
2187,Centralized Streaming,How are orphan results distinguished from transaction events when keeporphans is used?,With a _txn_orphan field set to 1,With a closed_txn field value of 1,With a duration field value of -1,With an eventcount field value of 0,A,"Orphan results 'are distinguished from transaction events with a _txn_orphan field, which has a value of 1 for orphan results.'"
2188,Centralized Streaming,"For the transaction command, what is the default value of maxspan?",0,-1,30 seconds,1000,B,The default listed for maxspan is '-1 (no limit)'.
2189,Centralized Streaming,"For the transaction command, what happens if the value specified for maxspan is negative?",All events are treated as orphans,The maxspan constraint is deactivated and there is no limit,The transaction command uses the default of 30 seconds instead,An error is returned,B,"'If the value is negative, the maxspan constraint is deactivated and there is no limit.'"
2190,Centralized Streaming,"For the transaction command, what must be true of incoming events before the maxspan argument can be used correctly?",Events must have the duration field already calculated,Events must be sorted in ascending chronological order,Events must be sorted in descending chronological order,Events must already be grouped by field-list,C,'Events must be sorted in descending chronological order before the maxspan argument is used.'
2191,Centralized Streaming,"For the transaction command, what is the default value of maxevents?",100,1000,-1,10,B,The default listed for maxevents is '1000'.
2192,Centralized Streaming,"For the transaction command, what does the startswith argument specify?",An expression marking a new transaction's start,A threshold for the maximum span of a transaction,The field used to name the transaction,A regular expression applied to the _raw field,A,Startswith 'A search or eval filtering expression which if satisfied by an event marks the beginning of a new transaction.'
2193,Centralized Streaming,"For the transaction command, what is the default value of unifyends?","true, independent of any other argument","true, matching the connected argument's default",It has no default value,"false, regardless of the connected argument",B,"The default for unifyends as 'true, set to the same default value as the connected argument.'"
2194,Centralized Streaming,"In the filter-string syntax used by startswith and endswith, what must an eval-expression evaluate to?",A Boolean,A numeric value,A field name,A string,A,'<eval-expression> Description: A valid eval expression that evaluates to a Boolean.'
2195,Centralized Streaming,"For the transaction command, what is the default value of keepevicted?",NULL,false or 0,true or 1,There is no default,B,The default listed for keepevicted is 'false or 0'.
2196,Centralized Streaming,How can evicted transactions be distinguished from non-evicted transactions?,By checking the value of the _txn_orphan field,By checking the value of the closed_txn field,By checking whether the eventcount field is zero,By checking whether the duration field is negative,B,'Evicted transactions can be distinguished from non-evicted transactions by checking the value of the closed_txn field.'
2197,Centralized Streaming,What value does closed_txn have for evicted transactions?,NULL,-1,"0, or false","1, or true",C,"'The closed_txn field is set to 0, or false, for evicted transactions and 1, or true for non-evicted, or closed, transactions.'"
2198,Centralized Streaming,"For the transaction command, what does the maxopentxn option specify?",The maximum number of open events across all transactions,The max open transactions kept before LRU eviction,The maximum number of fields allowed in field-list,The maximum duration allowed for any single transaction,B,"Maxopentxn 'Specifies the maximum number of not yet closed transactions to keep in the open pool before starting to evict transactions, using LRU policy.'"
2199,Centralized Streaming,"For the transaction command, what is the default value of the delim argument?",""" "" (whitespace)",""";"" (semicolon)","""|"" (pipe character)",""","" (comma)",A,"The default listed for delim is '"" "" (whitespace)'."
2200,Centralized Streaming,"When mvlist=false, how are the multivalued fields in a transaction rendered?",As a set of unique field values ordered alphabetically,As JSON arrays,As a list of the original events ordered in arrival order,As a single concatenated string with no delimiter,A,"'When set to mvlist=false, the multivalued fields in the transaction are a set of unique field values ordered alphabetically.'"
2201,Centralized Streaming,"For the transaction command, what is the default value of mvraw?",false,""" "" (single space)",true,NULL,A,The default listed for mvraw is 'false'.
2202,Centralized Streaming,What is the default value of nullstr in the transaction command's rendering options?,NULL,N/A,""""" (empty string)",OTHER,A,The default listed for nullstr in the transaction command's rendering options is 'NULL'.
2203,Centralized Streaming,What type of command is the transaction command classified as?,A generating command at the start of a search,A centralized streaming command,A transforming command that outputs a table,A dataset command that is not streaming,B,'The transaction command is a centralized streaming command.'
2204,Centralized Streaming,"By default, how many events in a transaction are shown before the remaining events are collapsed?",3,10,1000,5,D,"'If there are more than 5 events in a transaction, the remaining events in the transaction are collapsed.'"
2205,Centralized Streaming,"If a command such as eval changes the order of events before the transaction command, what happens?",The transaction command ignores the field-list argument,The search errors unless sort comes right before transaction,The transaction command automatically re-sorts the events for you,The search silently produces incorrect but valid results without errors,B,'your search returns an error unless you include a sort command in your search. The sort command must occur immediately before the transaction command.'
2206,Centralized Streaming,"When you run '... | transaction host cookie', what relationship between the two fields may the transaction command use?","A strict disjunction, where either field1 OR field2 may match",No relationship; each field is evaluated completely independently,"A transitive relationship, given correctly sequenced events","A strict conjunction, where both field1 AND field2 must match",C,"'If there is a transitive relationship between the fields in the fields list and if the related events appear in the correct sequence, each with a different timestamp, transaction command will try to use it.'"
2207,Centralized Streaming,"In a search that uses transaction with startswith=""view"" and endswith=""purchase"" followed by '| where duration>0', why can't the where filter be applied before the transaction command?",Because the duration field is added by the transaction command,Because duration is only calculated after the sort command,Because where cannot be used with startswith or endswith,Because the where command requires the eventcount field,A,'The where filter cannot be applied before the transaction command because the duration field is added by the transaction command.'
2208,Centralized Streaming,"For the transaction command, what happens if events are sorted in ascending chronological order by default before using maxspan?",The search doesn't generate the correct results,The maxspan constraint is silently disabled entirely,The results are identical to using descending order,The transaction command automatically reverses the sort order,A,'the following search doesn't generate the correct results because events are sorted in ascending chronological order by default before the maxspan argument is used.'
2209,Transforming,What does the transpose command return?,Rows sorted in reverse chronological order,A JSON representation of each row,A count of distinct rows in the results,"The specified rows as columns, one per row",D,"Transpose 'Returns the specified number of rows (search results) as columns (list of field values), such that each search row becomes a column.'"
2210,Transforming,Are any arguments required by the transpose command?,"Yes, header_field is required","No, none required","Yes, column_name is required","Yes, int is required",B,The transpose command's required arguments as 'None.'
2211,Transforming,"For the transpose command, what does the column_name argument specify?",Whether to include fields that have empty values,"The name of the first column, holding the transposed field names",The maximum number of rows to transpose at once,The name of the field used to label all of the other transposed columns,B,Column_name 'The name of the first column that you want to use for the transposed rows. This column contains the names of the fields.'
2212,Transforming,"For the transpose command, what is the default value of column_name?",field,row 1,header,column,D,The default listed for column_name is 'column'.
2213,Transforming,"For the transpose command, what does the header_field argument specify?",The number of rows to limit the transpose to,The name of the first column in the transposed output,The field used to name the non-first transposed columns,Whether to include empty fields,C,Header_field 'The field in your results to use for the names of the columns (other than the first column) in the transposed data.'
2214,Transforming,"For the transpose command, if header_field is not specified, what are the default names used for the columns other than the first?","row 1, row 2, row 3, and so on",The header names match the values of the first field,"column 1, column 2, column 3, and so on","field 1, field 2, field 3, and so on",A,"The default listed for header_field is 'row 1, row 2, row 3, and so on.'"
2215,Transforming,"For the transpose command, what does the include_empty argument control?",Whether to limit the number of transposed rows,Whether to include the column_name in the output,Whether to include internal fields,Whether to include fields that contain empty values,D,Include_empty 'Specify whether to include (true) or not include (false) fields that contain empty values.'
2216,Transforming,"For the transpose command, what is the default value of include_empty?",NULL,true,There is no default,false,B,The default listed for include_empty is 'true'.
2217,Transforming,What does the int argument of transpose control?,The number of decimal places shown,The number of columns to transpose,The maximum length of a field value,The number of rows to transpose,D,Int 'Limit the number of rows to transpose.'
2218,Transforming,"For the transpose command, what is the default value of the int argument?",0,100,5,10,C,The default listed for int is '5'.
2219,Transforming,"How do you specify that all rows should be transposed, with no limit?",| transpose 0,| transpose all,| transpose unlimited,| transpose -1,A,"'To transpose all rows, specify | transpose 0, which indicates that the number of rows to transpose is unlimited.'"
2220,Transforming,"By default, without specifying column_name or header_field, what are the transpose output field names based on?",header_field values only,"column, row 1, row 2, and so forth","The original field names, unchanged",count and percent,B,"'By default the field names are: column, row 1, row 2, and so forth.'"
2221,Transforming,"In 'sourcetype=access_* status=200 | chart count BY host | transpose header_field=host', what values become the column headers?","The host values, e.g. www1, www2, www3","The default column name ""column"" for every result","row 1, row 2, row 3 as default headings",count and host as the two header names shown,A,"The example shows that with header_field=host, the results columns become 'www1 www2 www3' instead of 'row 1 row 2 row 3'."
2222,Transforming,"In 'index=_internal | stats count by sourcetype | sort -count | transpose 3', what does the ""3"" limit?",It shows the source types with the 3 highest counts,It limits the header_field to 3 characters,It limits the output to 3 columns,It sets include_empty to a numeric threshold of 3,A,This search shows 'the source types with the 3 highest counts.'
2223,Transforming,What is one way to fix a confusing single-row stats output before transposing?,Add table before transpose to pick the fields,Remove the header_field argument from the command entirely,Set include_empty=false on the transpose command,Set column_name=row on the transpose command,A,You can add the table command before the transpose command in the search as one way to fix the issue.
2224,Transforming,"Which two commands, like transpose, reshape the rows and columns of a results table?",untable and xyseries,bin and timewrap,accum and delta,rare and sitop,A,untable and xyseries reshape results between tabular and series formats.
2225,Centralized Streaming,Which three trend types does the trendline command support?,"sma, ema, sum","sma, avg, wma","ema, avg, sum","sma, ema, wma",D,"Trendline computes 'simple moving average (sma), exponential moving average (ema), and weighted moving average (wma).'"
2226,Centralized Streaming,What is the valid range for the period argument in the trendline command?,An integer between 5 and 50000,An integer between 0 and 1000,An integer between 1 and 100,An integer between 2 and 10000,D,"Period 'The period over which to compute the trend, an integer between 2 and 10000.'"
2227,Centralized Streaming,"If you do not specify an AS clause for a trendline function, what is the default name of the output field?",<trendtype><period>(<field>),moving_average_output_field,smoothed_output_<field>_value,trend_result_field_<period>,A,"Example shows that without an AS clause, output is written to a field named 'ema10(bar)', matching the documented default of <trendtype><period>(<field>)."
2228,Dataset Processing,As of what version was the tscollect command deprecated?,9.0.0,7.3.0,8.0.0,6.0.0,B,'The tscollect command is deprecated in the Splunk platform as of version 7.3.0.'
2229,Dataset Processing,What has superseded the tscollect command?,The transaction command,The tstats command,Data models,The timechart command,C,Tscollect 'has been superseded by data models.'
2230,Dataset Processing,What capability must a user have to run the tscollect command?,indexes_edit,schedule_search,admin_all_objects,search_process,A,'You must have the indexes_edit capability to run the tscollect command.'
2231,Dataset Processing,"For the tscollect command, what is the default value of keepresults?",NULL,false,true,0.5,B,The default listed for keepresults is 'false'.
2232,Dataset Processing,"If keepresults=false, what does tscollect return instead of the input results?",The count of results processed,A JSON summary of the namespace,The namespace path only,An empty result set,A,"'If false, tscollect returns the count of results processed (this is more efficient since it does not need to store as many results).'"
2233,Generating,What makes the tstats command faster than the stats command?,tstats runs only on the search head instead of the indexers,tstats always uses the prestats internal format,tstats skips role-based search filters by default,"tstats reads indexed fields from tsidx files, not events",D,Tstats is faster because it searches index-time fields in tsidx files rather than raw events like stats does.
2234,Generating,"By default, which data does the tstats command run over?",Only unaccelerated data models,Only summarized index buckets,Only accelerated data models,"Any data model, accelerated or not",D,"By default, the tstats command runs over accelerated and unaccelerated data models."
2235,Generating,What is the default value of the append argument for the tstats command?,There is no default,true,auto,false,D,The default for append as false.
2236,Generating,"When prestats=true, what does setting append=true cause the tstats command to do?",Append the summariesonly results to the index,Append the prestats results to existing results,Append a new field to every result row,Append raw events to the tsidx file,B,"In prestats mode, append=true enables the prestats results to append to existing results instead of generating them."
2237,Generating,"For the tstats command, what is the default value of the allow_old_summaries argument?",auto,10000000,false,true,C,The default for allow_old_summaries is false.
2238,Generating,"For the tstats command, when allow_old_summaries is set to false and a data model definition has changed, what happens?",The tstats search fails immediately with an error,Outdated summary directories are excluded from tstats output,Splunk software rebuilds all summaries before returning any results,The tstats search ignores the data model and searches raw events instead,B,"When set to false, summary directories older than the new data model definition are not used, ensuring output reflects the current configuration."
2239,Generating,"For the tstats command, what is the lowest value the chunk_size argument can be set to?",10000,1000,0,100000,A,"For tstats, chunk_size cannot be set lower than 10000."
2240,Generating,What is the default value of the chunk_size argument for tstats?,10000000,50000,1000000,100000,A,The default chunk_size as 10000000 (10 million).
2241,Generating,When might lowering the chunk_size argument help a tstats search?,When the search must return results from reduced tsidx buckets,When the WHERE clause uses a CIDR match,When the search needs to include unaccelerated data models,When grouping by a high-cardinality field uses too much memory,D,Lowering chunk_size can help when a tstats search groups by high-cardinality fields and uses too much memory or returns events infrequently.
2242,Generating,What happens if you do not provide a fillnull_value argument to tstats?,"tstats substitutes the string ""null"" for missing values",tstats fails with a syntax error,tstats omits rows containing any null field values,tstats substitutes 0 for missing numeric fields only,C,"Without a fillnull_value argument, tstats omits rows for events with one or more null field values."
2243,Generating,"For the tstats command, what is the default value of the include_reduced_buckets argument?",true,auto,There is no default,false,D,The default for include_reduced_buckets as false.
2244,Generating,The include_reduced_buckets argument only applies when which setting is enabled?,enableTSIDXReduction=true in indexes.conf,allow_old_summaries=true,summariesonly=true in the tstats search,acceleration=true in datamodels.conf,A,Include_reduced_buckets only applies when enableTSIDXReduction=true is set in indexes.conf.
2245,Generating,What effect does setting local=true have on a tstats search?,It forces tstats to run only on the search head,It forces the search to run only on remote indexers,It disables the use of accelerated data models,It restricts the search to the local time zone,A,"Local=true forces the tstats search processor to run only on the search head, useful for troubleshooting."
2246,Generating,Which commands are designed to accept data produced by tstats when prestats=true?,"union, untable, and xyseries","eval, where, search, and fields only","chart, stats, and timechart","typeahead, typer, and typelearner",C,"The prestats format can be piped into the chart, stats, or timechart commands, which are designed to accept the prestats format."
2247,Generating,"For the tstats command, when prestats=true, what happens to the AS instructions used to rename fields?",They are ignored; the consumer names the fields,They rename the fields exactly as specified in them,They are applied only to BY-clause fields in the search,They cause a search error in the command,A,"When prestats=true, AS instructions are not relevant because field names for aggregates are determined by the command that consumes the prestats format."
2248,Generating,"For the tstats command, when summariesonly is set to true for an accelerated data model, what is true of the search results?",The search automatically extends the summarization range to cover the full search,Both summarized and unsummarized data are always returned together,"Only summarized data is returned, even if data outside the range is missed",Results are returned only from data models that are unaccelerated,C,"When summariesonly=true, the tstats search returns results only from summarized data, running fast but excluding unsummarized data outside the summary range."
2249,Generating,"For the tstats command, what is the default value of the summariesonly argument?",true,auto,There is no default,false,D,The default for summariesonly as false.
2250,Generating,"In '| tstats count WHERE index=_internal sourcetype=splunkd* by sourcetype', how is the trailing asterisk in splunkd* treated?",As a minor breaker that splits the term,As a literal character requiring escaping,As a major breaker that ends the search,"As a wildcard, not a major or minor breaker",D,"The asterisk is treated as a wildcard and is not regarded as either a major or minor breaker, so the search returns valid results."
2251,Generating,What kind of characters must field-value pairs in a tstats WHERE clause use?,"Any raw text string, indexed or not",Indexed pairs with non-breaker characters,Only numeric field-value pairs,Only search-time extracted field-value pairs,B,"WHERE clauses in tstats searches must contain field-value pairs that are indexed, using characters that are not major or minor breakers."
2252,Generating,Can you use wildcard characters in the BY clause with the tstats command?,"No, wildcards are not permitted in the BY clause",Only when prestats=true,Only when the field is an indexed field,"Yes, wildcards work the same as in the search command",A,You cannot use wildcards in the BY clause with the tstats command.
2253,Generating,What is the default value of the span argument in a tstats BY clause?,1d,auto,1h,sec,B,"The default for span as auto, meaning the number of time buckets adjusts to produce a reasonable number of results."
2254,Generating,"For the tstats command, does the <timescale> argument support subsecond values?","No, subseconds are not supported","Yes, subseconds are supported when span=auto","Yes, but only when prestats mode is used","Yes, subseconds are the default timescale",A,"For the tstats command, <timescale> does not support subseconds."
2255,Generating,When is the tstats command classified as an event-generating command rather than a report-generating command?,When local=true,When summariesonly=true,When prestats=true,When a FROM clause is used,C,"The tstats command is a report-generating command, except when prestats=true, in which case it is an event-generating command."
2256,Generating,Where should properly indexed fields used with tstats appear?,In the fields.conf file,In the segmenters.conf file,In the limits.conf file,In the datamodels.conf file,A,Properly indexed fields should appear in the fields.conf file.
2257,Generating,Can you use an eval expression as part of a statistical function with the tstats command?,Only in prestats mode,"Yes, this is fully supported","No, not as part of the statistical function",Only when using the PREFIX() directive,C,"When you use a statistical function with tstats, you can't use an eval expression as part of the statistical function."
2258,Generating,What is one advantage of using the PREFIX() directive with tstats?,It removes the need to specify a BY clause at all,It allows wildcards to be used in the BY clause list,It automatically converts unindexed fields into accelerated data models,It helps avoid field name collisions when combining datasets,D,"PREFIX() makes it easier to distinguish between fields and avoid field name collisions, for example web_count and db_count from two datasets."
2259,Generating,"If you do not specify a FROM clause with the tstats command, how does Splunk software select data?",It searches only accelerated data models,In the same way as the search command,It returns an error requiring a FROM clause,It defaults to the internal_server data model,B,"If you do not specify a FROM clause, Splunk software selects from index data in the same way as the search command."
2260,Generating,"When selecting data from an accelerated data model with tstats, can you select all root datasets in the data model at once?","Yes, using a comma-separated list in the FROM clause","Yes, all root datasets are always searched together","No, you must select one specific root dataset","Yes, but only when summariesonly=true",C,"When you select a data model for a tstats search, you must select a root dataset, and you cannot select all root datasets at once."
2261,Generating,How do you select data from a child dataset within an accelerated data model using tstats?,Specify the child dataset directly in place of the root dataset in the FROM clause,Use the PREFIX() directive with the child dataset name,Use a BY clause listing the child dataset name,Use a WHERE clause that references the nodename of the child dataset,D,The syntax uses a WHERE clause with nodename to reference the target child dataset in the hierarchy.
2262,Generating,Can role-based or user-based search filters be applied to accelerated data models in tstats searches?,"No, filters can't apply to accelerated data models",Only when summariesonly=true,"Only role-based filters apply, not user-based","Yes, both types of filters always apply",A,"Explicitly that search filters, including role-based and user-based, cannot be applied to accelerated data models or their datasets."
2263,Generating,Fields referenced in a tstats WHERE clause must be what type of field?,"Any field, indexed or extracted",Search-time extracted fields only,Calculated eval fields only,Only indexed fields,D,"WHERE clauses used in tstats searches can contain only indexed fields, and fields extracted at search time are not supported."
2264,Generating,"If you don't know which of your fields are indexed, which command can you run to find out?",typeahead,typer,walklex,xyseries,C,Running the walklex command on a specific index to determine which fields are indexed.
2265,Generating,You can generate sparkline charts with tstats only if you do what?,Put _time in the BY clause and use stats to build the sparkline,Set prestats=true and pipe results into the chart command,Set summariesonly=true,Use the PREFIX() directive on the sparkline field,A,"Sparkline charts can be generated with tstats only when _time is in the BY clause, using the stats command to create the actual sparkline."
2266,Generating,Why is the tstats command unable to handle multiple time ranges in a single search?,Because prestats mode disables multiple earliest/latest pairs,Because span cannot be specified more than once,Because the WHERE clause can only reference one field at a time,Because it's a generating command with no post-search filtering,D,Tstats is a generating command and doesn't perform the post-search filtering required to return results for multiple time ranges.
2267,Generating,What workaround lets you effectively search multiple time ranges with tstats?,Use multiple tstats commands with append,Use the PREFIX() directive with two ranges,Set summariesonly=true on a single tstats command,Set chunk_size to its minimum value,A,An example of using multiple tstats commands with prestats=t and append=true to combine results from separate time ranges.
2268,Generating,Which of the following is NOT supported by the tstats command?,The FROM clause with a data model,The summariesonly argument,Wildcards in aggregates or BY clauses,The span argument in a BY clause,C,The tstats command does not support wildcard characters in field values in aggregate functions or BY clauses.
2269,Generating,"Except for count, what must tstats statistical functions be applied to?",Only PREFIX() directives,"Fields, or evals that resolve to fields",Only accelerated data model fields,Only fields listed in the BY clause,B,"With the exception of count, tstats supports only statistical functions applied to fields or eval expressions that resolve into fields."
2270,Generating,"Does the tstats command support nested eval expressions inside aggregate functions, such as count(eval(...))?","Yes, but only inside the WHERE clause","Yes, this works identically to the stats command","No, unlike stats, tstats doesn't support nested eval","Yes, but only when prestats=true",C,"While nested eval expressions are supported with stats, they are not supported with tstats."
2271,Generating,Why does a tstats query such as '... count(eval(server.status=200)) ...' fail to return accurate results?,Because the nodename argument was omitted,Because count cannot be renamed with AS,Because complex aggregates aren't supported,Because server.status is not an accelerated field,C,This query will not return accurate results because complex aggregate functions are not supported by the tstats command.
2272,Generating,How does tstats differ from the search command when using CIDR matching?,"Unlike search, tstats may mis-filter non-numeric wildcard octets",tstats supports CIDR matching only on IPv6 addresses,tstats requires the PREFIX() directive for any CIDR match,tstats cannot use CIDR matching at all,A,"Unlike the search command, tstats may not correctly filter strings with non-numeric wildcard octets, leading to unpredictable results."
2273,Generating,How can you correctly refilter tstats CIDR match results if the filtered field is in a BY clause?,Set summariesonly=true,Use the PREFIX() directive instead of CIDR matching,"Append a search, regex, or WHERE clause afterward",Increase the chunk_size argument,C,"You can work around the CIDR matching issue by appending your search with a search command, regex command, or WHERE clause."
2274,Generating,Why doesn't the srchTimeWin parameter in authorize.conf apply to tstats searches?,Because srchTimeWin is deprecated in current Splunk versions,Because srchTimeWin only applies to accelerated data models,Because tstats searches always ignore role-based access controls entirely,"Because tstats is already optimized for performance, making srchTimeWin irrelevant",D,"Tstats doesn't respect srchTimeWin because tstats is already optimized for performance, making that parameter irrelevant."
2275,Generating,When might a tstats search be slower than an equivalent regular search using stats?,When the search includes a span argument,When WHERE uses a high-cardinality field,When prestats=false is set,When the FROM clause is omitted,B,Using a high-cardinality field in the WHERE clause can make tstats slower because it must evaluate many distinct values before returning results.
2276,Generating,"In a tstats search over indexed segments like kbps=10, what happens if you run PREFIX(kbps) instead of PREFIX(kbps=)?","The search returns only the string ""kbps"" as a literal value","The search returns values like =10 and =333, including the delimiter",The search automatically strips the delimiter and returns 10 and 333,The search returns an error because the delimiter is required,B,"If you run PREFIX(kbps) without the = delimiter, the search returns =10 and =333, which may cause unexpected results in aggregation."
2277,Generating,What case must the text provided to the tstats PREFIX() directive be in?,Lower case,Case does not matter,Upper case,Title case,A,"The PREFIX() text must be lower case; for example, PREFIX(connectionType=) fails but PREFIX(connectiontype=) works and still matches connectionType= strings."
2278,Generating,Why would you replace distinct_count with estdc in a tstats search with a low-cardinality split-by field?,distinct_count is deprecated in favor of estdc,estdc supports the PREFIX() directive while distinct_count does not,estdc returns exact counts while distinct_count is only an estimate,estdc might result in significantly lower memory usage and run times,D,"Estdc (estimated distinct count) as a lower-memory, faster alternative to distinct_count when the split-by field has low cardinality."
2279,Generating,What does the search '| tstats count WHERE index=_internal' tell you?,The average size of events in the _internal index,How many events there are in the _internal index,The list of sourcetypes in the _internal index,The number of accelerated data models in use,B,This example as telling you how many events there are in the _internal index.
2280,Generating,"When you use tstats to produce a timechart, what relationship should hold between the tstats span and the timechart span to avoid unpredictable results?",The tstats span should be smaller than or equal to the timechart span,The tstats span is irrelevant to the timechart span,The two spans must always be identical,The tstats span should be larger than or equal to the timechart span,A,"To avoid unpredictable results, the tstats span argument should be smaller than or equal to the timechart span argument."
2281,Generating,"What does the search ""| tstats count avg(PREFIX(exec_time=)) as avg_exec_time where index=_audit by PREFIX(user=) PREFIX(action=) fillnull_value=\""N/A\"""" do?",Removes duplicate results using PREFIX as a deduplication key,Converts prestats output into a sparkline chart,Gets a count of accelerated data model events only,"Counts and averages a raw term, split by two PREFIX-based groupings",D,"This example as getting the count and average of a raw, unindexed term using PREFIX(exec_time=), split by PREFIX(user=) and PREFIX(action=)."
2282,Generating,How do you reference the Alerts dataset within the internal_server data model in a tstats search?,Using a BY clause listing the Alerts dataset name,Using a separate FROM clause for the Alerts dataset name,A WHERE clause with nodename=server.scheduler.alerts,Using PREFIX(alerts=) in the stats function of the search,C,"Example 8 uses ""FROM datamodel=internal_server where nodename=server.scheduler.alerts"" to reference the Alerts dataset."
2283,Generating,What does the typeahead command return?,The seasonal trend of a time-based data series,A tabular reformatting of statistical results,A list of all event types matching search results,Autosuggest info to autocomplete words for a prefix,D,Typeahead as returning autosuggest information for a specified prefix used to autocomplete word candidates in searches.
2284,Generating,What does the count argument control for the typeahead command?,The number of seconds the typeahead search can run,The maximum number of results to return,The number of segments banned from results,The maximum number of indexers to query,B,The count argument as the maximum number of results to return.
2285,Generating,"For the typeahead command, what is the recommended best practice when specifying the banned_segments argument?",Separate each segment with a comma instead of a semicolon,Bracket each listed segment with wildcard asterisks,List segments in alphabetical order,Limit banned_segments to a single term,B,"A best practice is to bracket each listed segment with wildcard asterisks, as in banned_segments = *password*;*SSN*."
2286,Generating,What is the default value of the collapse argument for typeahead?,There is no default,auto,true,false,C,The default for collapse as true.
2287,Generating,What does the collapse argument control in a typeahead search?,Whether to remove banned segments from the cache,Whether to collapse results from multiple indexes into one row,Whether to merge the results of prestats searches,Whether to collapse a term that prefixes another with the same count,D,Collapse as specifying whether to collapse a term that is a prefix of another term when the event count is the same.
2288,Generating,"For the typeahead command, what is the default value for the endtimeu argument?",There is no default,0,-1h,now,D,The default for endtimeu as now.
2289,Generating,What is the default value of the max_servers argument for typeahead?,1,2,0,5,B,"If max_servers is not specified, the default value is 2 additional search peers."
2290,Generating,What does setting max_time=0 do for a typeahead search?,The search runs only against cached results,The search is disabled immediately,The search defaults to running for exactly 1 second,There is no limit on how long the typeahead search can run,D,"If max_time=0, there is no limit on the maximum time the typeahead can run."
2291,Generating,What is the default value of the starttimeu argument for typeahead?,0,1,now,-1h,A,The default for starttimeu as 0.
2292,Generating,"For the typeahead command, what is the default value of the use_cache argument?",auto,true or 1,There is no default,false or 0,B,The default for use_cache as true or 1.
2293,Generating,The typeahead command extracts autocomplete data from which of the following sources?,Only the results from the current search job,Only terms found in the index lexicon and nowhere else,"Lexicon terms, config settings, and search history",Only from saved searches and stored alerts in the app,C,"Three sources: terms/tokens from the index lexicon, settings in configuration files, and search history from previous searches."
2294,Generating,"For the typeahead command, what can happen if the max_servers argument is set lower than the actual number of indexers?",The search will automatically fall back to using the cache,Data on a server not randomly chosen may be excluded from results,All indexers will still be queried regardless of the setting,The typeahead search will fail with an error,B,"If max_server is less than the number of indexers, data on servers not randomly chosen for the search can be excluded from results."
2295,Generating,What happens if the count argument for typeahead is set lower than the actual number of possible results?,"The command may return only up to the count limit, not all results",The command automatically increases count to match available results,The search ignores the count argument and returns all results anyway,The search returns an error,A,"If count is set lower than the actual number of results, for example to 10, typeahead returns only the top 10 results even though more could be returned."
2296,Generating,Roughly how long does it take for the typeahead cache to clear after a .conf file change?,"5-10 minutes, depending on performance",It doesn't clear automatically on its own,24 hours,"Immediately, within a few seconds",A,"It takes 5 or 10 minutes for the cached data to clear, depending on the performance of the server."
2297,Generating,"What fields appear in the results of '| typeahead index=main prefix=""source"" count=3'?","prefix, index, and endtimeu","field, value, and type","content, count, and operator","term, sourcetype, and index",C,"Example results table for the source prefix search shows the columns content, count, and operator."
2298,Generating,"What does '|typeahead prefix=""savedsearch="" count=3' demonstrate?",Returning banned_segments configured in limits.conf,Returning typeahead information for saved searches,Returning typeahead information restricted to the _internal index,Returning the results of a prestats tstats search job,B,"This example as showing typeahead information for saved searches, i.e., autocomplete suggestions for the savedsearch prefix."
2299,Dataset Processing,What does the typelearner command generate?,Suggested event types by grouping and merging prior results,Autosuggest information for a search prefix,A tabular reformatting of stats output,An eventtype field for results matching known event types,A,Typelearner as generating suggested event types by taking previous search results and producing potential searches usable as event types.
2300,Dataset Processing,What is the default value for the grouping-field argument of typelearner?,sourcetype,punct,host,_time,B,"The default grouping-field is punct, the punctuation seen in _raw."
2301,Dataset Processing,What should you use instead of the deprecated typelearner command?,findtypes,xyseries,tstats,typer,A,The caution notes that typelearner is deprecated as of Splunk Enterprise 5.0 and that you should use the findtypes command instead.
2302,Distributable Streaming,What field does the typer command create for search results that match known event types?,eventtype,typer_match,known_type,category,A,Typer as creating an eventtype field for search results that match known event types.
2303,Distributable Streaming,What must you do before you can use the typer command?,Configure a PREFIX() directive,Create event types,Run the typelearner command first in the same search,Enable data model acceleration,B,You must create event types to use the typer command.
2304,Distributable Streaming,What does the eventtypes argument do when used with the typer command?,Creates new event types from the current search results,Filters event types typer can return to only the valid types listed,Disables the eventtype field entirely,Sets the maximum number of characters typer examines per event,B,Eventtypes as filtering out all event types except the valid ones listed for it in the eventtype field.
2305,Distributable Streaming,"For the typer command, what happens if all event types listed in the eventtypes argument are invalid, or none are listed?",typer falls back to the typelearner command,The search throws a syntax error,typer is turned off and returns no event types,typer returns all available event types by default,C,"If all event types listed for eventtypes are invalid, or none are listed, typer is turned off and will not return any event types."
2306,Distributable Streaming,"By default, how many characters of an event does the typer command look at to determine its event type?",50000,10000,1000,300,B,"By default, typer looks at the first 10000 characters of an event, and maxlen can override this default."
2307,Dataset Processing,What does the union command do?,Filters results using a Boolean eval expression,Converts tabular results into a stats-like format,Removes duplicate results from a single dataset,Merges two or more datasets into one,D,Union as merging the results from two or more datasets into one dataset.
2308,Dataset Processing,What format does the union command use for a named dataset?,[<dataset-type> <dataset-name>],<dataset-name>.<dataset-type>,<dataset-type>:<dataset-name>,FROM <dataset-type>=<dataset-name>,C,"The syntax for a named dataset as <dataset-type>:<dataset-name>, for example datamodel:""internal_server.splunkdaccess""."
2309,Dataset Processing,Which dataset types can be specified for a named dataset with the union command?,"A data model, saved search, or inputlookup",Only a saved search or a lookup table file name,Only a data model or an index of the deployment,A metrics index or an events index in the deployment,A,"Data model, saved search, and inputlookup as valid <dataset-type> values for a named dataset."
2310,Dataset Processing,What is the default value of the maxtime subsearch-option for union?,50000 seconds,300 seconds,60 seconds,120 seconds,C,"The maxtime argument default is 60 seconds, the maximum number of seconds to run the subsearch before finalizing."
2311,Dataset Processing,"What is the default value of the maxout subsearch-option for union, and what limits.conf setting does it correspond to?","50000 results, tied to maxresultrows in [searchresults]","10000 results, tied to chunk_size in the [tstats] stanza","60 results, tied to maxtime in the [searchresults] stanza","300 results, tied to the maxout setting in the [union] stanza",A,"Maxout defaults to 50000 results, which is the maxresultrows setting in the [searchresults] stanza of limits.conf."
2312,Dataset Processing,What does the timeout subsearch-option control for the union command?,The maximum number of indexers used for the subsearch,The maximum number of results returned from the subsearch,"The maximum amount of time, in seconds, to cache the subsearch results",The maximum number of seconds before the subsearch is finalized,C,"Timeout as the maximum amount of time, in seconds, to cache the subsearch results, defaulting to 300 seconds."
2313,Dataset Processing,Where does the union command run when both datasets are streaming?,On the indexers,On both the indexers and the search head simultaneously,On the search head,On whichever peer initiated the subsearch,A,"Table shows that when both Dataset 1 and Dataset 2 are streaming, the union command runs on the indexers."
2314,Dataset Processing,"If either dataset in a union operation is non-streaming, where does the union command run?",On the indexers,It is split between the search head and indexers,On the closest search peer to the client,On the search head,D,"Table shows that whenever either dataset is non-streaming, the union command runs on the search head."
2315,Dataset Processing,How is a union operation over centralized streaming or non-streaming datasets processed?,As a stats command,As a multisearch command,As a join command,As an append command,D,Table states that centralized streaming or non-streaming datasets are processed as an append command.
2316,Dataset Processing,How is a union operation over distributable streaming datasets processed?,As an append command,As a multisearch command,As a stats command,As a join command,B,Table states that distributable streaming datasets are processed using multisearch command logic.
2317,Dataset Processing,"When you union three all-streaming subsearches of 60,000 events each, how many total events are merged?","170,000","120,000","160,000","180,000",D,"Since all subsearches are distributable streaming, all 60,000 results per index are unioned for a total of 180,000 merged events."
2318,Dataset Processing,"Three subsearches of 60,000 events each are unioned, and the head command (a centralized streaming command) is added to one subsearch, forcing append-style processing with the default maxout of 50,000 applying to subsequent subsearches. How many total events are merged?","170,000","180,000","160,000","150,000",C,"Adding the head command forces append-style processing, and the default maxout of 50,000 applies to subsequent subsearches, yielding 160,000 total merged events."
2319,Dataset Processing,"For the union command, what happens to subsequent subsearches once a command forces processing to the search head?",Subsequent subsearches revert to distributable streaming processing,All subsequent commands must also be processed on the search head,Subsequent subsearches are dropped from the results,Subsequent subsearches are processed on the indexers only,B,"When a command forces processing to the search head, all subsequent commands must also be processed on the search head."
2320,Dataset Processing,"How many total events are merged (two subsearches of 60,000 unioned via multisearch, and the last capped by maxout)?","160,000","150,000","170,000","180,000",C,"The first two subsearches return 60,000 events each via multisearch processing, and the last subsearch is capped at the default maxout of 50,000, for a total of 170,000."
2321,Dataset Processing,"When union interleaves results from two datasets retrieved in descending time order, which field determines the interleave order?",_time,_raw,index,host,A,The union command interleaves results based on the _time field when datasets are retrieved in descending time order.
2322,Dataset Processing,Which form is more efficient when unioning streaming datasets?,| union maxout=0 <streaming_dataset1> <streaming_dataset2>,<streaming_dataset2> | union <streaming_dataset1>,<streaming_dataset1> | union <streaming_dataset2>,"... | union <streaming_dataset1>, <streaming_dataset2>",D,"Placing both streaming datasets as arguments to union (""... | union <streaming_dataset1>, <streaming_dataset2>"") is more efficient than piping one dataset into union."
2323,Dataset Processing,"A union combines the named dataset datamodel:""internal_server.splunkdaccess"" with the results of [search index=a]. What two types of datasets are unioned together?",A data model and events from an index,An accelerated data model and a subsearch with maxout set,Two inputlookups,Two saved searches,A,"Example 3 unions the named dataset datamodel:""internal_server.splunkdaccess"" with the results of [search index=a], combining a data model and an index."
2324,Dataset Processing,What does the uniq command do to search results?,Removes any search result that is a duplicate of any prior result in the entire set,Sorts results and removes the oldest duplicate,Groups duplicate results and counts them,Removes any search result that is an exact duplicate of the previous result,D,Uniq removes any search result if that result is an exact duplicate of the previous result.
2325,Dataset Processing,Does the uniq command accept any arguments?,"Yes, it accepts a span argument","No, this command does not take any arguments","Yes, it accepts an optional maxinputs argument","Yes, it requires a field-list argument",B,The uniq command does not take any arguments.
2326,Dataset Processing,Which command is related to uniq and can also remove duplicate results?,untable,dedup,distinct,typer,B,The uniq command's related commands include dedup.
2327,Distributable Streaming,What does the untable command do?,Converts stats-like results into a tabular format suitable for graphing,Converts results from a tabular format to a format similar to stats output,Extracts key-value pairs from XML data,Removes duplicate rows from tabular results,B,Untable as converting results from a tabular format to a format similar to stats output.
2328,Distributable Streaming,Which command is the inverse of untable?,xyseries,union,typer,xmlkv,A,Untable is the inverse of the xyseries command.
2329,Distributable Streaming,What is the recommendation for running untable against a large dataset?,Use PREFIX() to speed it up on large datasets,It has no performance impact regardless of dataset size,It is recommended for large datasets over 1 million events,We do not recommend running this command against a large dataset,D,"A note stating: ""We do not recommend running this command against a large dataset."""
2330,Distributable Streaming,"In the required syntax ""untable <x-field> <y-name-field> <y-data-field>"", what is the correct order of these arguments?","y-name-field first, then x-field, then y-data-field","y-data-field first, then y-name-field, then x-field","x-field first, then y-name-field, then y-data-field",The order does not matter,C,Syntax specifies the order as untable <x-field> <y-name-field> <y-data-field>.
2331,Distributable Streaming,What does the <x-field> argument represent in the untable command?,The field that stores the values to be charted along the y-axis,Used for x-axis labels or row names; the first output field,The field that stores the labels for the data series,A field used only for sorting the results,B,"<x-field> as the field used for the x-axis labels or row names, and the first field in the output."
2332,Distributable Streaming,What values populate the <y-name-field> in the output of the untable command?,The values from the y-data-field only,Only the value of the <x-field>,A fixed literal string specified by the user,"All non-<x-field> names, as <y-name-field> values",D,All of the field names other than <x-field> are used as the values for the <y-name-field> field.
2333,Distributable Streaming,What type of command is untable?,A generating (event-producing) command,A distributable streaming command,A centralized streaming command,A transforming (reporting) command,B,In the Usage section that untable is a distributable streaming command.
2334,Distributable Streaming,What happens to results with duplicate field values when you untable a result set and then apply xyseries?,Duplicate values are automatically renamed with a numeric suffix,Duplicate values are merged into a multivalue field,Duplicate values cause the search to fail,Results that contain duplicate values are removed,D,"When you untable a set of results and then use xyseries to combine them, results containing duplicate values are removed."
2335,Distributable Streaming,Which command can you use to create unique record numbers so that untable and xyseries retain all results despite duplicate values?,eventstats,dedup,streamstats,typelearner,C,Using the streamstats command to create unique record numbers and retain all results.
2336,Distributable Streaming,"The search ""| top categoryId"" adds which two fields to the results automatically?",rank and total,sum and average,count and percent,value and calculation,C,The top command automatically adds the count and percent fields to the results.
2337,Distributable Streaming,"After running ""| top categoryId | untable categoryId calculation value"", how many columns appear in the output?","Four: categoryId, count, percent, and calculation",Two: categoryId and value,"Five, including a row number column","Three: categoryId, calculation, and value",D,"Example output shows three columns: categoryId, calculation, and value."
2338,Distributable Streaming,"If you run untable and then xyseries on a result set in which several events share the same value in one field, which field's duplicate values cause results to be lost?",EventCode,Message,_time,categoryId,C,The original set of events had duplicate values in the _time field for date_time4.
2339,Distributable Streaming,"Before running untable and xyseries on a result set containing duplicate values, what does adding '| streamstats count as recno' accomplish?",It converts the Message field into an eventtype,It removes the duplicate EventCode values first,It gives each event a unique record number,It sorts events by _time before untable runs,C,"Streamstats count as recno gives each event a unique record number, which is then used as the key field for untable and xyseries."
2340,Distributable Streaming,"For the untable command, after running xyseries in a search that renamed _time to time, which command restores the original _time field name?",eval,rename,streamstats,fillnull,B,Using the rename command to rename time back to _time after the xyseries command in the restoring-timestamps example.
2341,Distributable Streaming,"After using 'untable recno FieldName FieldValue', what does running 'xyseries recno FieldName FieldValue' accomplish?","It rebuilds the table from the untabled results, keyed on recno",It converts FieldValue into an eventtype,It merges FieldName and FieldValue into a single multivalue field,It removes the recno field from the output,A,Applying xyseries with recno as the x-field reconstitutes the original table format while preserving all rows via the unique record numbers.
2342,Distributable Streaming,What does the <y-data-field> argument specify in the untable command?,A name for the field that stores group labels only,A field used solely for sorting output rows,"The row identifier field, equivalent to x-field",The field that will hold the data values to chart,D,"<y-data-field> as a name for the field to contain the data to chart, populated from values of the non-x-field columns."
2343,Generating,What does the walklex command generate?,Autosuggest data for the search bar,A tabular reformatting of stats results,Terms/fields from each event-index bucket,Suggested event types from previous searches,C,Walklex as generating a list of terms or indexed fields from each bucket of event indexes.
2344,Generating,Can you specify both the prefix and pattern arguments together in a walklex search?,"Yes, they combine to further narrow results","Yes, but only with type=all","No, only one of prefix or pattern can be used","Yes, but pattern is ignored if prefix is present",C,Either prefix or pattern can be specified but not both.
2345,Generating,What is the default value of the pattern argument for walklex?,auto,all,None,*,D,The default for pattern as *.
2346,Generating,"On Splunk Cloud Platform, which walklex argument should you omit?",prefix should be omitted on Splunk Cloud Platform,splunk_server should be omitted on Splunk Cloud,type should be omitted on Splunk Cloud Platform hosts,index-list should be omitted on Splunk Cloud Platform,B,"If you are using Splunk Cloud Platform, you should omit the splunk_server parameter."
2347,Generating,What does the type=field argument cause walklex to return?,Terms of all three types together,All TSIDX keywords not part of an indexed field structure,Only the values associated with each field,Only the unique field names in each index bucket,D,Using type=field returns only the unique field names in each index bucket.
2348,Generating,"For the indexed field term runtime::0.04, what does the type=fieldvalue argument cause walklex to return?",Only the value 0.04,"Neither the field nor the value, only a count",The full term runtime::0.04 itself,Only the field name runtime,C,"Example shows that for the indexed field term runtime::0.04, type=fieldvalue returns the full term runtime::0.04, unlike type=field which returns only runtime."
2349,Generating,What does the type=term argument exclude from the walklex results?,All <field>::<value> indexed terms,All terms that are not indexed fields,Terms that are found only in hot buckets,Terms that match the prefix argument,A,"Type=term returns keywords from TSIDX files that are not part of any indexed field structure, excluding all <field>::<value> terms."
2350,Generating,What is the default value of the type argument for walklex?,field,all,term,fieldvalue,B,"When you do not specify a type, walklex uses the default type=all argument."
2351,Generating,Why does recently loaded data not appear in walklex results right away?,Because walklex caches results for 24 hours,walklex skips hot buckets; data must roll to warm first,Because walklex only searches accelerated data models,Because walklex requires the summariesonly argument,B,"Because walklex doesn't work on hot buckets, recently loaded data displays only after buckets roll over from hot to warm."
2352,Generating,What restriction applies to the walklex command with respect to index types?,walklex applies only to metrics indexes,walklex cannot be used with the _internal index,walklex works on both event and metrics indexes equally,"walklex works only on event indexes, not metrics indexes",D,The walklex command applies only to event indexes and cannot be used with metrics indexes.
2353,Distributable Streaming,What must the eval-expressions used with the where command evaluate to?,Numeric values only,Boolean true or false,Multivalue fields,String literals only,B,"These eval-expressions must be Boolean expressions, returning either true or false."
2354,Distributable Streaming,The where command returns which results?,Only the first result for which the expression is true,Only the results for which the eval expression returns false,Only the results for which the eval expression returns true,"All results, with a new field marking true or false",C,The where command returns only the results for which the eval expression returns true.
2355,Distributable Streaming,"How must a field name that starts with a numeric character be written in a where expression, such as '5minutes'=""late""?",Written without any special characters,Surrounded by single quotation marks,Preceded by a backslash,Surrounded by double quotation marks,B,"Table states that field names starting with numeric characters must be surrounded by single quotation marks, as in '5minutes'=""late""."
2356,Distributable Streaming,"In the expression new=count+'server-1', why must server-1 be enclosed in single quotation marks?",Because it is a literal string value,Because it is a reserved keyword in SPL,Because the dash could be read as minus,Because it starts with a numeric character,C,"Without quotation marks, the dash in server-1 could be interpreted as a minus sign in a mathematical equation, so the field name must be enclosed in single quotes."
2357,Distributable Streaming,How must a literal string be represented in a where eval-expression?,Enclosed in square brackets,Surrounded by single quotation marks,Preceded by a dollar sign,Surrounded by double quotation marks,D,Table states that literal strings referenced in the expression must be surrounded by double quotation marks.
2358,Distributable Streaming,What type of command is where?,A generating (event-producing) command,A centralized streaming command,A transforming (reporting) command,A distributable streaming command,D,In the Usage section that the where command is a distributable streaming command.
2359,Distributable Streaming,What can the where command do that the search command cannot?,Filter on wildcard characters without any special function,Access data from accelerated data models,Run as the first command in a search,Compare two different fields to each other,D,"Because unquoted strings in where are treated as field names, you can use where to compare two different fields, unlike the search command."
2360,Distributable Streaming,What is the order of Boolean expression evaluation for the where command?,"AND, then OR, then NOT, then parentheses","OR, then AND, then NOT, then parentheses, then XOR","Parentheses, then NOT, then AND, then OR, then XOR","XOR, then OR, then AND, then NOT, then parentheses",C,"The evaluation order as: expressions in parentheses, NOT clauses, AND clauses, OR clauses, then XOR clauses."
2361,Distributable Streaming,How does the Boolean evaluation order for the where command differ from that of the search command?,There is no difference; both use identical evaluation order,The search command doesn't support NOT clauses at all,The search command evaluates OR before AND and doesn't support XOR,The search command evaluates AND before parentheses,C,The search command's evaluation order differs from where because search evaluates OR before AND and doesn't support XOR.
2362,Distributable Streaming,How can you specify a wildcard when using the where command?,By using the match function with a regex pattern instead,Only with the like function and the percent (%) symbol,Wildcards are not supported with the where command,By using an asterisk (*) directly in the expression,B,"You can only specify a wildcard with the where command by using the like function, with the percent (%) symbol as the wildcard."
2363,Dataset Processing,What is the purpose of the x11 command?,To autocomplete search terms based on a prefix,To extract key-value pairs from XML data,To remove seasonal patterns and reveal the real trend,To merge results from multiple datasets by time,C,The x11 command removes the seasonal pattern in time-based data series so you can see the real trend in your data.
2364,Dataset Processing,What is the default type of seasonality computed by the x11 command?,There is no default type,add(),auto(),mult(),D,"The default type for x11 as mult(), the multiplicative type."
2365,Dataset Processing,What range of values is valid for the <period> argument of the x11 command?,An integer between 5 and 1000,An integer between 10 and 10000,Any positive integer with no upper bound,"An integer between 1 and 100, inclusive",A,The period must be an integer between 5 and 1000; values below 5 don't work and above 1000 are too slow.
2366,Distributable Streaming,What does the xmlkv command do?,Extracts a single XPath value from a field,Automatically extracts key-value pairs from JSON-formatted data,Automatically extracts key-value pairs from XML-formatted data,Un-escapes XML entity references back to their characters,C,Xmlkv as automatically extracting key-value pairs from XML-formatted data.
2367,Distributable Streaming,Which command should you use instead of xmlkv for JSON-formatted data?,xmlunescape,xpath,spath,rex,C,"For JSON-formatted data, you should use the spath command instead of xmlkv."
2368,Distributable Streaming,"What is the default field that xmlkv extracts key-value pairs from, if no field is specified?",_raw,source,_time,xml,A,The default field for xmlkv as _raw.
2369,Distributable Streaming,What is the default value of the maxinputs argument for the xmlkv command?,50000,100000,5000,10000,A,The default value of maxinputs for xmlkv as 50000.
2370,Distributable Streaming,What type of command is xmlkv?,A generating (event-producing) command,A dataset processing command,A transforming (reporting) command,A distributable streaming command,D,In the Usage section that xmlkv is a distributable streaming command.
2371,Distributable Streaming,What does the xmlunescape command do?,Extracts an XPath value from a specified field,Converts escaped XML entities back to characters,Extracts key-value pairs from XML data,Removes duplicate XML elements from results,B,"Xmlunescape un-escapes XML characters, including entity references such as &amp;, &lt;, and &gt;, for example turning &amp; into &."
2372,Distributable Streaming,"By default, is the xmlunescape command distributable streaming or centralized streaming?","Centralized streaming by default, unless local is set to false","It is a generating command, not a streaming command",It is always centralized streaming and cannot be changed,"Distributable streaming, unless commands.conf sets local=true",D,"Xmlunescape is distributable streaming by default, but becomes centralized streaming if the local setting in commands.conf is set to true."
2373,Distributable Streaming,What is the default value of the maxinputs argument for xmlunescape?,10000,100000,50000,5000,C,The default value of maxinputs for xmlunescape as 50000.
2374,Distributable Streaming,What does the xpath command do?,Un-escapes XML entity references in a field,Extracts an xpath value from a field into the outfield,Extracts key-value pairs from XML data automatically,Merges XML datasets from multiple sources,B,Xpath as extracting the xpath value from a field and setting the outfield attribute.
2375,Distributable Streaming,When does the xpath command return empty results?,When the field argument references _raw,When the outfield argument is omitted,When maxinputs is set below 1000,"When XML has a prologue header, e.g. DOCTYPE",D,"The note states that due to limitations with XML extraction, xpath returns empty results when input XML strings have prologue headers such as xml version or DOCTYPE."
2376,Distributable Streaming,Which command should you use instead of xpath when the input XML has prologue headers?,xmlunescape,spath,rex,xmlkv,B,Using the spath command instead of xpath when extracting XML content that includes prologue headers.
2377,Distributable Streaming,What is the default value of the field argument for the xpath command?,xml,_time,xpath,_raw,D,The default for the field argument (where the xpath value is extracted from) as _raw.
2378,Distributable Streaming,What is the default value of the outfield argument for the xpath command?,xpath,_raw,There is no default,outfield,A,The default for outfield as xpath.
2379,Distributable Streaming,What happens if the attribute referenced in the xpath-string doesn't exist and the default argument isn't defined?,There is no default value written to the outfield,"The outfield is populated with the string ""null""",The search throws a fatal error,The outfield defaults to an empty XML tag,A,"If the attribute referenced in xpath doesn't exist and default isn't defined, there is no default value."
2380,Distributable Streaming,What type of command is xpath?,A generating (event-producing) command,A distributable streaming command,A centralized streaming command,A transforming (reporting) command,B,In the Usage section that xpath is a distributable streaming command.
2381,Distributable Streaming,What command can be used to test xpath extractions without real event data?,typeahead,typelearner,walklex,makeresults,D,"Using the makeresults command, combined with eval to create an xml field, to test xpath extractions."
2382,Distributable Streaming,What does the xyseries command do?,Removes duplicate results from a search,Converts tabular results into a format similar to stats output,Converts results into a tabular format that is suitable for graphing,Extracts key-value pairs from structured text,C,Xyseries as converting results into a tabular format suitable for graphing.
2383,Distributable Streaming,Which command is the inverse of xyseries?,walklex,untable,union,typer,B,Xyseries is the inverse of the untable command.
2384,Distributable Streaming,"In the required syntax ""xyseries [grouped=<bool>] <x-field> <y-name-field> <y-data-field>..."", how are multiple y-data-field values separated?",With commas,"With spaces only, no delimiter needed",With semicolons,With pipes,A,"Syntax for y-data-field shows <field> [,<field>] ..., meaning multiple fields are separated by commas."
2385,Distributable Streaming,"For the xyseries command, what does the format argument take precedence over?",sep,grouped,y-name-field,x-field,A,Format takes precedence over sep when constructing output field names.
2386,Distributable Streaming,"For the xyseries command, which two placeholders does the format argument use to construct output field names?",$X$ and $Y$,$AGG$ and $VAL$,$FIELD$ and $VALUE$,$NAME$ and $DATA$,B,Format lets you specify a parameterized expression using the stats aggregator and function ($AGG$) and the value of the split-by-field ($VAL$).
2387,Distributable Streaming,What is the default value of the grouped argument for xyseries?,There is no default,auto,true,false,D,The default for grouped as false.
2388,Distributable Streaming,What happens to the xyseries command type when grouped=true is specified?,It becomes a generating command,The command type is unaffected by grouped,It turns into a transforming command,It becomes a centralized streaming command only,C,"Xyseries is a distributable streaming command, unless grouped=true is specified, in which case it becomes a transforming command."
2389,Distributable Streaming,What does the sep argument do for the xyseries command?,Specifies the character used to delimit input CSV fields,Sets the maximum number of series returned,Names output fields for split-by series,Separates the x-field values into multiple rows,C,"Sep as used to construct output field names with a split-by field, equivalent to setting format to $AGG$<sep>$VAL$."
2390,Distributable Streaming,What is the alias for the xyseries command?,mkxy,tableize,maketable,pivot,C,The alias for the xyseries command is maketable.
2391,Distributable Streaming,What happens to results with duplicate field values when using the xyseries command to convert results into tabular format?,Duplicate values cause the search to abort,Duplicate values are renamed with a numeric suffix,Duplicate values are merged into a multivalue field automatically,Results that contain duplicate values are removed,D,"When you use xyseries to convert results into a tabular format, results that contain duplicate values are removed."
2392,Distributable Streaming,"In the search '| top categoryId | xyseries categoryId count percent', what role does categoryId play?",The <y-data-field>,The <y-name-field>,The <x-field>,It is dropped from the output,C,"categoryId is the <x-field> in this xyseries example, with count as <y-name-field> and percent as <y-data-field>."
2393,Distributable Streaming,"In the search '| top categoryId | xyseries categoryId count percent', what role does the count field play?","The <y-data-field>, used for cell values",It is discarded from the output,"The <y-name-field>, becoming column headers","The <x-field>, used for row labels",C,"count is the <y-name-field>, so the results of count become the columns in the reformatted output."
2394,Internal Commands,What might happen to internal search commands in future Splunk versions?,They will be merged together into one unified command,They will become required commands in all your searches,"They might be removed, or reimplemented differently",They will be renamed but retain identical functionality,C,"Internal search commands 'might be removed, or updated and reimplemented differently, in future versions.'"
2395,Internal Commands,Who should you consult before using any internal command?,Splunk Administrator or Splunk Support,The Splunk Enterprise Security team,The Splunk community forum,A third-party app vendor,A,'Consult your Splunk Administrator or Splunk Support before using any of these commands.'
2396,Internal Commands,Which of the following is an internal search command?,eventstats,multisearch,makeresults,redistribute,D,"The internal commands list on page 946 includes redistribute, along with collapse, dump, findkeywords, makejson, mcatalog, noop, prjob, and runshellscript."
2397,Internal Commands,What does the collapse command do?,Compresses individual events using gzip,Removes duplicate events from search results,Combines multiple search results into a single summary field,Condenses multifile results into as few files as chunksize allows,D,The collapse command 'condenses multifile results into as few files as the chunksize option allows.'
2398,Internal Commands,The collapse command runs automatically when you use which two commands?,streamstats and eventstats,collapse and findkeywords,outputlookup and outputcsv,prjob and runshellscript,C,'This command runs automatically when you use outputlookup and outputcsv commands.'
2399,Internal Commands,What is the default value of the chunksize argument for the collapse command?,10000,50000,5000,100000,B,The chunksize argument's default as 50000.
2400,Internal Commands,What does the dump command do in Splunk Enterprise deployments?,Exports search results to files on local disk,Condenses multifile results into far fewer files,Deletes the search results from an index for good,Creates a JSON object out of the search results,A,"Dump is used, 'For Splunk Enterprise deployments, export search results to a set of chunk files on local disk.'"
2401,Internal Commands,Which argument of the dump command specifies the prefix of the export filename?,"rollsize, the file-size rollover threshold","basefilename, the export filename prefix","format, the export file format","compress, the gzip compression level",B,Basefilename as 'The prefix of the export filename.'
2402,Internal Commands,What is the default gzip compression level for the compress argument of the dump command?,5,0,9,2,D,The compress argument's default value as 2.
2403,Internal Commands,What value do you assign to the fields argument of the dump command to export all fields?,"fields=""*""","fields=""all""","fields=""ALL""","fields="".""",A,"'To export all fields, use a wildcard (*). For example, fields=""*"".'"
2404,Internal Commands,What capability must a role have to use the dump command?,run_dump,run_dispatch,export_data,list_metrics_catalog,A,"'To use this command, you must have a role with the run_dump capability.'"
2405,Internal Commands,What does the findkeywords command do?,Groups events according to keyword frequency analysis,Extracts keywords from raw event text automatically,Finds the searches that generate a given grouping,Removes duplicate keywords from the values in a field,C,"'Given some integer labeling of events into groups, finds searches to generate these groups.'"
2406,Internal Commands,What is the required argument for the findkeywords command?,labelfield,clusterfield,keywordfield,groupfield,A,"The syntax is 'findkeywords labelfield=<field>', with labelfield listed as the required argument."
2407,Internal Commands,After which command should you use findkeywords?,eval,stats,transaction,cluster,D,"The Usage section states, 'Use the findkeywords command after the cluster command, or a similar command that groups events.'"
2408,Internal Commands,A search derived by the findkeywords command can be saved as what?,An event type,A macro,A lookup table,A saved search,A,'This search can be saved as an event type.'
2409,Internal Commands,Which command generates suggested event types from search results and is commonly used with cluster?,redistribute,mcatalog,dump,findtypes,D,"findtypes generates suggested event types, complementing cluster and findkeywords."
2410,Internal Commands,What does the makejson command create?,A JSON object built from specified fields,A CSV file built from search results on disk,A lookup table populated with JSON strings,A new index containing JSON-formatted events,A,"Makejson 'Creates a JSON object from the specified set of fields in the search results, and places the JSON object into a new field.'"
2411,Internal Commands,Which argument of the makejson command is required?,format,wc-field-list,basefilename,output,D,"Output as the required argument, describing it as 'The name to use for the output field where the JSON object is placed.'"
2412,Internal Commands,"If you do not specify a field list with the makejson command, what happens by default?",All fields are included by default,No JSON object is created,Only the _time field is included,The command returns an error,A,The default is 'All fields are included in the JSON object if a list is not specified.'
2413,Internal Commands,What can you NOT use to specify the field order in the JSON object created by makejson?,The sort command by itself,The eval command by itself,The rename command by itself,The table or fields command,D,"The Usage section states, 'You cannot use the table or fields command to specify the field order in the JSON object that gets created.'"
2414,Internal Commands,"In the makejson syntax, what can be used within field names in the wc-field-list?",A regular expression,A pipe character,A wild card character,"Only commas, no special characters",C,'You can use a wild card character in the field names.'
2415,Internal Commands,"Which search creates a JSON object called ""data"" from all available fields?","| makeresults count=5 | table owner, error | makejson output=data","| makeresults count=5 | eval owner=""vladimir"", error=random()%3 | makejson output=data","| makeresults count=5 | eval owner=""vladimir"", error=random()%3 | makejson * output=data","| makeresults count=5 | eval owner=""vladimir"" | makejson fields=* output=data",B,"Example 1 uses '| makeresults count=5 | eval owner=""vladimir"", error=random()%3 | makejson output=data' to build a JSON object from all available fields since no field list is given."
2416,Internal Commands,"When a search runs 'makejson _time, owner output=data' on events that also have an error field, which field is excluded from the JSON object?",error,_time,owner,data,A,'The error field is not included in the JSON object' because only _time and owner were specified.
2417,Internal Commands,"Which field naming pattern selects fields ending in ""_owner"" in a makejson field list such as 'makejson _time, <pattern> output=""json-object""'?",%_owner%,_owner*,owner_*,*_owner,D,"The example search uses 'makejson _time, *_owner output=""json-object""' to select fields ending in _owner."
2418,Internal Commands,"A search runs 'makejson threat_expiry, threat_name, threat_campaign, threat_confidence output=description'. In which field is the resulting JSON object placed?",threat_info,description,data,json-object,B,"The example uses 'makejson threat_expiry, threat_name, threat_campaign, threat_confidence output=description' to place the JSON object into the description field."
2419,Internal Commands,"Which command extracts values from JSON data, complementing makejson which builds JSON objects?",dump,spath,collapse,mcatalog,B,The See also section for makejson lists 'Related commands spath.'
2420,Internal Commands,What does the mcatalog command perform aggregations on?,The values in the index and source fields,The values in the _time and _raw fields,The values in the metric_name and dimension fields in metric indexes,The values in the sourcetype and host fields in event indexes,C,'The mcatalog command performs aggregations on the values in the metric_name and dimension fields in the metric indexes.'
2421,Internal Commands,What does the values(<field>) function return in mcatalog?,A single random value from the specified field,"All distinct values of the field, as a multivalue entry",The count of unique values in the specified field,The sum of numeric values in the specified field,B,Values(<field>) 'Returns the list of all distinct values of the specified field as a multivalue entry.'
2422,Internal Commands,In what order does mcatalog return the values from the values(<field>) function?,Reverse chronological order,Lexicographical order,Numerical order,Alphabetical order by field name,B,'The order of the values is lexicographical.'
2423,Internal Commands,The append argument of mcatalog is valid only when which other argument is set to true?,compress,GROUPBY,prestats,force,C,Append is 'Valid only when prestats=true.'
2424,Internal Commands,What is the default value of the prestats argument for mcatalog?,raw,1,true,false,D,The prestats argument's default as false.
2425,Internal Commands,Which commands are designed to accept the prestats format output by mcatalog?,"chart, stats, or timechart","table, fields, or eval","dump, collapse, or noop","redistribute, prjob, or tstats",A,"'you can pipe the data into the chart, stats, or timechart commands, which are designed to accept the prestats format.'"
2426,Internal Commands,What type of directives does the mcatalog logical-expression NOT support?,CASE or TERM directives,Time modifiers,Comparison operators,Search modifiers,A,The logical-expression 'Does not support CASE or TERM directives.'
2427,Internal Commands,Which field is not allowed with the mcatalog command?,metric_name,_values,dimension,index,B,"The Usage section states, 'The _values field is not allowed with this command.'"
2428,Internal Commands,What capability does a role need to use the mcatalog command?,search_metrics,admin_all_objects,list_metrics_catalog,run_dump,C,"'If your role does not have the list_metrics_catalog capability, you cannot use mcatalog.'"
2429,Internal Commands,"If you do not specify an index name in the WHERE clause and you have no default metrics indexes associated with your role, what does mcatalog return?",Results from the _internal index,Results from all metrics indexes,An error message,No results,D,"'If you do not specify an index name and you have no default metrics indexes associated with your role, mcatalog returns no results.'"
2430,Internal Commands,How can you search against all metrics indexes with mcatalog?,WHERE index=*,WHERE index=all,WHERE index=default,append=true,A,'To search against all metrics indexes use WHERE index=*.'
2431,Internal Commands,"When strings are sorted lexicographically, how are the numbers 10, 9, 70, and 100 ordered?","9, 70, 10, 100","9, 10, 70, 100","10, 100, 70, 9","100, 70, 10, 9",C,"The example: 'the numbers 10, 9, 70, 100 are sorted lexicographically as 10, 100, 70, 9.'"
2432,Internal Commands,Does the mcatalog command allow grouping by time ranges?,The mcatalog command allows grouping by time ranges using the span argument value,The mcatalog command requires a span-length argument for all searches,The mcatalog command doesn't allow time-range grouping; there is no span-length,The mcatalog command only supports grouping by hourly time ranges,C,'The mcatalog command does not allow grouping by time ranges. The span-length argument is not included in its syntax.'
2433,Internal Commands,What is the noop command primarily used for?,Adding comments to the search string for readers,Debugging searches and troubleshooting optimization,Creating JSON objects out of all of your search results,Exporting your search results to a file on local disk,B,Noop 'is an internal command that you can use to debug your search. It includes several arguments that you can use to troubleshoot search optimization issues.'
2434,Internal Commands,Can you use the noop command to add comments to a search?,"Yes, but only when search_optimization=false","Yes, noop is the primary method for adding comments","Yes, but only in real-time searches","No, you cannot use noop to add comments to a search",D,'You cannot use the noop command to add comments to a search.'
2435,Internal Commands,How many required arguments does the noop command have?,One,None,Three,Two,B,'Required arguments None' for the noop command.
2436,Internal Commands,"For the noop command, what is the default value for the search_optimization.<optimization_type> argument?",false,true,auto,1,B,The default for search_optimization.<optimization_type> as true.
2437,Internal Commands,What does the remote_log_fetch argument of noop override?,The winningRate setting in limits.conf,The fetch_remote_search_log setting in limits.conf,The maxFileSize setting in log-searchprocess.cfg,The default_metric_index setting,B,"Remote_log_fetch 'overrides the fetch_remote_search_log setting in the limits.conf file, which is turned off by default for all searches.'"
2438,Internal Commands,What is the default value of the sample_ratio argument for noop?,0,10,1,25,C,The sample_ratio argument's default as 1.
2439,Internal Commands,The sample_ratio argument requires which command to be the generating command of the search?,stats,search,tstats,mcatalog,B,'The sample_ratio argument requires that search be the generating command of the search to which you are applying noop.'
2440,Internal Commands,"For the noop command, what is the default lifetime of an ad hoc search job before the set_ttl argument is applied?",1 hour,10 minutes,30 minutes,24 hours,B,'The default lifetime of an ad hoc search is 10 minutes.'
2441,Internal Commands,"What is the default value of the search_optimization argument for noop, which controls all optimizations?",1,auto,false,true,D,The default for search_optimization as true.
2442,Internal Commands,"For the noop command, which search_optimization.<optimization_type> argument is turned off by default?",search_optimization.replace_stats_cmds_with_tstats,search_optimization.eval_merge.expression_reduction,search_optimization.predicate_push.filter_pushdown_rules,search_optimization.projection_elimination,A,The replace_stats_cmds_with_tstats optimization type 'is turned off by default.'
2443,Internal Commands,Which of the following is a valid log level value for the log_<level> argument of noop?,trace,critical,verbose,warn,D,"Valid log levels as 'debug, info, warn, and error, and fatal.'"
2444,Internal Commands,What happens if you submit an appender name to noop with incorrect case-formatting?,The noop parser sends an error message,The command defaults to the searchprocessAppender,The search runs but logs a warning only,Splunk silently ignores the case difference,A,The noop parser 'is case-sensitive. It sends an error message if you submit an appender name with incorrect case-formatting.'
2445,Internal Commands,Which of the following is NOT one of the attributes that can be changed for a given appender using noop?,maxFileSize,maxLogLevel,ConversionPattern,maxBackupIndex,B,The changeable attributes as 'maxFileSize | maxBackupIndex | ConversionPattern | maxMessageSize'; maxLogLevel is not one of them.
2446,Internal Commands,"What must the values you supply for maxFileSize, maxBackupIndex, and maxMessageSize be, relative to the values currently set in log-searchprocess.cfg?",Higher than the current values,Lower than the current values,Equal to the current values,Exactly double the current values,A,The values you provide 'must be higher than the values that are currently set for those attributes in the log-searchprocess.cfg file.'
2447,Internal Commands,How does the noop command's log_<level> argument affect the order of operations relative to other search commands?,The noop command must always be the first command for log_<level> to take effect,"Log level changes once noop is parsed, possibly before other commands, wherever it sits","The log level change only takes effect on the next search that is run, not the current one",The log level only applies to commands that appear after noop in the search string,B,"'The Splunk platform changes the log level after it parses the noop command. It can do this before the search head parses arguments from other search commands, even if it comes after those commands in the search string.'"
2448,Internal Commands,Where should the noop command be placed in a search string to ensure it is part of the streaming pipeline?,As the last command in the search string,Immediately before the timechart command,Before the first non-streaming command,Immediately after the stats command runs,C,"'Place the noop command before the first non-streaming command in the search string. An easy way to do this is to put it after the first command in the search string, which is usually search.'"
2449,Internal Commands,"For the noop command, when [search_optimization] is set to enabled=false in limits.conf, what does the search processor assume about individual optimization type settings?",It checks each optimization type setting individually,It ignores the noop command entirely,It assumes all optimization types are set to enabled=false,It defaults each optimization type to enabled=true,C,"'if the [search_optimization] stanza is set to enabled = false, the search processor does not check the settings for other optimization types. It assumes all of the optimization types are set to enabled=false.'"
2450,Internal Commands,"To what does a change to the maxFileSize and maxBackupIndex attributes of the searchprocessAppender, made with noop, apply?",Only searches run within the next 24 hours,All future searches run by that user,The entire Splunk deployment permanently,"That particular search only, for its lifetime",D,'These changes are applied for the lifetime of that particular search. They are not saved or applied to other searches.'
2451,Internal Commands,What does the prjob command do?,Places redistribute before the first non-streaming command to reduce runtime,Permanently deletes a running search job from the dispatch directory,Exports the complete results of a parallel reduce search to disk,Converts a running real-time search into a saved ad hoc search,A,Prjob 'analyzes the specified SPL search and attempts to reduce the search runtime by automatically placing a redistribute command in front of the first non-streaming SPL command.'
2452,Internal Commands,What is the required argument for the prjob command?,basefilename,subsearch,num_of_reducers,by-clause,B,"Subsearch as the required argument, describing it as 'the search string that the prjob command attempts to process in parallel.'"
2453,Internal Commands,When should you use prjob instead of redistribute?,When you need to search virtual indexes instead,When you want an easier parallel reduce setup,When you want to disable all search optimizations,When your search does not contain any non-streaming commands,B,'Use the prjob command instead of the redistribute command when you want to run a parallel reduce job without determining where to insert the redistribute command or managing the by-clause field.'
2454,Internal Commands,Where in a search must the prjob command be used?,Only as the last command of the search,Anywhere after the first non-streaming command,Immediately before the stats command,Only as the first command of the search,D,'The prjob command may be used only as the first command of a search.'
2455,Internal Commands,Which limits.conf stanza must have enabled=true to use the prjob command?,[search_optimization::pr_job_extractor],[search_optimization],[search_optimization::projection_elimination],[prjob_reducer_settings],A,You must 'set enabled to true in the [search_optimization::pr_job_extractor] stanza of the limits.conf configuration file.'
2456,Internal Commands,What happens if you attempt to use prjob and redistribute in the same search?,Both commands run sequentially without conflict,The search automatically converts to real-time mode,You may not use prjob and redistribute in the same search,The redistribute command takes precedence and prjob is ignored,C,'you may not use the prjob and the redistribute command within the same search.'
2457,Internal Commands,"Which of the following commands, when it appears in a search, allows prjob to reduce the search's runtime?",eventstats,mvcombine,fillnull,convert,A,"Eventstats among the non-streaming commands (stats, tstats, streamstats, eventstats, sistats, sichart, sitimechart, transaction) that prjob reduces the runtime of."
2458,Internal Commands,Into which search is '| prjob [search index=myindex | stats count by host]' transformed?,search index=myindex | redistribute | stats count by host,search index=myindex | stats count by host | redistribute,search index=myindex | prjob num_of_reducers=4 | stats count by host,search index=myindex | redistribute by host | stats count by host,A,This exact transformation: 'search index=myindex | redistribute | stats count by host.'
2459,Internal Commands,What does the redistribute command implement?,A method for creating JSON objects from several search fields,A caching layer for repeated searches,A method for exporting search results to chunk files,Parallel reduce processing to shorten runtime for supported commands,D,'The redistribute command implements parallel reduce search processing to shorten the search runtime of a set of supported SPL commands.'
2460,Internal Commands,How many times can you use the redistribute command in a single search?,"Up to four times, matching maxReducersPerPhase",As many times as there are non-streaming commands,Only once,Up to two times,C,'You can use the redistribute command only once in a search.'
2461,Internal Commands,What environment does the redistribute command require?,A single-instance Splunk deployment,An environment with virtual indexes enabled,A distributed environment with indexers as reducers,A Splunk Cloud Platform environment exclusively,C,'The redistribute command requires a distributed search environment where indexers have been configured to operate as intermediate reducers.'
2462,Internal Commands,How many required arguments does the redistribute command have?,One,None,Two,Three,B,'Required arguments None' for the redistribute command.
2463,Internal Commands,"For the redistribute command, if the num_of_reducers argument is not changed from default settings, what is the default number of intermediate reducers?","50 percent of your indexer pool, with a maximum of 4 indexers","25 percent of your indexer pool, with a maximum of 10 indexers",A fixed value of 10 indexers,100 percent of your indexer pool,A,"'by default the Splunk software sets num_of_reducers to 50 percent of your indexer pool, with a maximum of 4 indexers.'"
2464,Internal Commands,Can you use a wildcard character to specify multiple fields with similar names in the redistribute by-clause?,"Yes, but only when num_of_reducers is unset","Yes, wildcards are fully supported in the by-clause","No, you must specify each field separately","Yes, but only for numeric fields",C,'You cannot use a wildcard character to specify multiple fields with similar names. You must specify each field separately.'
2465,Internal Commands,What kind of map-reduce process does redistribute create by inserting an intermediary reduce phase?,A two-phase reduce-map process,A three-phase map-reduce-reduce process,A single-phase reduce process,A four-phase map-map-reduce-reduce process,B,"'The redistribute command inserts an intermediary reduce phase to the map-reduce process, making it a three-phase map-reduce-reduce process.'"
2466,Internal Commands,"For Splunk Cloud Platform, when should you use the redistribute command?",Only when the indexers are at maximum load levels,Only after disabling all search optimizations in place,Only during scheduled maintenance windows for the site,Only when indexers have a low to medium average load,D,"'If you use Splunk Cloud Platform, use redistribute only when your indexers are operating with a low to medium average load.'"
2467,Internal Commands,Which of the following commands does the redistribute command support?,rename,sichart,append,collect,B,"Sichart among the supported nonstreaming commands: stats, tstats, streamstats, eventstats, sichart, sitimechart."
2468,Internal Commands,Under what condition does the redistribute command support the transaction command?,Only in real-time searches,When the by-clause has multiple fields matching the transaction field-list,When the transaction command is operating on only one field,When the transaction command has no field-list specified,C,"Redistribute 'also supports the transaction command, when the transaction command is operating on only one field.'"
2469,Internal Commands,What type of command is redistribute?,A generating (event-producing) command,A stateless streaming command,A reporting command,An orchestrating (search-control) command,D,"'The redistribute command is an orchestrating command, which means that it controls how a search runs.'"
2470,Internal Commands,"If no by-clause fields are specified for redistribute, how does the search processor decide how to partition the data?",It partitions data randomly across all reducers,It picks the field(s) that best fit the following commands,It defaults to partitioning by the _time field,It refuses to run the search until a by-clause is specified,B,"'If you do not specify any by-clause fields, the search processor uses the field or fields that work best with the commands that follow the redistribute command in the search string.'"
2471,Internal Commands,"If you add 7 of your indexers to the reducers list in limits.conf for redistribute, what happens to the winningRate setting?",The winningRate setting is automatically doubled,The winningRate setting becomes a required one,The winningRate setting overrides the reducers list,The winningRate setting ceases to be applied,D,"'If you decide to add 7 of your indexers to the reducers list, the winningRate setting ceases to be applied, and the num_of_reducers argument defaults to 4 indexers.'"
2472,Internal Commands,"For the redistribute command, what is the default value of the maxReducersPerPhase setting in limits.conf?",10,50,4,1,C,The settings table lists the default value for maxReducersPerPhase as 4.
2473,Internal Commands,"What is the best practice if you plan to use the redistribute command, given that it ignores all data on the search head?",Run redistribute only on the search head,Disable the search head entirely,Forward all search head data to the indexer layer,Increase the search head's memory allocation,C,"'If you plan to use the redistribute command, the best practice is to forward all search head data to the indexer layer.'"
2474,Internal Commands,What does the Splunk platform automatically insert into a redistribute search if it detects an order-sensitive command such as streamstats?,sort,table,dedup,eval,A,"'it automatically inserts sort into the search as it processes it,' referring to order-sensitive commands like streamstats."
2475,Internal Commands,Does the redistribute command support searches of virtual indexes?,"Yes, but only when num_of_reducers=1","Yes, redistribute fully supports virtual index searches","No, redistribute does not support virtual index searches","Yes, but only for unified searches with short time ranges",C,'The redistribute command does not support searches of virtual indexes.'
2476,Internal Commands,"In '... | redistribute by source | eventstats count by source, host | where count > 10 | stats count by userid, host', why is the final stats portion processed on the search head rather than the intermediate reducers?",The eventstats command disables further reducer processing,The where command already consumed all reducer resources,Its split-by fields aren't a superset of the redistributed-by field,The stats command is not a supported command for redistribute,C,"'The stats portion of the search...is processed on the search head because its split-by fields are not a superset of the set of fields that the events have been redistributed by. In other words, the stats split-by fields do not include source.'"
2477,Internal Commands,What does the runshellscript command do?,Executes scripted alerts for Enterprise deployments,Performs aggregations on metric index values,Exports search results to chunk files on disk,Creates a JSON object from search results,A,"'For Splunk Enterprise deployments, executes scripted alerts.'"
2478,Internal Commands,Where must the script file used by runshellscript be located?,$SPLUNK_HOME/bin/scriptsonly/deprecated/legacy/folder/archive/old,$SPLUNK_HOME/etc/system/bin/scripts or etc/apps/<app>/bin/scripts,$SPLUNK_HOME/var/run/splunk/dispatch/scripts/tmp/cache,$SPLUNK_HOME/etc/system/local/scripts/custom/extra,B,'The script file needs to be located in either $SPLUNK_HOME/etc/system/bin/scripts OR $SPLUNK_HOME/etc/apps/<app-name>/bin/scripts.'
2479,Internal Commands,"In the argument list that runshellscript passes to a script, what does the $4 argument represent?",The description or trigger reason,The name of the saved search,The fully qualified search string,The result count,B,Argument table lists '$4 The name of the saved search.'
2480,Search in the CLI,"Which CLI command do you use to run real-time searches, as distinct from historical searches?",rtsearch,search,search-fields,search-commands,A,You can run historical searches using the search command and real-time searches using the rtsearch command.
2481,Search in the CLI,"In the Splunk CLI help system, which object returns a list of search commands you can use from the CLI?",search-modifiers,search-fields,rtsearch,search-commands,D,The table lists search-commands as the object that returns a list of search commands you can use from the CLI.
2482,Search in the CLI,"In the argument list that runshellscript passes to a script, what does the $8 argument represent?",The app name for the search,A deprecated empty string argument,The link to saved search results,The search ID,D,"The table states $8 is the search ID, which the runshellscript command validates for existence and permission."
2483,Search in the CLI,"By default, what time range does the CLI use when you run a search without specifying a time parameter?",Real time,Last 24 hours,All Time,Last 7 days,C,"By default, a search run from the CLI uses All Time as the time range."
2484,Search in the CLI,"By default, how many events are returned when you run a historical search using the CLI, before adjusting with the maxout parameter?",1000,50,100,10,C,"The first 100 events are returned when you run a historical search using the CLI, and the maxout parameter changes this."
2485,Search in the CLI,You are running a Splunk CLI search on a Windows machine. How should you enclose your search object?,In double quotes,In square brackets,In single quotes,In curly braces,A,"On Windows OS you use double quotes to enclose your search object, whereas single quotes are used otherwise."
2486,Search in the CLI,Where should you specify CLI search parameters like -earliest_time or -maxout within your search command?,Immediately after the search object's first pipe,"Anywhere, order does not matter","At the end, after all commands and command arguments","At the very beginning, before the search object",C,"You to specify search parameters at the end of your search, after you have specified all of the commands and command arguments."
2487,Search in the CLI,Which value would correctly represent a positive Boolean value for a CLI search parameter?,t,f,0,no,A,"Boolean parameters support 1, true, t, yes as positives and 0, false, f, no as negatives."
2488,Search in the CLI,What does setting the detach parameter to true do when running a CLI search?,"Cancels the search job immediately after it runs, discarding results","Runs the search asynchronously, showing the job ID and TTL",Enables automatic line wrapping for lines exceeding the terminal width,Displays a header row identifying each column in the tabular output,B,Detach as triggering an asynchronous search and displaying the job ID and TTL for the search.
2489,Search in the CLI,How does the earliest_time parameter's requirement differ between the search and rtsearch commands?,It is required for search but optional for rtsearch,It is optional for both search and rtsearch,It is required for both search and rtsearch,It is optional for search but required for rtsearch,D,Earliest_time 'is optional for search and required for rtsearch.'
2490,Search in the CLI,What happens if you run rtsearch without specifying the latest_time parameter?,The search runs using the default mgmtHostPort value,The search runs but excludes future events,The search defaults to All Time instead,The real-time search will not run,D,"For rtsearch, latest_time is a required parameter and the real-time search will not run if it's not specified."
2491,Search in the CLI,"What is the default value of the maxout parameter for the rtsearch command, compared to the search command?",0 for both rtsearch and search,100 for both rtsearch and search,0 for rtsearch versus 100 for search,100 for rtsearch versus 0 for search,C,"Maxout defaults as 'search, 100' and 'rtsearch, 0.'"
2492,Search in the CLI,"If you do not specify the uri parameter, what value does the CLI search use by default?",The first server listed in the search head cluster's config,The value defined for the default input stanza in inputs.conf,"The value localhost:8089, hardcoded for every installation",The mgmtHostPort value in the Splunk server's web.conf,D,The default uri value is the mgmtHostPort value that you defined in the Splunk server's web.conf.
2493,Search in the CLI,"What does the wrap parameter control in a CLI search, and what is its default?",Whether the header row is displayed; defaults to T,Whether the search runs asynchronously; defaults to F,Whether lines longer than the terminal width are wrapped; defaults to T,Whether search results are previewed as they are calculated; defaults to T,C,"Wrap as indicating whether to line wrap for individual lines longer than the terminal width, with a default of T."
2494,Search in the CLI,Which CLI command would retrieve web access errors and detach the search so it runs asynchronously?,./splunk search 'eventtype=webaccess error' -preview true,./splunk search 'eventtype=webaccess error' -background true,./splunk search 'eventtype=webaccess error' -detach true,./splunk rtsearch 'eventtype=webaccess error' -latest_time now,C,Example 2 in ./splunk search 'eventtype=webaccess error' -detach true to retrieve web access errors and detach the search.
2495,Search in the CLI,How does the table command differ from the fields command with respect to preview output?,"The table command generally requires all inputs before it can emit non-preview output, unlike the fields command",Both commands require all inputs before emitting any output,Neither command supports the preview flag,"The fields command requires all inputs before it can emit non-preview output, unlike the table command",A,"The table command, unlike the fields command, generally requires all inputs before it can emit any non-preview output."
2496,Introduction,What does the search `index=web | stats count by status` return?,A single row with the total number of events in the index,"All events, with a count field added to each one of them","The ten most common status values, with percentages","One row per distinct status value, with its event count",D,stats count by status groups events by the status field and returns one row per distinct value with its event count.
2497,Introduction,What is the key difference between the stats and eventstats commands?,"eventstats works only on numeric fields, while stats can also aggregate text and multivalue fields","stats runs on the search head, while eventstats runs on the indexers in parallel","stats requires a BY clause, while eventstats does not allow one at all","eventstats adds the aggregate to every original event, while stats returns summary rows",D,stats transforms events into a table of aggregated rows; eventstats keeps every original event and adds the calculated statistic as a new field on each.
2498,Introduction,"In the time modifier earliest=-24h@h, what does the @h portion do?",Rounds the time to the nearest full hour,Adds one hour to the earliest offset,Restricts the search to the host field,Snaps back to the start of the hour,D,The @ symbol snaps to a time unit; @h snaps down to the start of the hour after the -24h offset is applied.
2499,Introduction,"In a base search, what does the term status=4* match?",Events where status is literally the two characters 4*,Events where the value of status begins with 4,Events where status is a single digit 4,Events where status contains 4 anywhere in its value,B,"The asterisk is a wildcard that matches any characters, so status=4* matches values that begin with 4, such as 404 or 4xx."
2500,Introduction,Which command extracts fields from event text using a regular expression with named capture groups?,regex,rename,rex,replace,C,"rex extracts fields using named capture groups, such as rex ""user=(?<user>\w+)""; regex only filters events."
